id,name,installed_capacity_MW,pumping_MW,type,country_code,lat,lon,dam_height_m,volume_Mm3,storage_capacity_MWh,avg_annual_generation_GWh,pypsa_id,GEO,WRI
H1,Grande Dixence - Cleuson-Dixence (chandolin-fionnay-nendaz-bieudron),2069,,HDAM,CH,46.0731,7.4034,1748,400,1764300,1400,,45218,WRI1004074
H10,Chiotas entracque,1064,1184,HPHS,IT,44.1775758,7.4165053,130,30.18,16860,,831,45432,WRI1002882
H100,S.massenza - Vezzano molveno UP_S MASS CL_1,377,55,HPHS,IT,46.067653,10.983605,580.9,32.7,44800,,251,,
H1000,Lugo di nazza Lugo Di Nazza Hydroelectric Power Station France - Lugo Di Nazza Hydroelectric Power Station France,38.50318471,,HDAM,FR,42.091,9.316,,,,,3125,39764,
H1001,Pracomune,42,35.6,HPHS,IT,46.5478079,11.0070771,377,,,,3234,,
H1002,Lipovec Lipovec Hydroelectric Power Plant Slovakia - Lipovec Hydroelectric Power Plant Slovakia,38.4,,HROR,SK,49.13197,18.9114,,,,,1815,42645,
H1003,Sučany Sucany Hydroelectric Power Plant Slovakia - Sucany Hydroelectric Power Plant Slovakia,38.4,,HROR,SK,49.10656,18.99204,,,,,1827,42647,
H1004,Feldkirchen,38.2,,HROR,DE,47.96092,12.1561,,,,204,2151,,
H1005,BARRIOS DE LUNA 1 (MORA LUNA),38,,HDAM,ES,42.466999,-5.883,300.3,308,252000,,,,
H1007,"Garsten st, ulrich",38,,HROR,AT,48.018488,14.411714,,,,,395,,
H1008,Mavcice HE Mavcice 1 - Mavcice Hydroelectric Power Plant Slovenia,38,,HDAM,SI,46.18387,14.40805,40,1.68,,62,1772,44875,
H1009,Granfors,40,,HDAM,SE,64.1833333,20.3833333,,,,,2839,,
H101,Tajo encantada TJE1,360,420,HPHS,ES,36.908265,-4.763865,341,4,1000,,216,,
H1010,Ala,38,,HROR,IT,45.758995,11.000182,,,,,3250,,
H1011,Campo,38,,HROR,IT,46.221592,9.449839,,,,,3327,,
H1012,Cividate,38,,HROR,IT,45.942493,10.277462,,,,178,3363,,
H1013,Marlengo,38,,HROR,IT,46.65261772,11.14545822,,,,,3574,,
H1014,Regoledo,38,,HROR,IT,46.135091,9.551643,,,,,3720,,
H1015,Deanie,38,,HROR,UK,57.382,-4.881,,,,92,,,
H1018,PENADRADA 1,38,,HDAM,ES,42.854,-6.459,,,,,,,
H1019,Kierikki,38,,HROR,FI,65.372222,25.840278,18.2,,,,,,
H102,Polyfyto POLYFYTO - Polyfyto  Hydroelectric Power Plant Greece,375,,HDAM,EL,40.3305,22.1253,105,1220,342000,584,2966,42797,
H1020,Arcesti,38,,HDAM,RO,44.449583,24.312917,31,43.4,,122,,,
H1021,Calimanesti,38,,HDAM,RO,45.074583,24.364583,29,44.3,,106,,,
H1022,Ionesti,38,,HDAM,RO,44.857917,24.24625,34,24.9,,125,,,
H1023,Zavideni,38,,HDAM,RO,44.774583,24.27125,30,500,,120,,,
H1024,Wyhlen,37.9,,HROR,DE,47.5523554,7.6580881,,,,,2726,,
H1025,Argentiere bessee Argentiere-La Bessee Hydroelectric Power Station France - Argentiere-La Bessee Hydroelectric Power Station France,37.51592357,,HDAM,FR,44.783,6.548,,,,,3011,39767,
H1026,Grono,37.5,,HROR,CH,46.242012,9.153520004,,,,,2194,,
H1027,Qarrishta 1,37.5,,HROR,AL,41.21956111,20.30383333,,,,148,,,
H1028,Talarn Talarn Hydroelectric Power Plant Spain - Talarn Hydroelectric Power Plant Spain,37.36,,HDAM,ES,42.17969,0.91314,,,,,1790,43826,
H1029,Manosque voix Manosque-Voix Hydroelectric Power Station France - Manosque-Voix Hydroelectric Power Station France,37.18405084,,HROR,FR,43.877,5.863,,,,,3128,39709,
H103,PSHPP_BELMEKEN_1 - Belmeken Pumped Storage Hydroelectric Power Plant Bulgaria,375,104,HPHS,BG,42.198002,23.862,640,42.72397094,640,321,,,
H1031,ENTREPENAS 1,37,,HDAM,ES,40.493,-2.75,343.7,835,,,,,
H1032,Weyer,37,,HROR,AT,48.14650327,14.1176033,,,,,576,,
H1033,Sikfors,40,,HDAM,SE,65.525764,21.183168,,,,,2875,,
H1034,Skedvi,38,,HDAM,SE,60.398171,15.808669,,,,,2877,,
H1035,Babeni,37,,HDAM,RO,44.920417,24.250417,33,59.7,,120,,,
H1036,Daesti,37,,HDAM,RO,45.17875,24.369583,29,11.2,,107,,,
H1037,Egets Egets Hydroelectric Power Station France - Egets Hydroelectric Power Station France,36.82484076,,HDAM,FR,42.955,0.565,,,,,3068,39774,
H1038,HE Rijeka,36.8,,HROR,HR,45.33499908,14.45199966,,,,99.98,,,
H1039,Rheinau,36.8,,HROR,CH,47.63891024,8.601661178,,,,,2516,,
H104,Miranda,369,,HROR,PT,41.4886,-6.2656,60,,,897.8,2954,43537,
H1040,Nußdorf,48,,HROR,DE,47.74444,12.1348886,,,,245,5637,,
H1042,Grangent Grangent Hydroelectric Power Station France - Grangent Hydroelectric Power Station France,36.52866242,,HDAM,FR,45.467,4.248,,,,,3086,39798,
H1044,Sveta Peka Hydroelectric Power Plant Macedonia - Sveta Peka Hydroelectric Power Plant Macedonia,36.4,,HDAM,MK,41.9249,21.2647,64,9.775,,,,44849,
H1045,Campo moro,37,37,HPHS,IT,46.2695803,9.8720987,133,68,21441,33,3232,,
H1047,Hintermuhr,104,86,HPHS,AT,47.79940564,13.04399014,,15,,,2223,,
H1048,Lovons Krv,37,,HDAM,SE,63.829583,15.642083,16,495,,142,,,
H1049,Grytfors,37,,HDAM,SE,65.295466,19.11352,,,,,2840,,
H105,Monteynard MONTEYNARD - Monteyard-Avigonnet Hydroelectric Power Station France,366,,HDAM,FR,44.96118,5.68874,153,275,77900,495,1659,39790,
H1050,Caneva,36,,HROR,IT,45.9688889,12.4497222,,,,,3329,,
H1051,Sampeyre,36,,HROR,IT,44.579631,7.184521,,,,,3755,,
H1052,Uvac Hydroelectric Power Plant Serbia - Uvac Hydroelectric Power Plant Serbia,36,,HDAM,RS,43.4224,19.9295,,213,,,,44128,
H1053,Moriston Cascade CEAN-1,36,,HROR,UK,57.155998,-4.936,,,,153,,,
H1054,St léonard St-Leonard Hydroelectric Power Plant Switzerland - St-Leonard Hydroelectric Power Plant Switzerland,36,,HDAM,CH,46.26058771,7.44474053,,,,,1766,45466,
H1055,Porttipahta,36,,HDAM,FI,68.10875,26.722083,38,1353,,101,,,
H1056,Kreuzbergmaut Kreuzbergmaut Hydroelectric Power Plant Austria - Kreuzbergmaut Hydroelectric Power Plant Austria,35.7,,HROR,AT,47.441364,13.210862,,,,,165,45574,
H1057,Letten,36,36,HPHS,SE,60.712207,12.667535,16,163.4,72120,65,2859,,
H1058,Rengard,36,,HDAM,SE,64.933513,20.046481,,,,,2873,,
H1059,Aletsch,35.3,,HROR,CH,46.35397488,8.042760235,,,,,3950,,
H106,HE Bajina Basta G1 - Bajina Basta Hydroelectric Power Plant Serbia,364,,HDAM,RS,43.964001,19.41,90,218,30000,,,44121,
H1060,Rosenheim,35.1,,HROR,DE,47.83825,12.15333,,,,,2532,,
H1063,Sveg Sveg Hydroelectric Power Plant Sweden - Sveg Hydroelectric Power Plant Sweden,35.54140127,,HDAM,SE,62.01812,14.2453105,,,,,2748,45671,
H1064,Vargön,35.3,,HDAM,SE,58.355556,12.374444,20,9500,,158,824,,
H1065,Tanzmühle,35,,HPHS,DE,49.552216,12.281256,,,,,3241,,
H1066,Brossasco,35,,HROR,IT,44.568632,7.361724,,,,,3312,,
H1068,Augst,35,,HROR,CH,47.53676241,7.709688481,,,,,1991,,
H1069,RIBADELAGO 2,35,,HDAM,ES,42.123001,-6.755,,,,,,,
H107,ORLIK - Orlik Hydroelectric Power Plant Czech Republic,364,,HDAM,CZ,49.606998,14.182,91,716.5,,300,,42362,
H1070,Enchanet Enchanet Hydroelectric Power Station France - Enchanet Hydroelectric Power Station France,35,,HDAM,FR,45.082,2.194,,93,,66,3070,39742,
H1071,Ilanz stufe tavanasa,34.5,,HROR,CH,46.77476376,9.195225579,,,,,2235,,
H1072,Linthal,34.4,,HDAM,CH,46.91551045,8.987901562,,,,,5259,,
H1073,Vrhovo HE Vrhovo 1 - Vrhovo Hydroelectric Power Plant Slovenia,34.2,,HDAM,SI,46.04415,15.22365,27,1.16,,116,1796,44881,
H1076,Rosenau,34,,HROR,AT,47.992886,14.376871,,,,,520,,
H1077,Arsie',34,,HROR,IT,45.983007,11.758295,,,,,3264,,
H1078,Luichart,34,,HDAM,UK,57.775002,-4.955,16,62,,135,,,
H1079,Tummel Bridge TUMB-1,34,,HROR,UK,56.673,-4.147,,,,142,,,
H108,Aguayo,360.6,360,HPHS,ES,43.095804,-4.000656,328,,3700,,205,,
H1081,"QUERENO GR, 1",34,,HDAM,ES,42.417,-6.832,,,,,,,
H1082,Obermatt,33.92,,HROR,CH,46.8425235,8.372585756,,,,,2426,,
H1083,Bistrica I,22.5,,HDAM,AL,39.9511,20.09778,23,0.58,,100,,,
H1084,Le furcil,33.408,,HROR,CH,47.03731052,6.752899473,,,,,5230,,
H1085,Pallazuit,33.4,,HDAM,CH,45.98108849,7.189492432,,,,,2443,,
H1086,Göschenen andermatt,33.26,,HDAM,CH,46.66736286,8.585314102,,,,,2189,,
H1087,SAN JUAN 1,33,,HDAM,ES,40.373001,-4.312,276.6,138,104000,,,,
H1088,Arnstein-KW,33,,HDAM,AT,47.049999,15.194,,,,,301,,
H109,Aigle AIGLE 6 - L'Aigle Hydroelectric Generating Station France,360,,HDAM,FR,45.24373,2.22483,92,220,,,1911,3929,
H1091,Ernen ERNE UNIT 3,33,,HROR,CH,46.39116874,8.13015041,,,,,239,,
H1092,SANTA MARINA 1,33,,HDAM,ES,42.668999,-6.512,,,,,,,
H1094,Boštanj HE Bostanj 1 - Bostanj Hydroelectric Power Plant Slovenia,32.52,,HROR,SI,46.01704,15.28121,,,,109,1736,44879,
H1095,"St, johann St, Johann Hydroelectric Power Plant Austria - St, Johann Hydroelectric Power Plant Austria",32.5,,HROR,AT,47.338685,13.197147,,,,,160,45571,
H1096,Urreiting Urreiting Hydroelectric Power Plant Austria - Urreiting Hydroelectric Power Plant Austria,32.5,,HROR,AT,47.374752,13.210196,,,,,187,45572,
H1097,Peltokoski,32.3,,HROR,FI,60.14982,23.83376,,,,,5735,,
H1098,Vinon Vinon Hydroelectric Power Station France - Vinon Hydroelectric Power Station France,32.08598726,,HDAM,FR,43.725,5.827,,,,,3226,39822,
H11,HE Derdap 1 G1 - Djerdap-1 (Iron Gate I) Hydroelectric Power Station Serbia,1083,,HDAM,RS,44.668999,22.527,60,2100,343350,5650,,44111,WRI1020277
H110,Piva_G1 - Piva (Mratinje) Hydroelectric Power Plant Montenegro,360,,HDAM,ME,43.272999,18.841999,190,790,,860,,42686,
H1101,Bischofshofen Bischofshofen Hydroelectric Power Plant Austria - Bischofshofen Hydroelectric Power Plant Austria,32,,HROR,AT,47.4069,13.220614,,,,,147,45573,
H1102,Werfen pfarrwerfen Werfen-Pfarrwerfen Hydroelectric Power Plant Austria - Werfen-Pfarrwerfen Hydroelectric Power Plant Austria,32,,HROR,AT,47.472081,13.193148,,,,,204,45575,
H1103,Spjutmo,35,,HDAM,SE,61.083948,14.318083,,,,,2880,,
H1104,Montelungo,32,,HROR,IT,41.405919,13.985517,,,,,3603,,
H1105,Pelos,32,,HROR,IT,46.5041667,12.4736111,,,,,3672,,
H1106,Quero,32,,HROR,IT,45.921807,11.9315,,,,,3713,,
H1107,Teglia I Salto,24,,HROR,IT,44.375151,9.878882,150.5,0.125,44,,3816,,
H1108,Kraftwerk Zirknitz,32,,HDAM,AT,47.009998,13.01,,,,,,,
H1109,Langkampfen-M1,32,,HDAM,AT,47.560001,12.139,,,,,,,
H111,Häusling Haeusling-KW - Haeusling Pumped Storage Power Plant Austria,360,,HPHS,AT,47.146432,11.967219,186,86.7,244300,175.2,17,45046,
H1110,Tabescan,32,,HDAM,ES,42.646,1.26,,,,,,,
H1111,Solkan HE Solkan 1 - Solkan Hydroelectric Poqwer Plant Slovenia,31.98,,HROR,SI,45.98441,13.65506,,,,,1786,44874,
H1113,Allement Allement Hydroelectric Power Station France - Allement Hydroelectric Power Station France,31.59235669,,HDAM,FR,46.112,5.422,,,,,3010,39694,
H1114,Hričov Hricov Hydroelectric Power Plant Slovakia - Hricov Hydroelectric Power Plant Slovakia,31.5,,HROR,SK,49.25737,18.68102,,,,,1809,42649,
H1115,Nassfeld,31.5,,HPHS,AT,47.05,13.05,,,,,2409,,
H1116,Laforsen,32,,HROR,SE,61.937373,15.521949,,,,,2856,,
H1117,Upm schwedt,31.3,,HROR,DE,50.8009765,13.2101955,,,,,6349,,
H1118,Beli Iskar + Mala Tsarkva + Simeonovo HPP,31.3,,HDAM,BG,42.1373,23.5691,1160,15.1,,69.3,,,
H112,Ffestiniog Ffestiniog Pumped Storage Power Station Wales UK - Ffestiniog Pumped Storage Power Station Wales UK,360,360,HPHS,UK,52.980785,-3.968708,320,1.7,1730,,24,3173,
H1122,Karsefors,31.4,,HDAM,SE,56.501729,13.11362,,,,,802,,
H1123,"Vizzola t,",31,,HROR,IT,45.6317,8.6865,,,,,3881,,
H1124,Montbovon,31,,HROR,CH,46.48795246,7.048316905,,,,,2392,,
H1125,Remsach,30.9,,HDAM,AT,47.1333333,13.1333333,,,,,2514,,
H1126,Sault brenaz Sault Brenaz Hydroelectric Power Station France - Sault Brenaz Hydroelectric Power Station France,30.42331432,,HROR,FR,45.846,5.418,,,,,3185,39695,
H1127,Oo Hydroelectric Power Station France - Oo Hydroelectric Power Station France,30,,HDAM,FR,42.804,0.56,15,19.5,,,,39765,
H1131,Krippau,30,,HROR,AT,47.703511,14.689298,,,,,435,,
H1132,Schönau,30,,HROR,AT,47.775426,14.650605,,,,,534,,
H1133,Sädvajaur sädva,31,,HDAM,SE,66.467003,16.549485,31,605,,118,2874,,
H1134,Bolognano,30,,HROR,IT,42.218136,13.960105,,,,,3306,,
H1135,Chavonne,30,,HROR,IT,45.701758,7.2079,,,,,3354,,
H1136,Farneta,30,,HROR,IT,44.352857,10.625599,,,,,3406,,
H1137,Ponte marm,30,,HROR,IT,46.376886,8.425713,,,,,3698,,
H1138,Stazzona,30,,HROR,IT,46.203898,10.133854,,,,,3794,,
H1139,Krippau-KW,30,,HDAM,AT,47.682999,14.7,,,,,,,
H114,Villarodin VILLARODIN 1 - Villarodin Hydroelectric Power Station France,357,,HDAM,FR,45.21466,6.71208,120,333,689900,660,1705,39817,
H1140,Pec Mlini Hydroelectric Power Plant Bosnia and Herzegovina - Pec Mlini Hydroelectric Power Plant Bosnia and Herzegovina,30,,HDAM,BA,43.3375,17.3261,,0.8,,,,44808,
H1141,Jajce II Hidroelektrana Bosnia and Herzegovin - Jajce II Hidroelektrana Bosnia and Herzegovin,30,,HDAM,BA,44.4279,17.2404,,1.3,,,,44813,
H1142,HE Doblar 1 - Doblar I Hydroelectric Poqwer Plant Slovenia,30,,HDAM,SI,46.119999,13.69,,3.6,,,,44868,
H1146,Chanrion,30,,HROR,CH,45.99977203,7.350620833,,,,,2083,,
H1147,Les clées,30,,HROR,CH,46.73112688,6.444992521,,,,,236,,
H1148,Kuusankoski hydropower plant,30,,HROR,FI,60.868056,26.70416,,,,195,,,
H1149,Voikkaa hydropower plant,30,,HROR,FI,60.868056,26.70416,,,,,,,
H115,Mayrhofen-KW - Mayrhofen Storage Power Plant Austria,355,,HDAM,AT,47.158171,11.850272,744,6.6,7400,671.2,79,45044,
H1150,Costeshti Stinka / Stanca,30,,HDAM,RO,47.84125,27.225417,43,1290,,65,,,
H1152,Beaumont Beaumont Hydroelectric Power Station France - Beaumont Hydroelectric Power Station France,29.74724067,,HROR,FR,43.735,5.753,,,,,3023,39824,
H1153,Saut mortier Saut Mortier Hydroelectric Power Station France - Saut Mortier Hydroelectric Power Station France,29.74724067,,HROR,FR,46.372,5.642,,,,,3186,39795,
H1154,Marcillac - barrage la Valette,30,,HDAM,FR,45.215,2.038,230,31,,70,3129,39751,
H1155,Val beynette Val Beynette Hydroelectric Power Station France - Val Beynette Hydroelectric Power Station France,29.61783439,,HDAM,FR,45.416,2.372,,,,,3215,39750,
H1158,Chatillon,29,,HROR,IT,45.751663,7.617507,,,,,3353,,
H1159,Chievo,29,,HROR,IT,45.45,10.9333333,,,,,3357,,
H116,DONZERE MONDRAGON - Bollene Hydroelectric Power Station France,345,,HROR,FR,44.304001,4.742,26.7,,,2032,1859,39757,
H1160,Hone,29,,HROR,IT,45.613561,7.738513,,,,,3492,,
H1161,Stanga,29,,HROR,IT,46.1111111,12.1002778,,,,,3793,,
H1162,SOBRON 1,29,,HDAM,ES,42.820999,-3.157,,,,,,,
H1163,Galbeni,29,,HDAM,RO,46.457917,26.952083,24,38.8,,75,,,
H1164,Schaffhausen,28.9,,HROR,CH,47.69312439,8.63042746,,,,,2565,,
H1166,Auzerette Auzerette Hydroelectric Power Station France - Auzerette Hydroelectric Power Station France,28.63057325,,HDAM,FR,45.365,2.646,,,,,3013,39740,
H1167,Obervermunt Hydroelectric Power Plant Austria - Obervermunt Hydroelectric Power Plant Austria,30,,HDAM,AT,46.927448,10.0536,291,2.969230769,,,3144,45208,
H1168,Bannwil,28.5,,HROR,CH,47.22937261,7.732298272,,,,,1999,,
H1169,Albbruck dogern,28.4,,HROR,DE,47.58581763,8.132939485,8.75,,,190,3938,,
H1170,Lot Lot Hydroelectric Power Station France - Lot Hydroelectric Power Station France,28.23566879,,HDAM,FR,44.663,2.664,,,,,3223,39731,
H1171,Wiestal,28.22,,HDAM,AT,47.79940564,13.04399014,,,,,2720,,
H1172,Niederenbach,28.2,,HDAM,CH,46.9957287,9.087131055,,,,,2574,,
H1173,Mokrice,28.05,,HROR,SI,45.87102,15.67196,,,,131,5464,,
H1175,Lavamünd Lavamuend-KW - Lavamuend Hydroelectric Power Plant Austria,28,,HROR,AT,46.643429,14.937028,,,,,168,45192,
H1176,Casteldelf,28,,HDAM,IT,44.58963,7.069818,,,,,3342,,
H1177,Vobarno,28,,HDAM,IT,45.640087,10.503473,,,,,3882,,
H1178,Kraftwerksgruppe pfreimd,28,,HROR,DE,49.55226,12.28127,,,,,5178,,
H1179,Lavamuend-KW - Lavamuend Hydroelectric Power Plant Austria,28,,HDAM,AT,46.644001,14.938,,,,,,,
H1180,Spanchevo HPP,28,,HDAM,BG,41.56265,23.56559,438,0.04,,,,,
H1185,Dernier,28,,HDAM,CH,46.70209956,6.349937545,,,,,2110,,
H1186,ZUJAR,28,,HDAM,ES,38.917,-5.479,,,,,,,
H1188,Kiskore hungary Kiskore Hydroelectric Power Plant Hungary - Kiskore Hydroelectric Power Plant Hungary,28,,HDAM,HU,47.493163,20.514556,6.25,228.6,,,3101,42675,
H1189,Moux charmines Moux Charmines Hydroelectric Power Station France - Moux Charmines Hydroelectric Power Station France,27.6433121,,HDAM,FR,46.277,5.554,,,,,3138,39701,
H119,Turlough hill Turlough Hill Unit 1 - Turlough Hill (Tomaneena) Pumped Storage Hydroelectric Power Plant Ireland,292,292,HPHS,IE,53.0280556,-6.3930556,,2.3,1800,,833,43943,
H1190,Wettingen dotieranlage,27.45,,HROR,CH,47.45672815,8.32116358,,,,,2719,,
H1192,Licq atherey Licq-Atherey Hydroelectric Power Station France - Licq-Atherey Hydroelectric Power Station France,27.05095541,,HDAM,FR,43.048,-0.886,,,,,3118,39804,
H1193,Kamyk republic Kamyk Hydroelectric Power Plant Czech Republic - Kamyk Hydroelectric Power Plant Czech Republic,27.04294606,,HROR,CZ,49.633,14.2468,24,12.8,,,3097,42365,
H1194,Funsingau-KW - Funsingau Hydroelectric Power Plant Austria,25,,HDAM,AT,47.235001,12.058,117.9,50.7,84500,27,157,45197,
H1197,Bodendorf paal,27,,HDAM,AT,47.107717,14.065156,,,,,318,,
H1198,Parteboda,30,,HROR,SE,62.517539,15.691329,,,,,2869,,
H1199,Aufkirchen,27,,HROR,DE,48.3066864,11.858847,,,,,1989,,
H12,Goldisthal PSW Goldisthal PSS A - Goldisthal Pumped Storage Power Plant Germany,1060,1060,HPHS,DE,50.50975864,11.02087498,302,12,8050,,1540,44336,WRI1005702
H1200,Klippen,27,,HDAM,SE,56.123701,13.11603,65,357,,100,2851,,
H1201,Cencenighe,27,,HROR,IT,46.343118,11.973394,,,,,3349,,
H1202,Suviana,27,,HDAM,IT,44.170457,11.088812,,,,,3803,,
H1203,Robbia,27,,HDAM,CH,46.34826422,10.06109217,,,,,2527,46286,
H1204,REGUEIRO (MAO) 1,27,,HDAM,ES,42.342999,-7.475,,,,,,,
H1205,Kaltimo,27,,HROR,FI,62.807917,30.179583,30,2000,,14,,,
H1206,Kurkiaska,27,,HROR,FI,67.4167,26.6,,,,83.1,,,
H1207,Siuronkoski,26.56,,HROR,DE,49.29579526,10.67152366,,,,,6149,,
H1208,Neuägeri gmde menzingen,0.34,,HROR,CH,47.15283645,8.563010026,,,,,5597,,
H1209,Orsières,26.4,,HROR,CH,46.02109359,7.142307646,,,,,2438,,
H121,Bitsch,340,,HDAM,CH,46.33364617,8.00759904,750,9.2,16300,563.5,2023,,
H1210,Beauvoir Beauvoir Hydroelectric Power Station France - Beauvoir Hydroelectric Power Station France,26.36687241,,HROR,FR,45.121,5.319,,,,,3024,39791,
H1211,Dobšiná I-II,26.32,,HPHS,SK,48.80591,20.38578,,,,,1854,,
H1212,Dravograd HE Dravograd 1 - Dravograd Hydroelectric Poqwer Plant Slovenia,26.19,,HROR,SI,46.58558,15.01881,,,,142,1744,44858,
H1216,Altenmarkt,26,,HROR,AT,46.7666667,15.55,,,,,296,,
H1217,Öjeforsen,27,,HDAM,SE,62.486721,16.067976,,,,,2868,,
H1218,Asele,27,,HDAM,SE,64.098361,17.306503,,,,,790,,
H1219,Eitting,26,,HROR,DE,48.3585905,11.8821921,,,,,2125,,
H122,Aguieira - G1 - Aguieira Hydroelectric Power Plant Brazil,336,270,HPHS,PT,40.340285,-8.196778,71.6,304,39200,209,2889,43566,
H1220,Ewz,26,,HROR,CH,46.70408174,9.464068527,,,,,2590,,
H1221,Neubrigg,26,,HROR,CH,46.39618146,8.134244927,,,,,2415,,
H1222,Rabiusa realta,26,,HROR,CH,46.76491138,9.417903085,,,,,2508,,
H1224,Corenno,26,,HROR,IT,46.075987,9.304638,,,,,3371,,
H1225,Predazzo,26,,HROR,IT,46.308814,11.599686,,,,,3709,,
H1226,Neuötting,26,,HROR,DE,48.2497,12.6911116,,,,159,5598,,
H1227,Pernegg-KW,26,,HDAM,AT,47.362,15.338,,,,,,,
H123,Raul Mare (Retezat) Hydroelectric Power Station Romania - Raul Mare (Retezat) Hydroelectric Power Station Romania,335,,HDAM,RO,45.3391,22.7213,168,220,,650,,40983,
H1232,Tiefencastel west,26,,HROR,CH,46.66440166,9.562703474,,,,,2639,,
H1233,Slatina,26,,HDAM,RO,44.407917,24.354583,26,19.2,,82,,,
H1234,Santa Luzia,25.9,,HDAM,PT,40.5,-7.51,76,50.5,34200,54,,,
H1235,"Nové mesto Nove Mesto n,V, Hydroelectric Power Plant Slovakia - Nove Mesto n,V, Hydroelectric Power Plant Slovakia",25.7,,HROR,SK,48.77245,17.85146,,,,,1823,42655,
H1236,Beznau,25.7,,HROR,CH,47.55780513,8.23714123,,,,,2015,,
H1237,Koronowo Koronowo Hydroelectric Power Plant Poland - Koronowo Hydroelectric Power Plant Poland,26,,HDAM,PL,53.2753,17.9527,,,,,3106,42479,
H1238,Horná streda Horna Streda Hydroelectric Power Plant Slovakia - Horna Streda Hydroelectric Power Plant Slovakia,25.5,,HROR,SK,48.66046,17.85503,,,,,1808,42656,
H1239,Kostolná Kostolna Hydroelectric Power Plant Slovakia - Kostolna Hydroelectric Power Plant Slovakia,25.5,,HROR,SK,48.86096,17.96874,,,,,1812,42654,
H124,Pournari,334,,HDAM,EL,39.1845,21.0255,87,730,50000,540,2967,42799,
H1240,Dabbsjö,26,,HDAM,SE,64.607742,15.465791,45,337,,97,795,,
H1241,LA SERENA,25,,HDAM,ES,38.912998,-5.413,125,3219,421000,,,,
H1245,Kellerberg Kellerberg-KW - Kellersberg Hydroelectric Power Plant Austria,25,,HROR,AT,46.669879,13.725482,,,,,162,45185,
H1246,Villach Villach-KW - Villach Hydroelectric Power Plant Austria,25,,HROR,AT,46.632859,13.829237,,,,,189,45184,
H1247,Landl,25,,HROR,AT,47.651131,14.750286,,,,,438,,
H1248,Mühlrading,25,,HROR,AT,48.131686,14.473996,,,,,477,,
H1249,Bösdornau Boesdornau-KW - Boesdornau Hydroelectric Power Plant Austria,25,,HDAM,AT,47.15192,11.833298,,,,,1735,45194,
H125,Juktan,26,,HDAM,SE,65.29,17.22,275,,,,2849,,
H1250,Medvode HE Medvode 1 - Medvode Hydroelectric Poqwer Plant Slovenia,25,,HDAM,SI,46.14578,14.41438,30,7,,77,1773,44878,
H1251,Gars,25,,HROR,DE,48.15395,12.31107,,,,,2176,,
H1252,Geisling,25,,HROR,DE,48.974806,12.344002,,,,,2177,,
H1253,Broc,25,,HROR,CH,46.60985762,7.109306753,,,,,2049,,
H1254,Teufelsbruck,25,,HROR,DE,48.05736,12.22093,,,,,2635,,
H1255,Uppenborn,25,,HROR,DE,48.473474,11.95481,,,,,2666,,
H1256,Juktans Storjuktan- Dammen,26,,HDAM,SE,65.292975,17.2233,22,577,,,801,,
H1257,Barcis,25,,HROR,IT,46.1597222,12.6594444,,,,,3281,,
H1258,Gallicano,25,,HROR,IT,44.057349,10.4452,,,,,3436,,
H1259,Lappago,29.84,,HDAM,IT,46.890931,11.860181,591,14.46,20260,,3529,,
H126,Trängslet Trangslet G1 - Trängslet Hydroelectric Power Plant Sweden,330,,HDAM,SE,61.381645,13.731379,125,880,,670,1508,44342,
H1260,Penna,25,,HROR,IT,43.417645,11.723338,,,,,3673,,
H1261,Prati vizze,25,,HROR,IT,46.85,11.3833333,,,,,3708,,
H1262,Kellerberg-KW - Kellersberg Hydroelectric Power Plant Austria,25,,HDAM,AT,46.669998,13.725,,,,,,,
H1263,Villach-KW - Villach Hydroelectric Power Plant Austria,25,,HDAM,AT,46.632,13.829,,,,,,,
H1264,Inverawe INAW-1 ,25,,HROR,UK,56.408001,-5.112,,10,,106,,,
H1265,Shkopet,24,,HDAM,AL,41.692083,19.832917,35.6,140,,94,,,
H1268,Lostallo,25,,HROR,CH,46.32195766,9.209030788,,,,,2347,,
H1269,KAVO Koivukoski III,25,,HROR,FI,64.2267,27.7356,,,,,,,
H127,Vietas Vietas G1 - Vietas Hydroelectric Power Station Sweden,330,,HDAM,SE,67.493432,18.353512,83,5900,,1010,12,46242,
H1270,Kokkosniva,25,,HROR,FI,66.91193,26.265552,,,,79,,,
H1271,Mankala,25,,HROR,FI,60.91714,26.182494,,,,,,,
H1272,Varosa,25,,HDAM,PT,41.07,-7.46,,12.9,,60,,,
H1273,Russein,24.87,,HROR,CH,46.72028184,8.898568347,,,,,2543,,
H1274,Krpeľany Kreplany Hydroelectric Power Plant Slovakia - Kreplany Hydroelectric Power Plant Slovakia,24.75,,HROR,SK,49.12796,19.0955,,,,,1814,42648,
H1275,Eygliers Eygliers Hydroelectric Power Station France - Eygliers Hydroelectric Power Station France,24.68152866,,HDAM,FR,44.672,6.65,,,,,3073,39771,
H1276,Hautefage Hautefage Hydroelectric Power Station France - Hautefage Hydroelectric Power Station France,24.68152866,,HDAM,FR,45.06,1.994,,,,,3089,39748,
H1277,Cernaleve 1/2,24.4,,HROR,AL,42.02941667,20.55555278,,,,111.34,,,
H1279,Bele 1/2,16,,HROR,AL,42.06903611,20.46006667,,,,108.53,,,
H1280,Oresheke,24.26,,HROR,AL,42.02874167,20.53076389,,,,108.5,,,
H1281,Kalin + Kamenitsa + Pastra + Rila HPP,24.2,,HDAM,BG,42.07,23.13,1800,2.2,,,,,
H1282,Wasserburg,24.1,,HROR,DE,48.05699,12.22074,,,,,2714,,
H1283,Miljacka - Maljacka Hydroelectric Power Plant Croatia Croatia,24,,HROR,HR,44.001999,16.018999,,,,,,44838,
H1284,Paternion Paternion-KW - Paternion Hydroelectric Power Plant Austria,24,,HROR,AT,46.720841,13.645572,,,,,170,45183,
H1285,Detzem,24,,HROR,DE,49.810941,6.843882,,,,,2114,,
H1286,Dießbach,24,,HDAM,AT,47.5166667,12.8333333,,,,,2117,,
H1287,Vittjärv Vittjarv Hydroelectric Power Station Sweden - Vittjarv Hydroelectric Power Station Sweden,25.14110477,,HDAM,SE,65.8460275,21.5538235,,,,,780,42914,
H1288,Agordo,24,,HROR,IT,46.2855556,12.0375,,,,,3247,,
H1289,Cavilla,24,,HDAM,IT,45.919705,11.730896,,,,,3348,,
H129,Altenwörth Altenwoerth-KW - Altenwoerth Hydroelectric Power Plant Austria,328,,HROR,AT,48.374728,15.855343,37,,,1967,33,45055,
H1290,Triano,24,,HROR,IT,42.360941,14.138007,,,,,3832,,
H1291,Paternion-KW - Paternion Hydroelectric Power Plant Austria,24,,HDAM,AT,46.721001,13.645,,,,,,,
H1292,Cunovo Hydroelectric Power Plant Slovakia - Cunovo Hydroelectric Power Plant Slovakia,24,,HROR,SK,48.02987,17.2254,,,,,,42641,
H1293,Grudie Bridge GRUB-1,24,,HROR,UK,57.775002,-4.955,,,,87,,,
H1294,Shin SHIN-1,24,,HROR,UK,57.944,-4.417,,,,125,,,
H1298,Peuffeyre,24,,HROR,CH,46.26598336,7.061717565,,,,,2459,,
H1299,Raiva Raiva - Raiva Hydroelectric Power Plant Portugal,24,,HDAM,PT,40.3095,-8.2488,34,12,,44.9,3168,43578,
H13,Markersbach PSW Markersbach PSS A - Markersbach Pumped Storage Power Plant Germany,1045.2,1050,HPHS,DE,50.51938,12.87976,285,6.3,3989,,1545,44337,WRI1005937
H130,Edison VENINA (UP_ALTOADDA_1),146,,HDAM,IT,46.160365,9.936609,719,0.11,187,276,271,,
H1300,Myllykosken vesivoimalaitos VVA2,24,,HROR,FI,60.868056,26.70416,,,,15,,,
H1301,Chaudanne Chaudanne Hydroelectric Power Station France - Chaudanne Hydroelectric Power Station France,23.99044586,,HDAM,FR,43.848,6.544,,,,,3052,39705,
H1302,Turtmann,23.9,,HDAM,CH,46.29540226,7.685998364,33,0.78,,,2659,,
H1303,Hagneck,23.87,,HROR,CH,47.05962457,7.178008446,,,,,4941,,
H1304,Bergheim,23.7,,HROR,DE,48.750807,11.273237,,,,,2011,,
H1305,Wald,23.5,,HDAM,AT,47.9044444,13.0263889,,,,,2710,,
H1307,Flumenthal,23.4,,HROR,CH,47.22910691,7.589951686,,,,,2161,,
H1308,Monthey vièze,23.4,,HROR,CH,46.24926021,6.947207053,,,,,2688,,
H1309,Vila Cova,23.4,,HROR,PT,40.22,-7.43,,,,64,,,
H131,Ricobayo RICOBA II1 - Ricobayo Hydroelectric Power Plant Spain,326.57,,HDAM,ES,41.5260254,-5.9845018,302.9,1145,,,173,44134,
H1310,Vohburg,23.3,,HROR,DE,48.778103,11.60119,,,,,2705,,
H1311,Stammham,23.2,,HROR,DE,48.24932,12.86469,,,,,2604,,
H1313,Bardonecchia,23,,HDAM,IT,45.078338,6.703201,,,,,3282,,
H1314,Calice,23,,HROR,IT,46.11650217,8.293132782,,,,,3323,,
H1315,Pian della rocca,23,,HROR,IT,43.978948,10.545703,,,,,3678,,
H1316,Salisano,23,,HROR,IT,42.259328,12.745778,,,,,3751,,
H1317,Volturno,23,,HROR,IT,41.625824,14.089016,,,,,3884,,
H1318,Zuino,23,,HROR,IT,45.712165,7.882814,,,,,3891,,
H1319,Landl-KW,23,,HDAM,AT,47.660999,14.73,,,,,,,
H132,MEQUINENZA,324,,HDAM,ES,41.368999,0.274,81,1533.8,265000,593,,,
H1321,Ruppoldingen,23,,HROR,CH,47.31229156,7.877702174,,,,,2541,,
H1322,Racova,23,,HDAM,RO,46.695417,26.712917,20,8.66,,60,,,
H1323,Cize bolozon Cize Bolozon Hydroelectric Power Station France - Cize Bolozon Hydroelectric Power Station France,22.70700637,,HDAM,FR,46.211,5.465,,,,,3031,39699,
H1325,Stechovice-I Hydroelectric Power Plant Czech Republic - Stechovice-I Hydroelectric Power Plant Czech Republic,22.5,,HDAM,CZ,49.84625,14.42176,22.5,11.2,,,,42360,
H1326,Sklope Sklope - Sklope Hydroelectric Power Plant Croatia Croatia,22.5,,HROR,HR,44.6895,15.2706,,,,84.6,3195,44845,
H1327,Kokalyane HPP,22.4,,HDAM,BG,42.58398,23.42819,98.5,2.7,,,,,
H1328,Stara Zagora HPP,22.4,,HROR,BG,42.4452,25.6364,132,142.4,,62,,,
H1329,Pfrombach,22.3,,HROR,DE,48.44132,11.99233,,,,,2462,,
H133,Biasca,324,,HDAM,CH,46.33498852,8.982649599,92,4.6,,658,2018,,
H1331,Triouzoune Hydroelectric Power Station France - Triouzoune Hydroelectric Power Station France,22,,HDAM,FR,45.347,2.349,27,24,,,,39752,
H1332,Touvedo Touvedo - Touvedo Hydroelectric Power Plant Portugal,22,,HDAM,PT,41.8124,-8.354,42,4.5,200,66.8,3210,43571,
H1335,Fisching,22,,HROR,AT,47.1743,14.723143,,,,,386,,
H1336,Pernegg,22,,HROR,AT,47.365229,15.334486,,,,,494,,
H1337,Martigny bourg,22,,HROR,CH,46.08830987,7.059069767,,,,,2369,,
H1338,Halvfari,24,,HDAM,SE,62.41656,13.531137,,,,,2846,,
H1339,Alanno,22,,HROR,IT,42.295438,13.971105,,,,,3251,,
H134,Sainte Helene - La Coche,320,340,HPHS,FR,45.49667,6.51038,34,2.1,930,,1538,39819,
H1340,Muzzone Coghinas ,22,,HDAM,IT,40.719766,9.101024,50,223.9,,50.929,3365,,
H1341,Kokin Brod Hydroelectric Power Plant Serbia - Kokin Brod Hydroelectric Power Plant Serbia,22.7,,HDAM,RS,43.5189,19.8115,,250,,,,44126,
H1342,Seekraftwerk zervreila,22,,HDAM,CH,46.57894959,9.119315564,151,,,,1910,,
H1343,Lura 1/3,16.22,,HROR,AL,41.81460833,20.21796944,,,49.52,106.616528,,,
H1344,Orava Orava Hydroelectric Power Plant Slovakia - Orava Hydroelectric Power Plant Slovakia,21.75,,HROR,SK,49.37534,19.55849,,,,,1824,42652,
H1346,Tuilieres Tuilieres Hydroelectric Power Station France - Tuilieres Hydroelectric Power Station France,21.63435685,,HROR,FR,44.845,0.633,,,,,3212,39755,
H1347,Straubing,21.5,,HROR,DE,48.89659,12.55752,,,,,2612,,
H135,PSW Hohenwarte II PSS A,320,,HPHS,DE,50.615002,11.492,304,3,2027,,,,
H1350,Saint cassien Saint Cassien Hydroelectric Power Station France - Saint Cassien Hydroelectric Power Station France,21.42356688,,HDAM,FR,43.602,6.841,,,,,3046,39821,
H1351,Hällforsens,22,,HDAM,SE,64.58337,18.69227,,,,,2845,,
H1352,Pirin HPP,21.2,,HDAM,BG,41.5745,23.5626,456,0.06,,,,,
H1355,Näs Nas Hydroelectric Power Plant Sweden - Nas Hydroelectric Power Plant Sweden,21.34713376,,HDAM,SE,60.1749285,16.476273,,,,,778,46256,
H1356,Quincinetto,21,,HROR,IT,45.56296,7.807315,,,,,3714,,
H1357,Rio pusteria,21,,HROR,IT,46.8333333,11.6166667,,,,,3729,,
H1358,Fisching-KW,21,,HDAM,AT,47.18,14.764,,,,,,,
H1359,St Fillans SFIL-1,21,,HROR,UK,56.401001,-4.122,,,,75,,,
H136,Kastraki KASTRAKI - Kastraki Hydroelectric Power Plant Greece,320,,HDAM,EL,38.7415,21.3642,95.7,950,25000,930,2939,42793,
H1361,BELESII,21,,HDAM,ES,42.629002,-7.712,,,,,,,
H1362,HE Moste 1 - Moste Hydroelectric Power Plant Slovenia,21,,HDAM,SI,46.417,14.133,60,5.464,,56,2398,44877,
H1363,Leppikoski,21,,HROR,FI,64.33,27.8,,,,,,,
H1364,Vajukoski,21,,HROR,FI,67.691433,26.802883,,,,81,,,
H1365,Colibita,21,,HDAM,RO,47.165417,24.877917,92,75.22,,41,,,
H1366,Spina isola,20.9,,HDAM,CH,46.43113436,9.206999104,45,6.5,,,2599,,
H1367,Bürglen unterschächen,20.8,,HROR,CH,46.87652924,8.663371668,,,,,2054,,
H1368,Calancasca,20.8,,HROR,CH,46.23920795,9.118549621,,,,,4306,,
H1369,Lanau Lanau Hydroelectric Power Station France - Lanau Hydroelectric Power Station France,20.73248408,,HDAM,FR,44.891,3.003,,,,,3110,39744,
H137,Ritsem Ritsem G1 - Ritsem Hydro Power Station Sweden,304,,HDAM,SE,67.729796,17.48494,173,600,,491,8,46077,
H1370,Tresna Tresna Hydroelectric Power Plant Poland - Tresna Hydroelectric Power Plant Poland,21,,HDAM,PL,49.7473,19.2075,,,,,3211,42475,
H1371,Wernisberg,20.4,,HROR,CH,46.99621882,8.651244257,,,,,2715,,
H1372,Haminan höyrykattilalaitos,20.3,,HROR,DE,51.520132,14.337383,,,,,4944,,
H1373,Ponte de Jugais,20.3,,HROR,PT,40.23,-7.42,,,,57,,,
H1374,Brillanne & Brillanne I & II Hydroelectric Power Station France - Brillanne I & II Hydroelectric Power Station France,20.28220955,,HROR,FR,43.921,5.925,,,,,3037,39707,
H1375,Bittenbrunn,20.2,,HROR,DE,48.734459,11.14382,,,,,2024,,
H1376,Wynau,20.2,,HROR,CH,47.25625228,7.786083656,,,,,2727,,
H1380,Klaus,20,,HROR,AT,47.82845,14.157217,,,,,433,,
H1381,Lebring,20,,HROR,AT,46.857847,15.5373,,,,,444,,
H1382,Matfors,21,,HDAM,SE,62.291942,17.381985,,,,,808,,
H1383,Volgsjöfors,20,,HDAM,SE,64.307632,15.71261,,,,,826,,
H1384,Plave HE Plave - Plave II Hydroelectric Poqwer Plant Slovenia,20,,HROR,SI,46.05256,13.60608,,,,,1782,44872,
H1385,Hemfurth,20,,HDAM,DE,51.167139,9.046832,45,199.3,,,2214,,
H1386,Lehmen,20,,HROR,DE,50.274724,7.458957,,,,,2327,,
H1387,Bremgarten zufikon,20,,HROR,CH,47.34365443,8.345628025,,,,,2046,,
H1388,Wintrich,20,,HROR,DE,49.879784,6.948762,,,,,2722,,
H1389,Alfta,20,,HROR,SE,61.341075,16.006847,,,,,2827,,
H139,Sfikia SFIKIA - Sfikia Hydroelectric Power Plant Greece,315,315,HPHS,EL,40.3856573,22.2113777,81,18,1320,,2893,42802,
H1390,Battiggio,20,,HROR,IT,45.983974,8.146114,,,,72,3287,,
H1391,Chievolis,20,,HDAM,IT,46.3111111,12.7891667,,,,,3358,,
H1392,Farfa,20,,HROR,IT,42.208926,12.729178,,,,,3404,,
H1393,Goglio devero,20,,HROR,IT,46.260882,8.320213,,,,,3449,,
H1394,Malga ciapela,20,,HDAM,IT,46.43392,11.976792,,,,,3562,,
H1395,Nazzano,20,,HROR,IT,42.231126,12.596275,,,,,3616,,
H1396,Sagittario nuovo,20,,HROR,IT,41.99383,13.803905,,,,,3747,,
H1397,Sarentino,20,,HROR,IT,46.64352,11.355774,,,,,3758,,
H1398,Tirso,20,,HROR,IT,40.032651,8.896729,,,,,3819,,
H1399,Venamartello,20,,HROR,IT,42.769944,13.410185,,,,,3863,,
H14,Presenzano UP_PRESENZAN_1 - Presenzano (Domenico Cimarosa) Pumped Storage Power Plant Italy,1005,1029,HPHS,IT,41.380906,14.09146,495,6.23,15075,,18,45430,WRI1002929
H140,VISEGRAD - Visegrad Hydroelectric Power Plant Bosnia and Herzegovina,315,,HDAM,BA,43.759998,19.289,79.5,161,,1120,,44765,
H1400,Lebring-KW,20,,HDAM,AT,46.858002,15.538,,,,,,,
H1401,Aigas,20,,HROR,UK,57.382,-4.881,,,,60,,,
H1402,Ceannacroc,20,,HROR,UK,57.155998,-4.936,,,,87,,,
H1403,Invergarry,20,,HROR,UK,57.077999,-4.781,,,,78,,,
H1404,Kilmorack,20,,HROR,UK,57.382,-4.881,,,,58,,,
H1407,Luzzone,20,,HROR,CH,46.56525608,8.96078316,,,,,2357,,
H1408,DOMENO,20,,HDAM,ES,39.738998,-0.929,,,,,,,
H1409,LAS PICADAS 1,20,,HDAM,ES,40.333,-4.249,,,,,,,
H141,Puente Bibey,285,68,HPHS,ES,42.263793,-7.387519,361,,,,226,,
H1410,Ingolstadt,19.8,,HROR,DE,48.750317,11.412153,,,,,2236,,
H1411,Debe Debe Hydroelectric Power Plant Poland - Debe Hydroelectric Power Plant Poland,20,,HDAM,PL,52.4883,20.9236,,,,,3061,42471,
H1413,Perach,19.4,,HROR,DE,48.0261021,12.789632,,,,,2455,,
H1415,Prem,19.2,,HROR,DE,47.692726,10.797592,,,,,2485,,
H1416,Raven Hydroelectric Power Plant Macedonia - Raven Hydroelectric Power Plant Macedonia,19.2,,HROR,MK,41.7791,20.8563,,,,,,42709,
H1417,Cassarate franscinone,19.14,,HROR,CH,46.04799263,8.97466556,,,,,4362,,
H1418,Culligran,19.1,,HROR,UK,57.382,-4.881,60,3,,59,,,
H1419,Reichenau,19.06,,HROR,CH,46.83773371,9.447331014,,,,,2512,,
H1420,Monceaux La Virolle Hydroelectric Power Station France - Monceaux La Virolle Hydroelectric Power Station France,19,,HDAM,FR,45.576,1.84,32,20.5,,,,39753,
H1422,Gössendorf,19,,HROR,AT,46.997841,15.467519,,,,,651,,
H1423,Kalsdorf,19,,HROR,AT,46.944097,15.50363,,,,,663,,
H1424,Acceglio,19,,HROR,IT,44.474627,6.990918,,,,,3243,,
H1425,Moline,19,,HDAM,IT,46.058609,11.786595,,,,,3594,,
H1426,Pizzone,19,,HDAM,IT,41.672525,14.036415,,,,,3689,,
H1427,"S,silvestro",19,,HROR,IT,46.149311,11.789193,,,,,3770,,
H1428,Storo,19,,HROR,IT,45.84924956,10.58022022,,,,,3799,,
H1429,EDESSAIOS,19,,HROR,EL,40.804001,22.056684,,,,,,,
H143,Perucica Hydroelectric Power Plant Montenegro - Perucica Hydroelectric Power Plant Montenegro,307,,HROR,ME,42.6718,18.9951,,,,1300,,42687,
H1430,He Plave 1 - Plave I Hydroelectric Poqwer Plant Slovenia,19,,HDAM,SI,46.042,13.598,,0.96,,,,44870,
H1431,Kandergrund,19,,HROR,CH,46.5427474,7.6594866,,,,,2266,,
H1432,PEAREII,19,,HDAM,ES,42.465,-7.724,,,,,,,
H1433,Bertoldsheim,18.9,,HROR,DE,48.735932,11.020923,,,,,2014,,
H1434,Ladce,18.9,,HROR,SK,49.04976,18.29794,,,,,5201,,
H1435,Trier,18.8,,HROR,DE,49.728029,6.624451,,,,,2657,,
H1436,Parki,20,,HDAM,SE,66.830913,18.97472,28,460,,86,812,,
H1437,Spiez,18.66,,HROR,CH,46.69665104,7.664951472,,,,,2598,,
H1438,Mossford,18.6,,HROR,UK,57.6166,-4.76,,,,121,,,
H1439,Enkirch,18.4,,HROR,DE,49.97667,7.127777,,,,,2135,,
H144,Foyers falls Foyers FOYE-1 - Foyers Pumped Storage Power Station Scotland UK,305,300,HPHS,UK,57.2553615,-4.493152,,13.6,6300,226,25,3219,
H1440,Oelberg,18.3,,HDAM,CH,46.80170595,7.167340809,,,,,2360,,
H1441,Truel Truel Hydroelectric Power Station France - Truel Hydroelectric Power Station France,18.25398859,,HROR,FR,44.06,2.769,,,,,3164,39724,
H1442,Wallnerau salzachstufe Wallnerau-Salzachstufe-KW - Wallnerau Salzach Hydroelectric Power Plant Austria,18,,HROR,AT,47.3158445,13.1409435,,,,38.3,191,45560,
H1443,Laufnitzdorf,18,,HROR,AT,47.292402,15.323134,,,,,443,,
H1444,Erlenbach,18,,HROR,CH,46.65688216,7.548118912,,,,,2139,,
H1445,Yngeredsfors,18.8,,HDAM,SE,57.0531,12.778165,,,,,2888,,
H1446,Rosone - Bardonetto,18,,HROR,IT,45.422855,7.596213,,,,70,3283,,
H1447,Braulio,18,,HROR,IT,46.468407,10.372055,,,,,3309,,
H1448,"S,leonardo",18,,HROR,IT,46.1202778,13.5355556,,,,,3540,,
H1449,Levane,18,,HROR,IT,43.552147,11.588433,,,,,3541,,
H1450,Orte,18,,HROR,IT,42.517131,12.523069,,,,,3571,,
H1451,Perreres,18,,HDAM,IT,45.876066,7.624305,666,11,,,3675,,
H1452,Pontecorvo,18,,HROR,IT,41.382916,13.686911,,,,,3703,,
H1453,Rio riva,18,,HROR,IT,46.920333,11.954483,,,,,3730,,
H1454,Tanagro,18,,HROR,IT,40.543612,15.44886,,,,,3813,,
H1455,Orrin,18,,HDAM,UK,57.775002,-4.955,45,59.466,,80,,,
H1456,Quoich,18,,HROR,UK,57.155998,-4.936,,,,87,,,
H1459,Sanetsch,18,,HDAM,CH,46.37642613,7.277999853,42,2.6,,,2555,,
H1460,PORTO,18,,HDAM,ES,42.161999,-6.921,,,,,,,
H1461,Kuurna,18,,HROR,FI,60.291349,25.31687,,,,,,,
H1462,Lugasu,18,,HDAM,RO,47.059583,22.30375,29,65.4,,35,,,
H1463,Tileagd,18,,HDAM,RO,47.07875,22.207917,37,52.9,,35,,,
H1464,Altheim,17.8,,HROR,DE,51.536513,14.382898,,,,,1967,,
H1466,Dallenwil,17.75,,HROR,CH,46.91166368,8.393608875,,,,,2108,,
H1467,Turinge,18,,HDAM,SE,59.2,17.45,,,,,2885,,
H1473,Castel giubileo,17,,HROR,IT,41.89473846,12.48390198,,,,,3338,,
H1474,Castelletto,17,,HROR,IT,45.9694444,12.3588889,,,,,3343,,
H1475,Fenestrelle,17,,HROR,IT,45.03594,7.049409,,,,,3410,,
H1476,Kraftwerk Woella,17,,HROR,AT,46.875,13.138,,,,,,,
H1477,Kraftwerk Freibach,17,,HROR,AT,46.59,14.573,,,,,,,
H1478,Mellach und Kuehlwasserturbine-KW,17,,HROR,AT,46.910999,15.486,,,,,,,
H1479,Weinzoedl-KW,17,,HROR,AT,47.109001,15.392,,,,,,,
H1480,Keltti hydropower plant,17,,HROR,FI,60.875636,26.712925,,,,,,,
H1481,Tyrvään vesivoimalaitos,17,,HROR,FI,61.34537,22.905473,,,,,,,
H1482,Aarau stadt,16.93,,HROR,CH,47.39478173,8.035874583,,,,,3894,,
H1483,Kaufering,16.7,,HROR,DE,48.084026,10.864936,,,,,2273,,
H1484,Flasjön,17.38661001,,HDAM,SE,60.0833333,13.9833333,55,400,,64,2837,,
H1485,Dornau,16.6,,HROR,DE,47.8001993,10.9026434,,,,,2121,,
H1487,Dubnica Dubnica nad Vahom Hydroelectric Power Plant Slovakia - Dubnica nad Vahom Hydroelectric Power Plant Slovakia,16.5,,HROR,SK,48.96319,18.1451,,,,,1804,42662,
H1488,Klosters,16.5,,HDAM,CH,46.86101451,9.895574046,,,,,2295,,
H1489,Finlarig FINL-1,16.5,,HROR,UK,56.509998,-4.228,,,,71,,,
H149,Malgovert,297,,HDAM,FR,45.61787,6.79074,180,230,407100,,1653,39815,
H1490,Klosters Hydroelectric Power Plant Switzerland - Klosters Hydroelectric Power Plant Switzerland,16.5,,HROR,CH,46.861086,9.895629,,,,,,46296,
H1491,Fankel,16.4,,HROR,DE,50.123918,7.225915,,,,,2148,,
H1492,Müden,16.4,,HROR,DE,52.521937,10.360381,,,,,2400,,
H1493,Neef,16.4,,HROR,DE,50.087362,7.135809,,,,,2412,,
H1496,Lazer le Lazer (Le) Hydroelectric Power Station France - Lazer (Le) Hydroelectric Power Station France,16.28980892,,HDAM,FR,44.346,5.868,,,,,3115,39772,
H1497,Niederaichbach,16.2,,HROR,DE,48.6039132,12.3023425,,,,,2417,,
H1498,Trenčín Trencin Hydroelectric Power Plant Slovakia - Trencin Hydroelectric Power Plant Slovakia,16.1,,HROR,SK,48.90208,18.05579,,,,,1828,42653,
H1499,Zwingen obermatt,16.03,,HROR,CH,47.43649446,7.523992778,,,,,6508,,
H15,Roncovalgrande UP_RONCOVALG_1PS - Roncovalgrande Pumped Storage Power Plant Italy,1016,784,HPHS,IT,46.067588,8.731877,736.25,10,17700,,19,45431,WRI1002936
H150,Montelimar MONTELIMAR - Chateauneuf Du Rhone Hydroelectric Power Station France,285,,HROR,FR,44.59281,4.72593,19,,,,1928,,
H1502,"St, veit St, Veit-KW - St, Veit Hydroelectric Power Plant Austria",16,,HROR,AT,47.321488,13.174577,,,,67,188,45570,
H1503,Dionysen,16,,HROR,AT,47.4166667,15.2833333,,,,,363,,
H1504,Weinzödl,16,,HROR,AT,47.108388,15.392094,,,,,575,,
H1505,Graz puntigam,16,,HROR,AT,47.039749,15.442537,,,,,647,,
H1506,Heimbach,16,,HROR,DE,50.628568,6.451776,,,,,2212,,
H1507,Koblenz,16,,HROR,DE,50.365855,7.58171,,,,,2296,,
H1508,Ascoli porta romana,16,,HROR,IT,42.85482636,13.57489586,,,,,3265,,
H1509,Mallero,16,,HROR,IT,46.168995,9.869149,,,,,3563,,
H151,Chastang CHASTANG (LE) 1 - Chastang Hydroelectric Generating Station France,293,,HDAM,FR,45.15185,2.00985,85,187,,,1595,39746,
H1510,Zevio,16,,HROR,IT,45.372086,11.129292,,,,,3889,,
H1511,Kirchbichl-M1,16,,HDAM,AT,47.515999,12.088,,,,,,,
H1512,Laufnitzdorf-KW,16,,HDAM,AT,47.292,15.323,,,,,,,
H1513,"St, Veit-KW - St, Veit Hydroelectric Power Plant Austria",16,,HDAM,AT,47.321999,13.174,,,,,,,
H1514,Vranov,16,,HDAM,CZ,48.907917,15.817083,59,122.665,,,,,
H152,Greifenstein Greifenstein-KW - Greifenstein Hydroelectric Power Plant Austria,293,,HROR,AT,48.355951,16.241844,,,,1717,67,45056,
H1521,Lieksankoski,16,,HROR,FI,63.338769,30.031884,,,,76.3,,,
H1522,Hateg,16,,HDAM,RO,45.59125,22.95875,32,12.5,,21,,,
H1523,Alarcon Alarcon Hydroelectric Power Plant Spain - Alarcon Hydroelectric Power Plant Spain,15.89,,HDAM,ES,39.565,-2.113056,523.9,1118,,,140,45883,
H1524,Bisisthal,15.8,,HROR,CH,46.94662168,8.827997746,,,,,2022,,
H1525,Sernf,15.7,,HROR,CH,46.9957287,9.087131055,,,,,2575,,
H1526,Bullerforsen,16.69114561,,HDAM,SE,60.508889,15.436944,,,,,2833,,
H1527,Montcherand,15.5,,HROR,CH,46.72720572,6.513486623,,,,,2393,,
H1529,Morobbia,15.5,,HROR,CH,46.16806361,9.016899527,,,,,2397,,
H153,KUHTAI 1,292,242,HPHS,AT,47.208,11.006,,2.2,2700,,1841,,
H1531,Aarberg Aarberg Hydroelectric Power Plant Switzerland - Aarberg Hydroelectric Power Plant Switzerland,15.2,,HROR,CH,47.0378524,7.271927211,,,,,1731,45222,
H1532,BEMBEZAR,15,,HDAM,ES,37.903,-5.207,56.9,342,53000,,,,
H1533,GUADALMENA 1,15,,HDAM,ES,38.356998,-2.921,103,347,86000,,,,
H1541,Gralla,15,,HROR,AT,46.828285,15.566222,,,,,405,,
H1542,Ilava Ilava Hydroelectric Power Plant Slovakia - Ilava Hydroelectric Power Plant Slovakia,15,,HROR,SK,49.00567,18.23494,,,,,1810,42661,
H1543,Bigge,15,,HROR,DE,51.093173,7.86272,,,,,2019,,
H1544,Dingolfing,15,,HROR,DE,48.63404,12.48369,,,,,2119,,
H1545,Fätschbach,15,,HROR,CH,46.91551045,8.987901562,,,,,2149,,
H1546,Kubel,15,,HROR,CH,47.40190948,9.323640638,,,,,2308,,
H1547,Strubklamm,15,,HDAM,AT,47.79940564,13.04399014,,,,,2613,,
H1548,Skymnäs,15.6,,HDAM,SE,62.9166667,15.0166667,,,,,2878,,
H1549,Balsorano,15,,HROR,IT,41.809824,13.559802,,,,,3278,,
H1550,Corfino,15,,HROR,IT,44.13195,10.410998,,,,,3372,,
H1551,Grosotto Boscaccia,15.2,,HROR,IT,46.283001,10.259756,,,,,3463,,
H1552,Salsominore,15,,HROR,IT,44.643854,9.496569,,,,,3753,,
H1553,Torrent,14.49,,HROR,IT,45.682972,8.708733,,,,,3824,,
H1555,Livishie,15,,HROR,UK,57.155998,-4.936,,,,29,,,
H1556,Nant NANT-1,15,,HROR,UK,56.345001,-5.13,,,,36,,,
H1557,Pitlochry,15,,HROR,UK,56.699001,-4.408,,,,60,,,
H1558,Torr Achilty,15,,HDAM,UK,57.5851,-4.5397,,,,42,,,
H156,Aschach Aschach-KW - Aschach Hydroelectric Power Plant Austria,287,,HROR,AT,48.385414,14.0227,34,,,1686,40,45057,
H1561,Niederried Niederried-Radelfingen Hydroelectric Power Plant Switzerland - Niederried-Radelfingen Hydroelectric Power Plant Switzerland,15,,HROR,CH,47.00317218,7.241135671,,,,,1780,45223,
H1562,BEJO,15,,HDAM,ES,43.112,-4.441,,,,,,,
H1564,Pankakoski,15.3,,HROR,FI,63.323397,30.143619,,,,66.1,,,
H1565,Valcele,15,,HDAM,RO,44.982917,24.742083,35,54.8,,28,,,
H1566,Zigoneni,15,,HDAM,RO,45.082917,24.662917,29,13.3,,26,,,
H1567,Gummering,14.8,,HROR,DE,48.622456,12.398037,,,,,2199,,
H1568,Blybergs kraftverk,15,,HDAM,SE,61.146912,14.146147,,,,,2831,,
H1569,Unteraa melchaa,14.31,,HROR,CH,46.87706055,7.998592231,,,,,6346,,
H157,CORTES 1,284,,HDAM,ES,39.242199,-0.8782,,,,,,,
H1570,Unteropfingen,14.2,,HROR,DE,48.0612649,10.1284379,,,,,2665,,
H1571,Bannalp,14.1,,HDAM,CH,46.88030374,8.421259962,32,1.7,,,4103,,
H1572,Traryd,14.4,,HDAM,SE,56.584337,13.756098,,,,,822,,
H1576,Gabersdorf,14,,HROR,AT,46.785118,15.585557,,,,,393,,
H1577,Rabenstein,14,,HROR,AT,47.251148,15.31034,,,,,508,,
H1578,Landafors,14.08315411,,HDAM,SE,61.25,16.6333333,,,,,2857,,
H1579,Schwammenauel,14,,HROR,DE,50.628507,6.479111,,,,,2573,,
H1580,Melchsee frutt,14,,HDAM,CH,46.79964631,8.281452614,16,2.73,,,5375,,
H1581,Albano,14,,HROR,IT,46.131588,9.280837,,,,,3252,,
H1582,Gerosa,14,,HROR,IT,42.957348,13.412282,,,,,3442,,
H1583,Gordona,14.6,,HROR,IT,46.292293,9.365335,,,,45,3451,,
H1584,Gravedona,12.7,,HROR,IT,46.146389,9.300937,446.67,,,66,3454,,
H1585,Grigno,14,,HROR,IT,46.016007,11.636892,,,,,3461,,
H1586,Nembia,14,,HROR,IT,46.076602,10.908474,,,,,3622,,
H1587,Sanfront,14,,HROR,IT,44.647034,7.321022,,,,,3756,,
H1588,Sorio nuova,14,,HROR,IT,45.44213,12.34014,,,,,3787,,
H1589,Stalvedro aet,14,,HROR,CH,46.51741111,8.677666938,,,,,2603,,
H159,Bargi UP_BARGI_CEN_1,330,330,HPHS,IT,44.117039,11.04338,,,2640,,206,,
H1590,Kraftwerk Schuett,14,,HDAM,AT,46.570999,13.722,,,,,,,
H1591,Friesach-KW,14,,HDAM,AT,47.144001,15.33,,,,,,,
H1592,Gabersdorf-KW,14,,HDAM,AT,46.799999,15.559,,,,,,,
H1593,Gralla-KW,14,,HDAM,AT,46.837002,15.552,,,,,,,
H1594,Rabenstein-KW,14,,HDAM,AT,47.250999,15.31,,,,,,,
H1596,Motala,14,,HDAM,SE,58.560479,15.082435,25,170,,42,809,,
H1598,Arpasu,14,,HDAM,RO,45.79375,24.595417,20,7.35,,36,,,
H1599,Avrig,14,,HDAM,RO,45.745417,24.39125,23,10.8,,39,,,
H160,Mapragg - Gigerwald G1,280,159,HPHS,CH,46.948002,9.482,147,3.34,3080,,1844,,
H1600,Scoreiu,14,,HDAM,RO,45.77875,24.512917,22,5.2,,37,,,
H1601,Vistea,14,,HDAM,RO,45.80875,24.749583,20,4.25,,33,,,
H1602,Voila,14,,HDAM,RO,45.835417,24.860417,26,12.25,,29,,,
H1603,Rajan 1/2,13.92,,HROR,AL,40.26653611,20.52168611,,,,71.3,,,
H1605,Gideabacka,14,,HDAM,SE,63.331136,19.126693,,,,,797,,
H1606,Zeltingen,13.6,,HROR,DE,49.951074,7.023166,,,,,2732,,
H1607,Lixhe Lixhe Hydroelectric Power Plant Belgium - Lixhe Hydroelectric Power Plant Belgium,13.52147303,,HROR,BE,50.7517,5.6863,,,,,863,42007,
H1609,Claux Claux Hydroelectric Power Station France - Claux Hydroelectric Power Station France,13.32802548,,HDAM,FR,44.876,6.48,,,,,3055,39769,
H161,Hidroelektrana Velebit / Velebit pump,276,240,HPHS,HR,44.2007328,15.6811168,517,12.3,14800,430,3242,,
H1610,Monsin Monsin Hydroelectric Power Plant Belgium - Monsin Hydroelectric Power Plant Belgium,13.31865094,,HROR,BE,50.6517,5.6308,,,,,873,42005,
H1611,Klusi,1.3,,HROR,CH,46.66389853,7.548263684,,,,4,5171,,
H1612,Sabugueiro I,13.2,,HDAM,PT,40.23,-7.39,28.24,15.28,30560,48,,,
H1613,Desterro,13.2,,HROR,PT,40.23,-7.41,,,,40,,,
H1614,Strekov republic Strekov Hydroelectric Power Plant Czech Republic - Strekov Hydroelectric Power Plant Czech Republic,13.18343621,,HROR,CZ,50.6386,14.0478,17,10.96,,,3200,42367,
H1616,Obervogau,13,,HROR,AT,46.745776,15.571428,,,,59,481,,
H1617,Peggau,13,,HROR,AT,47.20926,15.335656,,,,,490,,
H1618,Arniberg,13,,HROR,CH,46.76899448,8.665904129,,,,,1983,,
H1619,Spielfeld,13,,HROR,AT,46.716449,15.62127,,,,,2597,,
H162,Kilforsen Kilforsen Hydroelectric Power Plant Sweden - Kilforsen Hydroelectric Power Plant Sweden,275,,HDAM,SE,63.5493995,16.7128525,41,7,,931,771,44341,
H1620,Curon,13,,HROR,IT,46.808317,10.542652,,,,,3381,,
H1621,Fucine,13,,HROR,IT,45.239148,7.375412,,,,,3430,,
H1622,Furlo,13,,HDAM,IT,43.683959,12.644054,58.5,,,,3433,,
H1623,Pantano d'avio,13,,HDAM,IT,46.178199,10.329159,,,,,3667,,
H1624,Pietraporzio,13,,HROR,IT,44.343724,7.035322,,,,,3685,,
H1625,Gardona,13,,HROR,IT,46.597121,11.530879,,,,,3699,,
H1626,Saviner,13,,HROR,IT,46.43392,11.976792,,,,,3762,,
H1627,Dala,13,,HROR,CH,46.31872947,7.623784583,,,,,4532,,
H1628,Peggau-KW,13,,HDAM,AT,47.187,15.336,,,,,,,
H1629,Spielfeld-KW,13,,HDAM,AT,46.716999,15.622,,,,,,,
H1631,VILLANUA,13,,HDAM,ES,42.706001,-0.52,,,,,,,
H1632,DUQUE,13,,HDAM,ES,36.919998,-3.344,,,,,,,
H1633,NUEVO CHORRO,13,,HDAM,ES,36.879002,-4.791,,,,,,,
H1634,PAMPANEIRA 1,13,,HDAM,ES,36.939999,-3.343,,,,,,,
H1635,Katerman vesivoimalaitos,13,,HROR,FI,64.127489,29.502344,,,,,,,
H1637,Permantokoski,13,,HROR,FI,66.492336,26.128326,,,,51,,,
H1638,Obernach,12.8,,HROR,DE,47.554694,11.291366,,,,,2427,,
H1639,Vrben Hydroelectric Power Plant Macedonia - Vrben Hydroelectric Power Plant Macedonia,12.8,,HROR,MK,41.7166,20.7219,,,,,,42707,
H1641,Kalimantsi Hydroelectric Power Plant Macedonia - Kalimantsi Hydroelectric Power Plant Macedonia,12.6,,HDAM,MK,41.97115,22.57809,92,127,,,,44852,
H1642,Ettling,12.6,,HROR,DE,48.6960722,12.7977619,,,,,2144,,
H1643,Landau,12.6,,HROR,DE,48.667862,12.660027,,,,,2320,,
H1644,Pielweichs,12.6,,HROR,DE,49.79434,10.1813,,,,,2465,,
H1646,Lottefors,13.76,,HDAM,SE,61.4166667,16.4,,,,,2862,,
H1647,Brigels tavanasa,12.5,,HROR,CH,46.75806217,9.071746229,,,,,2048,,
H1649,Porabka Porabka Hydroelectric Power Plant Poland - Porabka Hydroelectric Power Plant Poland,11,,HDAM,PL,49.8073,19.202,,,,,3161,42472,
H165,MONTELIMAR - Chateauneuf Du Rhone Hydroelectric Power Station France,270,,HROR,FR,44.499001,4.708,18,,,,,39758,
H1650,Unterbergen,12.4,,HROR,DE,48.237449,10.92718,,,,,2663,,
H1651,Tannheim,12.3,,HROR,DE,48.00795,10.118537,,,,,2625,,
H1653,Scheuring,12.2,,HROR,DE,48.180229,10.8833102,,,,,2567,,
H1654,Burentobel,12.2,,HROR,CH,47.0282456,8.647927727,,,,,4263,,
H1655,Prittriching,12.1,,HROR,DE,48.21062,10.904933,,,,,2487,,
H1656,Serrig,12.1,,HROR,DE,49.566954,6.592348,,,,,2587,,
H166,Central Hidroelectrica de Conso,267,216,HPHS,ES,42.166873,-7.175245,193,,,,220,,
H1663,Friesach,12,,HROR,AT,47.186513,15.336014,,,,,392,,
H1664,Stübing,12,,HROR,AT,47.175225,15.320385,,,,,738,,
H1665,Skogaby,12.5,,HDAM,SE,56.530556,13.183333,,,,,819,,
H1666,Isenthal bolzbach,12,,HROR,CH,46.89920756,8.593407132,,,,,2239,,
H1667,Merching,12,,HROR,DE,48.2704497,10.9773463,,,,,2383,,
H1668,Schwabstadl,12,,HROR,DE,48.148375,10.867023,,,,,2572,,
H1669,Sils,12,,HDAM,SE,63.3264934,14.5811578,,,,,817,,
H167,Vouglans VOUGLANS - Vouglans Hydroelectric Power Station France,285,,HDAM,FR,46.39734,5.66556,130,592.4,,300,1706,39796,
H1670,Mockfjärd,12,,HDAM,SE,60.501506,14.964287,,,,,2864,,
H1671,Gressoney,12,,HDAM,IT,45.829667,7.82321,731.5,4.172,7235,,3459,,
H1672,Isola palanzano,12,,HROR,IT,44.437255,10.194488,,,,,3500,,
H1673,"Paterno' c,le",12,,HROR,IT,40.2333333,15.2333333,,,,,3669,,
H1674,Pedesina,12,,HROR,IT,46.08189,9.549444,,,,,3671,,
H1675,Resio,12,,HROR,IT,45.925692,10.250862,,,,,3725,,
H1676,Verres,12.3,,HROR,IT,45.666562,7.689111,,,,,3866,,
H1677,Refrain,12,,HROR,CH,47.18769382,6.873117372,,,,,5937,,
H1678,Gmuend-Speicher,12,,HDAM,AT,47.932999,13.797,,,,,,,
H1679,Triebenbach-KW,12,,HDAM,AT,47.480999,14.484,,,,,566,,
H1680,Vir I,12,,HDAM,CZ,49.56625,16.30875,78,53.142,,,,,
H1684,Vadeni,12,,HDAM,RO,45.057917,23.267917,25,4.76,,25,,,
H1685,Felsenau Felsenau Hydroelectric Power Plant Switzerland - Felsenau Hydroelectric Power Plant Switzerland,11.94,,HROR,CH,46.96844294,7.439421064,,,,,1747,45220,
H1686,Oberpeiching,11.9,,HROR,DE,48.646423,10.879086,,,,,2429,,
H1687,Champcella Champcella Hydroelectric Power Station France - Champcella Hydroelectric Power Station France,11.84713376,,HDAM,FR,44.737,6.575,,,,,3051,39768,
H1688,Rhue Rhue (La) Hydroelectric Power Station France - Rhue (La) Hydroelectric Power Station France,11.84713376,,HDAM,FR,45.415,2.499,,,,,3171,39741,
H1689,Langarica 1/2/3,11.82,,HROR,AL,40.3098,20.47698056,,,,49.98,,,
H169,Tierfehd limmern Tierfehd - Limmern GPSW - Linth–Limmern (Tierfehd) Hydroelectric Power Stations Switzerland,306,,HDAM,CH,46.87611534,8.987029349,,92,700,322.6,1791,45436,
H1690,Bärenwerk,11.6,,HDAM,AT,47.2166667,12.8166667,,,,,1996,,
H1691,Taschinas Hydroelectric Power Plant Switzerland - Taschinas Hydroelectric Power Plant Switzerland,11.5,,HDAM,CH,46.98247,9.645755,,0.025,,,,46297,
H1693,Gabi Gabi Hydroelectric Power Plant Switzerland - Gabi Hydroelectric Power Plant Switzerland,11.33,,HROR,CH,46.18821153,8.070066985,,,,,1750,45467,
H1694,Taschinas,11.33,,HROR,CH,46.98284123,9.644863303,,,,,2629,,
H1696,Meitingen,11.3,,HROR,DE,48.546994,10.86507,,,,,2378,,
H1697,Mutt,11.3,,HROR,CH,46.01146382,7.738553163,,,,,5551,,
H1699,Hermansboda,12,,HDAM,SE,62.5418,15.8434,,,,,2847,,
H17,Edolo UP_EDOLO_1 - Edolo Pumped Storage Hydroelectric Power Plant Italy,978,1120,HPHS,IT,46.172153,10.344367,1265,17.04,4900,,14,43971,WRI1002877
H170,Handeck Handeck 2 Hydroelectric Power Plant Switzerland - Handeck 2 Hydroelectric Power Plant Switzerland,215.6,,HDAM,CH,46.6168313,8.307587128,,,,261.8,1806,45443,
H1700,Mühltal,11.2,,HROR,DE,47.99629724,11.48542787,,,,,2401,,
H1705,Gratkorn,11,,HROR,AT,47.139091,15.328046,,,,,646,,
H1706,Dettingen,11,,HROR,DE,48.527536,9.3488325,,,,,2113,,
H1707,Alrance Alrance Hydroelectric Power Station France - Alrance Hydroelectric Power Station France,11,,HPHS,FR,44.1035517,2.6946591,,,,,2897,39727,
H1708,Canterno,11,,HDAM,IT,43.475754,12.628657,,,,,3330,,
H1709,Ligonchio ozola,11,,HROR,IT,44.316254,10.341393,,,,,3542,,
H171,Zadeje Vau Dejes Vau i Deja - VADEJG1,250,,HDAM,AL,42.009998,19.625,60,680,,1510,,,WRI1002175
H1710,Morino,11,,HROR,IT,41.864425,13.456999,,,,,3609,,
H1711,Sembrancher,11,,HROR,CH,46.079152,7.156727248,,,,,6118,,
H1712,Dionysen-KW,11,,HDAM,AT,47.41,15.214,,,,,,,
H1713,MAKROHORI-I,11,,HROR,EL,40.541462,22.262665,,,,,,,
H1714,Nechranice,11,,HDAM,CZ,50.36625,13.412917,52,287.562,,,,,
H1715,Cashlie,11,,HROR,UK,56.509998,-4.228,142,,,26,,,
H1716,Nansa Falls (Peña de Bejo hdam - Rozadio ror - Celis ror - Herrerías ror),48.7,,HDAM,ES,43.133094,-4.3884443,116,11.8,,,,,
H1717,Matarakoski,11,,HROR,FI,67.636463,26.781735,,,,31.3,,,
H1718,Budeasa,11,,HDAM,RO,44.91625,24.82125,33,54.9,,,,,
H1719,Piatra Neamt,11,,HDAM,RO,46.932917,26.337917,27,10,,52,,,
H1720,Pont tine coussy loudze,10.99,,HROR,CH,46.34778507,7.044325779,,,,,2642,,
H1721,Rain,10.9,,HROR,DE,48.692383,10.897786,,,,,2504,,
H1722,Im roos,10.86,,HROR,CH,47.25854028,9.129602014,,,,,5047,,
H1724,Plan dessous,10.7,,HROR,CH,46.49920897,6.385808677,,,,,2316,,
H1725,Sublin,10.61,,HROR,CH,46.26509974,7.040192582,,,,,2614,,
H1728,Upm schongau,10.5,,HROR,DE,47.803187,10.904254,,,,,6348,,
H1729,Rüchlig dotierzentrale,10.4,,HROR,CH,47.39942457,8.051028325,,,,,2539,,
H1730,Dessau,10.3,,HROR,DE,47.739292,10.825702,,,,,2112,,
H1731,LOUROS,10.3,,HROR,EL,39.251598,20.8648,,,,,,,
H1732,Alexander Stambolyski Hydro Power Site,10.24,,HDAM,BG,43.1213,25.171,50,200,,,,,
H1733,Faimingen,10.1,,HROR,DE,48.558394,10.411764,,,,,2147,,
H1734,Urspring,10.1,,HROR,DE,47.71598,10.825785,,,,,2669,,
H1739,Leoben,10,,HROR,AT,47.388476,15.095161,,,,,445,,
H174,Ybbs persenbeug Ybbs-Persenbeug-KW - Ybbs-Persenburg Hydroelectric Power Plant Austria,254,,HROR,AT,48.189357,15.067755,,,,1335,125,45167,
H1740,St. martin,10,,HDAM,AT,46.987392,15.091178,,,,,464,,
H1741,Nissaström,11.2,,HDAM,SE,56.841854,13.008626,,,,,811,,
H1742,Höchstädt,10,,HROR,DE,48.603156,10.582724,,,,,2227,,
H1743,Tremorgio,10,,HDAM,CH,46.49021144,8.736704246,,,,,2655,,
H1744,Noppikoski,10,,HDAM,SE,61.489883,14.709516,,,,,2865,,
H1745,Boffetto,10,,HROR,IT,46.159595,9.934951,,,,,3304,,
H1746,Ceprano,10,,HROR,IT,41.54571751,13.51472855,,,,,3351,,
H1747,Coscile,10,,HROR,IT,39.809603,16.163285,,,,,3374,,
H1748,Fedio,10,,HROR,IT,44.315526,7.298728,,,,,3409,,
H1749,Forno zoldo,10,,HROR,IT,46.3455556,12.1863889,,,,,3422,,
H175,Porsi Porsi G3 - Porsi Hydroelectric Power Plant Sweden,274,,HDAM,SE,66.428961,20.653796,,,,1147,7,46241,
H1750,Giacomo,10,,HDAM,IT,44.315526,7.298728,,,,,3443,,
H1751,Lazzaro,10,,HROR,IT,43.69076,12.812658,,,,,3536,,
H1752,Mazzunno,10,,HROR,IT,45.89139,10.147761,,,,,3584,,
H1753,Meduno,10,,HDAM,IT,46.2180556,12.7980556,,,,,3585,,
H1755,Pescara,10,,HROR,IT,42.213736,13.913504,,,,,3676,,
H1756,Le piane,10,,HROR,IT,44.142257,11.163814,,,,,3681,,
H1757,"Poschiavino c,le",10,,HROR,IT,46.203898,10.133854,,,,,3706,,
H1758,Sendren,10,,HROR,IT,45.775066,7.826612,,,,,3765,,
H1759,Villa rinaldi,10,,HROR,IT,46.0347222,12.6791667,,,,,3874,,
H176,Valdecanas,247,168,HPHS,ES,39.77787,-5.612464,116,1446,664000,,228,,
H1760,Kraftwerk Kamering,10,,HDAM,AT,46.738998,13.594,,,,,,,
H1761,Kalserbach-M1,10,,HDAM,AT,46.923,12.601,,,,,,,
H1762,Schwarzach-KW,10,,HDAM,AT,46.929001,12.545,,,,,,,
H1763,Leoben-KW,10,,HDAM,AT,47.381001,15.103,,,,,,,
H1764,Wallnerau-Salzachstufe-KW - Wallnerau Salzach Hydroelectric Power Plant Austria,10,,HDAM,AT,47.316002,13.141,,,,,,,
H1765,Ivoz-Ramet - Ivoz-Ramet,10,,HROR,BE,50.5922,5.4613,,,,,,42006,
H1766,Cassley CASS-1,10,,HROR,UK,58.188999,-4.734,,,,26,,,
H1769,PORTODEMOUROS,10,,HDAM,ES,42.855,-8.189,,,39000,,,,
H177,Rellswerk,15,12,HPHS,AT,47.0531826,9.7529724,,,,,3238,,
H1771,Maneciu,10,,HDAM,RO,45.332917,25.987917,78,60,,,,,
H1772,Paltinu,10,,HDAM,RO,45.249583,25.735417,108,53.67,,30,,,
H1773,Weserkraftwerk bremen,9.9,,HROR,DE,53.061134,8.864937,,,,,6477,,
H1774,Zederhaus,9.8,,HDAM,AT,47.15,13.5,,,,,2731,,
H1775,Ellgau,9.7,,HROR,DE,48.596746,10.8789,,,,,2127,,
H1776,Schattenhalb,9.7,,HROR,CH,46.719447,8.184582968,,,,,2566,,
H1777,Cambeyrac Cambeyrac Hydroelectric Power Station France - Cambeyrac Hydroelectric Power Station France,9.675159236,,HDAM,FR,44.655,2.574,,,,,3044,39728,
H1778,Aegina,9.67,,HDAM,CH,46.46817414,8.369523304,,,,,3917,,
H1779,Gental Fuhren Hydroelectric Power Plant Switzerland - Fuhren Hydroelectric Power Plant Switzerland,9.6,,HDAM,CH,46.72719109,8.333697249,,,,,1749,45448,
H178,Kopswerk I - Kops I Hydroelectric Power Plant Austria,245,,HDAM,AT,46.976121,10.05145,122,13.65,,,3105,45210,
H1780,Matka Hydroelectric Power Plant Macedonia - Matka Hydroelectric Power Plant Macedonia,9.6,,HROR,MK,41.9528,21.2982,,,,,,44851,
H1781,Hnevkovice,9.6,,HDAM,CZ,49.180417,14.447083,31,22.2,,,,,
H1782,Palü,9.5,,HDAM,CH,46.37249504,10.02897447,,,,,2447,,
H1783,Plessurwerk,9.4,,HROR,CH,46.84043063,9.542505418,,,,,2553,,
H1784,Vrane republic Vrane Hydroelectric Power Plant Czech Republic - Vrane Hydroelectric Power Plant Czech Republic,9.383902285,,HDAM,CZ,49.9381,14.3749,10,11.1,,,3227,42366,
H1785,Glattalp,9.3,,HROR,CH,46.91761881,8.845498864,,,,,2548,,
H1786,Sllabinje,13.8,,HROR,AL,40.96899722,20.51337222,,,,50,,,
H1787,Aarewerk thun,9.15,,HROR,CH,46.7616833,7.616856002,,,,,1942,,
H1788,Beverce robertville Beverce (Robertville) Hydroelectric Power Project Belgium - Beverce (Robertville) Hydroelectric Power Project Belgium,9.082802548,,HDAM,BE,50.4387,6.0386,,,,,3026,42009,
H179,Bolarque 1/2/3,240.2,,HPHS,ES,40.362584,-2.819307,36,23,,,231,,
H1797,Gries,9,,HROR,AT,47.287673,12.885052,,,,,648,,
H1798,Viforsens,10,,HDAM,SE,62.311094,17.172947,,,,,825,,
H1799,Fornowerk löbbia,9,,HROR,CH,46.37495221,9.658900883,,,,,2343,,
H18,JM ORIOL 1 - Jose Maria de Oriol (Alcantara) Hydroelectric Power Plant Spain,934,,HDAM,ES,39.730301,-6.8849,130,3162,970100,1850,161,43822,WRI1006571
H1800,Simmenfluh,9,,HROR,CH,46.67279879,7.622640841,,,,,2591,,
H1801,Calore,9,,HROR,IT,41.1833333,14.4666667,,,,,3325,,
H1802,Darfo,9,,HROR,IT,45.893791,10.185661,,,,,3386,,
H1803,Fondovalle,9,,HROR,IT,46.376886,8.425713,,,,,3419,,
H1805,Mantelera,9,,HROR,IT,45.929593,10.308663,,,,,3568,,
H1806,Tusciano,9,,HROR,IT,40.657211,15.02305,,,,,3837,,
H1807,Dorferbach-KW,9,,HDAM,AT,47.02,12.362,,,,,,,
H1808,Heinfels-M1,9,,HDAM,AT,46.748001,12.434,,,,,,,
H181,Kegums hpp Kegums HPP - Kegums Hydroelectric Power Plant Latvia,240.1,,HROR,LV,56.7405,24.7113,,,,825,2942,42157,
H1812,Alange,9,,HDAM,ES,38.78625,-6.270417,67,852,,,,,
H1817,Giumaglio,8.94,,HROR,CH,46.28241272,8.669718834,,,,,2183,,
H1818,Muota,8.8,,HROR,CH,46.97100515,8.782496692,,,,,2225,,
H1819,Senhora de Porto,8.8,,HROR,PT,41.34,-8.11,,,,19,,,
H182,Kaprun hauptstufe Kaprun-Hauptstufe-KW Limberg,240,,HDAM,AT,47.259591,12.738799,858,81.17,159900,,27,45542,
H1820,Pumade,8.791,,HROR,CH,46.73094792,9.729148482,,,,,5879,,
H1821,Bocki,8.7,,HROR,CH,46.84096379,8.63214556,,,,,2034,,
H1822,Champsec,8.7,,HROR,CH,46.05712536,7.248063884,,,,,2080,,
H1823,Seujet Seujet Hydroelectric Power Plant Switzerland - Seujet Hydroelectric Power Plant Switzerland,8.7,,HROR,CH,46.20311975,6.134471586,,,,,1785,45461,
H1824,Leringsforsen,9,,HDAM,SE,62.590859,16.40657,18,360,,30,807,,
H1825,Gamp,8.6,,HROR,AT,47.6833333,13.1,,,,,2171,,
H1826,Buoholzbach wolfenschiessen,8.6,,HROR,CH,46.91414649,8.39791988,,,,,2723,,
H1827,Lessoc,8.56,,HROR,CH,46.5060508,7.053267128,,,,,2333,,
H183,Taloro (Gusana - Cucchinadorza - Benzone) UP_TALORO1_1 - Tumuele Baddu Ozzana,281.6,240,HPHS,IT,40.127148,9.140644,294.5,60.5,42240,388.505,217,,
H1832,Kallnach,8.3,,HROR,CH,47.02149902,7.22817749,,,,,2264,,
H1833,Illsee,8.2,,HPHS,CH,46.28325198,7.688797733,25,6.49,,,5045,,
H1834,Largue Largue Hydroelectric Power Station France - Largue Hydroelectric Power Station France,8.112883819,,HROR,FR,43.854,5.859,,,,,3112,39708,
H1835,Myczkowce Myczkowce Hydroelectric Power Plant Poland - Myczkowce Hydroelectric Power Plant Poland,8.095541401,,HDAM,PL,49.4311,22.4084,,,,,3141,42473,
H1836,Trebinje II Hydroelectric Power Plant Bosnia and Herzegovina - Trebinje II Hydroelectric Power Plant Bosnia and Herzegovina,8,,HDAM,BA,42.70664,18.3805,33.5,15.9,,,,44806,
H184,Rance tidal RANCE - Rance Tidal Hydroelectric Power Station France,240,,HPHS,FR,48.6180022,-2.0238876,27,184,,,2905,44380,
H1840,Vässinkoski,8.693305006,,HDAM,SE,61.490515,14.712678,28,73,,23,2887,,
H1841,Salza,8,,HDAM,AT,47.491345,13.956943,,,,28.5,2552,,
H1842,Aventino,8,,HROR,IT,42.004033,14.156813,,,,,3273,,
H1843,Barca cle,8,,HROR,IT,40.2333333,15.2333333,,,,,3280,,
H1844,Campliccioli,8,,HDAM,IT,46.060376,8.114612,,,,,3326,,
H1845,Castel madama,8,,HROR,IT,41.973522,12.868485,,,,,3340,,
H1846,Casuzze,8,,HROR,IT,37.997948,13.279745,,,,,3347,,
H1847,Comunanza,8,,HROR,IT,42.957348,13.412282,,,,,3368,,
H1848,Comunacqua,8,,HROR,IT,41.863023,13.250095,,,,,3369,,
H1849,Muschioso,8,,HROR,IT,44.295555,10.570198,,,,,3611,,
H185,Valeira Valeira - G1 - Valeira Hydroelectric Power Plant Portugal,240,,HROR,PT,41.1605,-7.3742,,,,610.7,2987,43540,
H1850,Ponte annibale,8,,HROR,IT,41.099714,14.220126,,,,,3695,,
H1851,Ponte malon,8,,HROR,IT,46.5555556,12.4380556,,,,,3702,,
H1852,Premesa,8,,HROR,IT,46.56662,11.56098,,,,,3710,,
H1853,Sperando,8,,HROR,IT,44.027651,10.765107,,,,,3789,,
H1854,Vouvry,8,,HDAM,CH,46.33612447,6.881481154,,,,,6460,,
H1855,Salza-KW,8,,HDAM,AT,47.487,14.026,,,,,,,
H1856,GHIONA,8,,HROR,EL,38.546509,22.354761,,,,,,,
H1857,Striven STVE-1,8,,HROR,UK,56.014999,-5.121,,,,22,,,
H1858,Barzia HPP,8,,HDAM,BG,43.19,23.167,251,0.03,,,,,
H186,HPP_SESTRIMO - Sestrimo Hydroelectric Power Plant Bulgaria,240,,HDAM,BG,42.233002,23.950001,539,0.42,,291,3192,42174,
H1862,Bassalt,8,,HDAM,SE,56.75,13.2833333,,,,,791,,
H1864,Zur Zur Hydroelectric Power Plant Poland - Zur Hydroelectric Power Plant Poland,7.898089172,,HDAM,PL,53.5613,18.354,,,,,3231,42477,
H1865,Petrohan HPP,7.8,,HDAM,BG,43.12,23.12,529,0.14,,,,,
H1869,Sorpesee,7.42,,HPHS,DE,51.3510404,7.9680569,,,,,3240,,
H187,Bort BORT 1 - Bort Les Orgues Hydroelectric Power Station France,232.2,,HDAM,FR,45.41269,2.49862,125,477.4,,310,1583,39749,
H1870,Golubic Golubic - Golubic Hydroelectric Power Plant Croatia Croatia,7.404458599,,HDAM,HR,44.09,16.2204,,,,,3082,44840,
H1871,Pilchowice Pilchowice Hydroelectric Power Plant Poland - Pilchowice Hydroelectric Power Plant Poland,7.404458599,,HDAM,PL,50.964,15.645,,,,,3157,42482,
H1873,Storavan bergnäs krv,8,,HDAM,SE,65.6833333,18.1666667,21,778,,27,2829,,
H1874,Solis,7.3,,HROR,CH,46.68192209,9.525213,,,,,2595,,
H1876,Massaboden,7.2,,HROR,CH,46.33299753,8.011358473,,,,,2371,,
H1877,Molinis lüen,7.2,,HROR,CH,46.82844281,9.606149925,,,,,2354,,
H1878,Bielkowo Bielkowo Hydroelectric Power Plant Poland - Bielkowo Hydroelectric Power Plant Poland,7.108280255,,HDAM,PL,54.2696,18.51,,,,,3027,42480,
H1879,Urdiceto,7.1,,HPHS,ES,42.6334211,0.218018,,,,,1851,,
H188,Lünerseewerk Luenersee Pumped Storage Power Plant Austria,280,224,HPHS,AT,47.074251,9.874371,974,78.3,,371,1816,45213,
H1880,STRATOS-II - Stratos Hydroelectric Power Plant Greece,7,,HROR,EL,38.675804,21.32589,26,80,,,,,
H1888,Bodendorf mur,7,,HROR,AT,47.107688,14.065071,,,,,317,,
H1889,Cavaglia,7,,HDAM,CH,46.36809688,10.03630585,,,,,2076,,
H189,Orlovac Orlovac - Orlovac Hydroelectric Power Plant Croatia,237,,HPHS,HR,43.6737,16.784,380,782,,,3148,44834,
H1890,Kappelerhof,7,,HROR,CH,47.48455391,8.292831925,,,,,2267,,
H1891,Rifawerk Rifa Pumped Storage Power Plant Austria - Rifa Pumped Storage Power Plant Austria,7,,HPHS,AT,46.9782553,10.0383768,,,,,2907,45212,
H1892,Masino,7,,HROR,IT,46.164292,9.644944,,,,,3578,,
H1893,Paisco,7,,HROR,IT,46.030996,10.345862,,,,,3661,,
H1894,Piedimulera,7,,HROR,IT,46.02408493,8.258972168,,,,,3682,,
H1895,Suio,7,,HROR,IT,41.240815,13.932818,,,,,3802,,
H1896,Tornavento,7,,HROR,IT,45.59677,8.754735,,,,,3823,,
H1897,Medjuvrsje Hydroelectric Power Plant Serbia - Medjuvrsje Hydroelectric Power Plant Serbia,7,,HROR,RS,43.909,20.2327,,,,,,44130,
H1898,Gaur GAUR-1,7,,HROR,UK,56.682999,-4.513,,,,21,,,
H1899,Koprinka HPP (Kaplan),7,,HDAM,BG,42.6125,25.3198,24,142.4,,12.7,,,
H1905,Puntarikoski,7,,HROR,FI,62.825417,29.475417,14,2390,,11,,,
H1906,Bondo,6.9,,HROR,CH,46.33399639,9.55121329,,,,,2039,,
H1908,Ampsin neuville Ampsin Neuville Hydroelectric Power Plant Belgium - Ampsin Neuville Hydroelectric Power Plant Belgium,6.693129151,,HROR,BE,50.5335,5.2962,,,,,857,42003,
H1909,Brzeg dolny waly slaskie Brzeg Dolny (Waly Slaskie) Hydroelectric Power Plant Poland - Brzeg Dolny (Waly Slaskie) Hydroelectric Power Plant Poland,6.625521786,,HROR,PL,51.2605,16.7656,,,,,3039,42481,
H1910,Rumblar,6.62,,HROR,CH,46.91761881,8.845498864,,,,,6016,,
H1911,Lizun,6.6,,HROR,CH,46.38064012,9.657963276,,,,,2339,,
H1912,Tasnan,6.6,,HROR,CH,46.7776529,10.22572094,,,,,6217,,
H1914,Murg plätz,6.5,,HROR,CH,47.09244923,9.207882246,,,,,5526,,
H1915,Pintrun,6.48,,HROR,CH,46.81485776,9.348830644,,,,,2468,,
H1918,Teich Teich Hydroelectric Power Station France - Teich Hydroelectric Power Station France,6.219745223,,HDAM,FR,42.71,1.864,,,,,3204,39718,
H192,Portas Las,233,,HDAM,ES,42.11625,-7.212083,141,536,906,154,,,
H1920,Ganterbach saltina,6.1,,HROR,CH,46.30442675,8.004178335,,,,,4802,,
H1921,Schlappin,6.1,,HROR,CH,46.88504801,9.878557901,,,,,2569,,
H1922,Andenne seilles Andenne-Seilles Hydroelectric Power Plant Belgium - Andenne-Seilles Hydroelectric Power Plant Belgium,6.084662865,,HROR,BE,50.4928,5.07,,,,,858,42002,
H1923,Latschau Latschau Hydroelectric Power Plant Austria - Latschau Hydroelectric Power Plant Austria,9,,HROR,AT,47.0739,9.8749,,,,,3113,45215,
H1924,Barco,6.02,,HROR,CH,46.79314558,9.273645124,,,,,4109,,
H1925,Ebro,6,,HDAM,ES,42.974583,-4.04875,212.9932676,541,314,,,,
H1932,"St, georgen",6,,HROR,AT,47.104453,14.087593,,,,,399,,
H1933,Mandling,6,,HROR,AT,47.399874,13.581941,,,,,461,,
H1934,Brennerwerk-M1,6,,HDAM,AT,47.126999,11.453,,,,,,,
H1935,Hierzman-Speicher,6,,HDAM,AT,47.016998,15.125,,,,,,,
H1936,"St, Martin-KW",6,,HDAM,AT,47.016998,15.125,,,,,,,
H1937,Ovcar Banja Hydroelectric Power Plant Serbia - Ovcar Banja Hydroelectric Power Plant Serbia,6,,HDAM,RS,43.8995,20.1803,,1.5,,,,44129,
H1938,Allt-na-Lairige,6,,HROR,UK,56.282002,-4.93,,,,19,,,
H1939,Loch Gair LOCG-1,6,,HROR,UK,56.078999,-5.342,,,,19,,,
H194,Roßhag Rosshag-KW - Rosshag Pumped Storage Power Plant Austria,231,,HDAM,AT,47.086876,11.774061,131,126.5,331100,,20,45043,
H1947,Bishnica 1/2,5.9,,HROR,AL,39.9169,20.1374,,,,25.82,,,
H1948,Nylstar,5.885,,HROR,CH,46.74500448,8.4181444,,,,,5639,,
H1949,Susasca,5.86,,HROR,CH,46.75519301,10.08403667,,,,,6194,,
H195,P_AOOU - Aoos (Piges Aoos) Hydroelectric Power Plant Greece,230,,HDAM,EL,39.836109,21.066389,78,180,242000,,,42792,
H1951,"Reserv, péteille vétroz",5.774,,HROR,CH,46.22691179,7.273259309,,,,,5947,,
H1952,Flums pravizin äuli,5.77,,HROR,CH,47.0864243,9.3345384,,,,,2484,,
H1953,Farmhispania - Kozmálovce,5.75,,HROR,SK,48.26891,18.52822,,,,,4734,,
H1954,Aue dotierzentrale,5.7,,HROR,CH,47.46945285,8.309635082,,,,,1988,,
H1956,Fužine,5.7,,HPHS,HR,45.3049852,14.7148369,49,1.23,,4.524,3236,,
H1959,La Goule,5.6,,HROR,CH,47.22870019,6.928538356,,,,,2191,,
H196,Venaus UP_VENAUS_1 (Venasco),244.2,,HDAM,IT,45.161887,7.008396,,,,273,270,,
H1960,Neuhausen,5.6,,HROR,CH,47.67988066,8.614946567,,,,,5596,,
H1965,Ozalj Ozalj - Ozalj Hydroelectric Power Plant Croatia Croatia,5.5,,HROR,HR,45.6143,15.4778,,,,24.32,3152,44843,
H1966,Heid goreux Heid-de-Goreux Hydroelectric Power Plant Belgium - Heid-de-Goreux Hydroelectric Power Plant Belgium,5.476196578,,HROR,BE,50.426,5.7328,,,,,862,42011,
H1967,Balforsens krv,7.302376205,,HDAM,SE,64.655189,18.48563,,,,,2828,,
H1968,Czchow Czchow Hydroelectric Power Plant Poland - Czchow Hydroelectric Power Plant Poland,5.408589213,,HROR,PL,49.81,20.680556,,,,,3058,42467,
H197,SILS KHR,247,,HDAM,CH,46.703999,9.466,,,,,,,
H1970,Diablerets,5.4,,HDAM,CH,46.35306411,7.154650449,,,,,2116,,
H1971,Hopflauenen leimboden,5.4,,HROR,CH,46.71511341,8.277516982,,,,,2229,,
H1973,HE Glava Zete,5.36,,HROR,ME,42.6,18.98,,,,,,,
H1975,Charmey perré,5.27,,HROR,CH,46.61458556,7.161756538,,,,,2084,,
H1978,Brügg,5.2,,HROR,CH,47.1191459,7.258099814,,,,,2050,,
H1979,Tannuwald,5.2,,HROR,CH,46.14994099,8.107936687,,,,,2626,,
H198,Cimego UP_CIMEGO_1,229.9,,HDAM,IT,45.923109,10.628414,738,12.26,,388,235,,
H1981,Ladral,5.1,,HROR,CH,46.77141573,9.118769914,,,,,2319,,
H1982,Sauterot hérémence lysa,5.1,,HROR,CH,46.16999739,7.406536074,,,,,6093,,
H1983,Bortel mittelstufe,5.01,,HDAM,CH,46.29774273,8.060825209,,,,,2173,,
H1998,Arosa litzirüti,5,,HROR,CH,46.80004935,9.705911981,,,,,2338,,
H1999,Engeweiher,5,,HPHS,CH,47.69348408,8.630435553,,,,,2134,,
H2,Dinorwig,1800,1728,HPHS,UK,53.118744,-4.113624,536,6.7,10400,,23,2941,GBR1000151
H20,Montezic MONTEZIC 1 - Montezic Pump Storage Hydroelectric Power Station France,910,840,HPHS,FR,44.73766,2.64342,423,34,36400,,1546,42240,WRI1002747
H2000,Letten,5,,HROR,CH,47.38701259,8.532321933,,,,,2334,,
H2001,Rott,5,,HROR,AT,47.79940564,13.04399014,,,,,2537,,
H2002,Mandela,5,,HROR,IT,42.025524,12.996287,,,,,3567,,
H2003,Ozieri Monte Lerno,5,,HDAM,IT,40.585962,9.001224,264,72.1,45125,,3660,,
H2004,Jettenbach,5,,HROR,DE,48.177714,12.381857,,,,1,5130,,
H2005,Nußdorf bei wien,5,,HROR,AT,48.259257,16.369185,,,,,5638,,
H2007,Debant_1-M1,5,,HDAM,AT,48.257999,16.389999,,,,,,,
H2008,Sidan-KW,5,,HDAM,AT,47.348999,11.885,,,,,,,
H2009,Sron Mor SROM-1,5,,HROR,UK,56.351002,-5.094,,,,7,,,
H201,BELESAR 1,225,,HDAM,ES,42.628502,-7.7122,207.3,655,,113,,,
H2013,Chanza,5,,HDAM,ES,37.5586685,-7.520417,85,170,,,,,
H2019,Rotgülden,4.9,,HDAM,AT,47.1166667,13.4333333,,,,,2535,,
H202,Krångede Krangede Hydroelectric Power Plant Sweden - Krangede Hydroelectric Power Plant Sweden,250,,HDAM,SE,63.14623,16.0706,20,60,,1650,2745,45669,
H2020,Jaruga Jaruga Hydroelectric Power Plant Croatia Croatia - Jaruga Hydroelectric Power Plant Croatia Croatia,4.867730292,,HROR,HR,43.805,15.9626,,,,,3093,44837,
H2021,Combe garot,4.86,,HROR,CH,46.96231911,6.796397588,,,,,2096,,
H2023,Romero alvarez temporal,4.8,,HROR,CH,47.56071885,9.098823995,,,,,5997,,
H2024,GLAFKOS-II,4.8,,HROR,EL,38.190485,21.800672,,,,,,,
H2025,Hüribach,4.7,,HROR,CH,46.97100515,8.782496692,,,,,2224,,
H2026,Holta,4.7,,HROR,AL,40.92728056,20.22091667,,,,23.3,,,
H2027,Langed,5.45,,HDAM,SE,58.924253,12.307601,,,,,806,,
H203,Saint pierre cognet,223,,HROR,FR,44.87249,5.77319,,,,,1892,,
H2031,Svartafors,4.624838263,,HDAM,SE,58.450011,15.491865,,,,,2881,,
H2032,Thusis,4.6,,HROR,CH,46.69014862,9.442884084,,,,,2637,,
H2034,Plons,4.5,,HROR,CH,47.05405739,9.40001024,,,,,2473,,
H2035,Risi,4.5,,HROR,CH,47.09467832,9.056713556,,,,,5984,,
H2037,Islas,4.4,,HROR,CH,46.50561958,9.857289017,,,,,2240,,
H2038,Muttsee,4.4,,HDAM,CH,46.84643309,9.012795156,35,23.43,,,2405,,
H2039,Usine du chanet,4.4,,HROR,CH,46.95925861,6.828886453,,,,,2082,,
H204,Hpp mariselu / Mărișelu ,221,,HDAM,RO,46.6679,23.059,92,212,,560,2953,40987,
H2040,Muranzina,4.38,,HROR,CH,46.71499832,9.883992952,,,,,5523,,
H2042,Stechelberg,4.3,,HROR,CH,46.54472644,7.899907479,,,,,2606,,
H2043,Verzasca tenero,4.25,,HROR,CH,46.18165823,8.853309454,,,,,2632,,
H2044,Ferrera,4.23,,HROR,CH,46.74350502,8.986493632,,,,,2152,,
H2045,Spina valbella,4.2,,HROR,CH,46.43113436,9.206999104,,,,,2600,,
H2048,ORELLANA,4,,HDAM,ES,38.986,-5.538,9.083477155,808,20,,,,
H205,MORALETS GR 1 GENERAC,221,219,HPHS,ES,42.569,0.757,753,,27000,,213,,
H206,Bärenburg,220.76,,HDAM,CH,46.59019154,9.421427226,64,1,,488,2004,,
H2068,Gunggl,4,,HROR,AT,47.09048,11.792702,,,,6.6,411,,
H2070,Dalchonzie,4,,HROR,UK,56.509998,-4.228,,,,15,,,
H2071,Lubreoch,4,,HROR,UK,56.509998,-4.228,,,,16,,,
H2072,Anjalankoski,20,,HROR,FI,65.93956,25.043108,,,,130,,,
H2077,Brummbach linthal,3.9,,HROR,CH,46.92764054,9.002303541,,,,,4250,,
H2078,"St,sulpice",3.9,,HROR,CH,46.91062136,6.557451413,,,,,2618,,
H208,Erzhausen PSW Erzhausen Block 1 - Erzhausen Pumped Storage Power Plant Germany,220,,HPHS,DE,51.89912,9.92452,287,1.6,1030,,1557,44352,
H2080,Engi,3.75,,HROR,CH,46.98504265,9.153197541,,,,,4663,,
H2082,Schiffmühle,3.68,,HROR,CH,47.48806753,8.267277979,,,,,6101,,
H2083,Walibach,3.64,,HROR,CH,46.45215195,8.215139487,,,,,6466,,
H2084,Stravaj 2,3.626,,HROR,AL,41.0057,20.425,,,,16.317,,,
H2085,Calcaccia,3.6,,HROR,CH,46.51949212,8.634575493,,,,,2061,,
H2086,Buchs altendorf,3.56,,HROR,CH,47.15699679,9.467100771,,,,,1993,,
H2087,Luchsingen,3.5,,HROR,CH,46.96604977,9.035489525,,,,,2352,,
H2088,Lairg,3.5,,HDAM,UK,58.02,-4.4151,,,,12,,,
H2089,Klisoura HPP,3.5,,HDAM,BG,43.16859,23.15498,124.6,0.05,,,,,
H209,Witznau Schluchsee,220,128,HPHS,DE,47.68791,8.25159,250,1.3,722,,1853,,
H2091,Wiesti,3.4,,HROR,CH,46.02437926,7.752570265,,,,,2733,,
H2092,Grand malades Grand-Malades Hydroelectric Power Plant Belgium - Grand-Malades Hydroelectric Power Plant Belgium,3.380368258,,HROR,BE,50.4665,4.8992,,,,,861,42001,
H2093,Wallnerau unterwasser Wallnerau-Unterwasser Power Plant Austria - Wallnerau-Unterwasser Power Plant Austria,3.380368258,,HROR,AT,47.31554,13.140946,,,,,876,45561,
H2094,Gobantes,3.34,,HPHS,ES,36.95558,-4.798108,,,,,1838,,
H2095,Petite vaux,3.31,,HROR,CH,46.48885995,6.4050268,,,,,5753,,
H2097,Aboyeu,3.3,,HROR,CH,46.18195706,7.03393846,,,,,3904,,
H2098,Kraftwerksgruppe pfreimd,3.3,,HROR,DE,49.55226,12.28127,,,,,5179,,
H2099,Mels stoffel,3.3,,HROR,CH,47.04326338,9.415542417,,,,,5379,,
H21,Wehr Kraftwerk Wehr - Wehr Pumped Storage Hydroelectric Power Plant Germany,910,980,HPHS,DE,47.64529898,7.91819945,625,4.4,7900,,1563,44456,WRI1006132
H210,Somplago UP_TAGLIAMENTO_1,172.8,,HDAM,IT,46.343237,13.067161,280,3.4,,,260,,
H2100,Tvrdošín,6.1,,HROR,SK,49.33669,19.54867,,,,18.2,6323,,
H2101,Bözingen,3.26,,HROR,CH,47.15450871,7.266550789,,,,,4268,,
H2102,Kandersteg dorf,3.13,,HROR,CH,46.48551879,7.667655646,,,,,5146,,
H2103,Abelvattnet,4.6,,HDAM,SE,65.545168,14.981899,,,,,827,,
H2104,Ponte brolla,3.1,,HROR,CH,46.18559009,8.751208893,,,,,2475,,
H2105,Ouvra electrica lavinuoz lavin,3.07,,HROR,CH,46.76897795,10.11431787,,,,,5676,,
H2120,Tuxbach,3,,HROR,AT,47.135884,11.8485935,,,,,203,45195,
H2121,Kinna,3.129589802,,HDAM,SE,57.509323,12.683843,,,,,2850,,
H2122,Rondchâtel,3,,HROR,CH,47.17103262,7.249745764,,,,,6000,,
H2123,Leiersbach-KW,3,,HDAM,AT,47.145,10.917,,,,,,,
H2125,Slezska Harta,3,,HDAM,CZ,49.89125,17.579583,65,217,,,,,
H2126,Achanalt,3,,HROR,UK,57.775002,-4.955,,,,7,,,
H2127,Lednock,3,,HROR,UK,56.509998,-4.228,,,,4,,,
H213,Hpp vidraru CORB12 - Vidraru Hydroelectric Power Station Romania,220,,HDAM,RO,45.3667,24.6307,166,469,,400,2989,40980,
H2137,Ftere 1,3,,HROR,AL,40.11119167,19.87758889,,,,19.3,,,
H2138,Kesznyeten hernadviz hungary Kesznyeten (Hernadviz) Hydroelectric Power Plant Hungary - Kesznyeten (Hernadviz) Hydroelectric Power Plant Hungary,4.4,,HROR,HU,47.995972,21.033037,14,,,,3098,42677,
H2139,HE Pljevlja,2.961,,HDAM,ME,43.358164,19.313452,,,2894,,,,
H2140,Dietikon,2.94,,HROR,CH,47.41033996,8.407980194,,,,,4558,,
H2141,Sainte anne,2.9,,HROR,CH,46.53512976,7.08799404,,,,,6030,,
H2142,Ticinetto,2.9,,HROR,CH,46.41957428,8.850667019,,,,,6250,,
H2143,Montlingen,2.875,,HROR,CH,46.79442436,8.261872706,,,,,5499,,
H2147,Murg gödis,2.8,,HROR,CH,47.10844844,9.214736312,,,,,5524,,
H2148,Rançonnière,2.8,,HROR,CH,46.72375862,7.447057829,,,,,5919,,
H2149,Waldhalde,2.8,,HROR,CH,47.17916527,8.628475867,,,,,2711,,
H215,Senj - Senj Hydroelectric Power System Croatia Croatia,217,,HDAM,HR,45.009998,14.893,410,142,,1002.2,,44842,
H2151,Factoria guarena,2.77,,HROR,CH,46.42969775,7.845719871,,,,,4729,,
H2152,Schild,2.75,,HROR,CH,46.77981412,8.155692521,,,,,6102,,
H2153,Meiringen,2.65,,HROR,CH,46.73026775,8.194348516,,,,,5374,,
H2154,Punt gronda segnas,2.62,,HROR,CH,46.83845165,9.265093353,,,,,5880,,
H2155,Le chalet,2.6,,HROR,CH,46.72772632,6.522243024,,,,,5229,,
H2156,Servicios vega,2.555,,HROR,CH,47.12090362,9.483001881,,,,,6130,,
H2157,Seealp wasserauen,2.5,,HDAM,CH,47.28070404,9.42116369,,,,,6112,,
H2158,Cuaich,2.5,,HROR,UK,56.699001,-4.408,,,,7,,,
H2159,Moosweid,2.487,,HROR,CH,46.49610012,7.576844018,,,,,5501,,
H216,PDF212 - Iron Gate II Hydroelectric Power Station Romania,216,,HROR,RO,44.306999,22.568001,35,600,,,,40976,
H2160,Matte,2.474,,HROR,CH,46.94649346,7.456759328,,,,,5370,,
H2163,Eichi,2.4,,HROR,CH,46.94074318,8.287867732,,,,,4620,,
H2164,"V, kozmálovce",2.4,,HROR,SK,48.26891,18.52822,,,,,6367,,
H2165,Lussa,2.4,,HROR,UK,56.282002,-4.93,,,,9,,,
H2166,Mullardoch,2.4,,HROR,UK,57.382,-4.881,,,,8,,,
H2167,Grodek Grodek Hydroelectric Power Plant Poland - Grodek Hydroelectric Power Plant Poland,2.366257781,,HROR,PL,53.4999,18.3736,,,,,3087,42478,
H2168,Bortel oberstufe,2.35,,HPHS,CH,46.29345117,8.088158871,,,,,4229,,
H2169,Ulrichen,2.35,,HROR,CH,46.50312594,8.318531648,,,,,6335,,
H217,Dubrovnik - Dubrovnik Hydroelectric Power Plant Bosnia and Herzegovina,216,,HDAM,HR,42.603001,18.235001,272,1109,,,,44805,
H2170,Murg säge,2.32,,HROR,CH,47.11350488,9.219385013,,,,,5527,,
H2171,Au schönenberg,2.3,,HROR,CH,47.52398098,9.186791025,,,,,4060,,
H2172,Niederurnen,2.22,,HROR,CH,47.12358202,9.042165024,,,,,5604,,
H2173,Loch Ericht,2.2,,HROR,UK,56.699001,-4.408,,,,12,,,
H2174,Empächli,2.19,,HROR,CH,47.06140912,8.334939326,,,,,4642,,
H2175,Lorzentobel,2.17,,HROR,CH,47.19570447,8.539363749,,,,,5280,,
H2176,Lenie,2.17,,HROR,AL,40.76601389,20.39604444,,,,10.118,,,
H2177,Perlen wta hf,2.15,,HROR,CH,47.10914579,8.362937467,,,,,2456,,
H2178,Blinne,2.13,,HROR,CH,46.4652885,8.25334304,,,,,4206,,
H218,Villalcampo VILLALC 21 - Villalcampo Hydroelectric Power Plant Spain,215.81,,HDAM,ES,41.491101,-6.084608,228,66,41000,,190,44135,
H2180,Rathausen,2.1,,HROR,CH,47.0817754,8.314332515,,,,,5924,,
H2181,Morteratsch,2.03,,HROR,CH,46.23133528,8.860235763,,,,,5509,,
H219,Salamonde Salamonde II - G3 - Salamonde Hydroelectric Power Plant Portugal,231,204,HPHS,PT,41.689967,-8.092345,75,56.3,7520,,2892,43544,
H2193,Niklai,2,,HROR,AT,46.823629,13.295556,,,,,688,,
H2194,Pichlern,2,,HROR,AT,48.022415,14.322989,,,,,704,,
H2195,Pöls,2,,HROR,AT,47.217744,14.599075,,,,,711,,
H2196,Hospental,2,,HROR,CH,46.62056382,8.569044629,,,,,5000,,
H2197,Hieflau-Speicher,2,,HDAM,AT,47.602001,14.764,,,,,,,
H2198,Kilmelfort,2,,HROR,UK,56.282002,-4.93,,,,12,,,
H22,Kruonis & extension Kruonio KHAE-----HA1 - Kruonis Pumped Storage Hydroelectric Power Plant Lithuania,900,880,HPHS,LT,54.797866,24.248169,103.5,41,10800,490.09,2891,42161,GEODB0042161
H220,Laufenburg,106,,HROR,CH,47.55591338,8.049124537,,,,,2325,,
H221,Sisteron SISTERON 1 - Sisteron Hydroelectric Power Station France,214,,HDAM,FR,44.17517,5.95215,17,1.8,,,1693,39773,
H2215,Radove,2,,HROR,AL,40.13735833,20.55160556,,,,11.6,,,
H2216,Sella,1.93,,HDAM,CH,46.55246375,8.586661903,36,9.2,,,6116,,
H2217,Bevieux,1.9,,HROR,CH,46.26038119,7.028814127,,,,,4156,,
H2218,Chamarin,1.9,,HROR,CH,46.31483112,7.43176342,,,,,4390,,
H2219,Clemgia,1.9,,HROR,CH,46.78849404,10.29691776,,,,,4417,,
H222,Seitevare Seitevare G1 - Seitevare Hydroelectric Power Station Sweden,225,,HDAM,SE,66.976846,18.573706,106,1675,,760,9,46254,
H2220,Giessen,1.9,,HROR,CH,47.21784522,9.209392592,,,,,4851,,
H2221,Lorzentobel,1.9,,HROR,CH,47.17202039,8.56064288,,,,,5278,,
H2222,Ujanik 2,1.9,,HROR,AL,40.65228889,20.24792778,,,,9.57,,,
H2223,Flor,1.88,,HROR,CH,47.08808419,9.340261785,,,,,4758,,
H2224,Hydro vierre Hydro de la Vierre - Hydro de la Vierre,1.875796178,,HDAM,BE,49.733,5.377,12,1.3,,,871,42010,
H2225,Schwanden gemeinde,1.8,,HROR,CH,46.99564066,9.086996851,,,,,6105,,
H2226,Trempel,1.8,,HROR,CH,47.24948836,9.163668355,,,,,6304,,
H2227,Butgenbach Butgenbach Hydroelectric Power plant Belgium - Butgenbach Hydroelectric Power plant Belgium,1.777070064,,HDAM,BE,50.4359,6.2106,28,11,,,867,42012,
H2228,Stenna flims flembach,1.73,,HROR,CH,46.83375685,9.282896224,,,,,6178,,
H2230,"Er palier isérables c, arcay",1.7,,HROR,CH,46.16093543,7.24886404,,,,,4672,,
H2231,Thurfeld,1.7,,HROR,CH,47.5192647,9.207086972,,,,,6248,,
H2232,Grido,1.68,,HDAM,CH,46.62641983,8.050242336,,,,,4901,,
H2233,Lorzentobel,1.67,,HROR,CH,47.18035372,8.554748504,,,,,5279,,
H2234,Sonzier,1.65,,HROR,CH,46.44032313,6.925171654,,,,,6161,,
H2235,Täschbach,1.65,,HROR,CH,46.06720508,7.781118327,,,,,6328,,
H2236,Sustli,1.63,,HROR,CH,46.96377645,8.483363564,,,,,6195,,
H2237,Göschenen unterdorf,1.62,,HROR,CH,46.66781915,8.58467036,,,,,4938,,
H2238,Linthwerk,1.6,,HROR,CH,46.92605396,8.999893509,,,,,5262,,
H2239,Nandrò,1.59,,HROR,CH,46.5681521,9.570275421,,,,,5576,,
H224,Soverzene UP_SOVERZENE_1,213.5,,HDAM,IT,46.201029,12.302334,284,78.3,52718,710,262,,
H2240,Riddes l'eau potable,1.565,,HROR,CH,46.16890503,7.228379036,,,,,5971,,
H2241,Madulain,1.56,,HROR,CH,46.58527095,9.93630252,,,,,5319,,
H2242,Dornachbrugg,1.54,,HROR,CH,47.4890185,7.607406154,,,,,4568,,
H2243,Bürglen loreto,1.5,,HROR,CH,46.87652924,8.663371668,,,,,4270,,
H2244,Raimat,1.5,,HROR,CH,47.00009483,9.501152888,,,,,5911,,
H2245,Val giuf,1.5,,HROR,CH,46.67133644,8.750729475,,,,,6373,,
H2246,Pack,1.5,,HDAM,AT,46.979012,15.022876,,,,,5685,,
H2247,Kleintal isenthal,1.483,,HROR,CH,46.91004298,8.562265169,,,,,5168,,
H2248,Paraya,1.48,,HROR,CH,46.41963529,9.234467239,,,,,5712,,
H2249,Hospitalet,1.47,,HROR,CH,45.88600196,7.18722185,,,,,5001,,
H225,Wallsee mitterkirchen Wallsee-Mitterkirchen-KW - Wallsee- Mitterkirchen Hydroelectric Power Plant Austria,210,,HROR,AT,48.166415,14.695103,,,,1318,124,45166,
H2250,Silvaplana,1.47,,HROR,CH,46.45962429,9.793376732,,,,,6144,,
H2251,Sihl höfe,1.45,,HROR,CH,47.17733569,8.682395765,,,,,6140,,
H2252,Gipuzkoako urak,1.442,,HROR,CH,46.26591756,7.781588383,,,,,4854,,
H2253,Wässerwasserkraftwerk mund,1.44,,HROR,CH,46.31423894,7.945729533,,,,,6489,,
H2254,Wässerwasserkraftwerk mund,1.44,,HROR,CH,46.31423894,7.945729533,,,,,6490,,
H2255,Grabs löchli,1.43,,HROR,CH,47.17572709,9.430203649,,,,,4875,,
H2256,Linthkraft netstal,1.42,,HROR,CH,47.07374951,9.060690799,,,,,5260,,
H2257,Höngg,1.4,,HROR,CH,47.40146932,8.48651399,,,,,5021,,
H2258,Tucep / Tuçep,1.4,,HROR,AL,41.44522,20.5049,,,,7.5,,,
H2259,Morgental abwasser,1.387,,HROR,CH,47.50056662,9.427904324,,,,,5508,,
H226,Fadalto UP_FADALTO_1,240,210,HPHS,IT,46.028439,12.300677,,,,,211,,
H2260,Berner green gmbh,1.37,,HROR,CH,46.66691626,7.464118512,,,,,4148,,
H2261,Mülau,1.37,,HROR,CH,47.41087234,9.078116171,,,,,5564,,
H2262,Murkart,1.33,,HROR,CH,47.53748775,8.914382519,,,,,5529,,
H2263,Bassecourt,1.27,,HROR,CH,47.33101593,7.231977249,,,,,4117,,
H2264,Ossasco,1.27,,HROR,CH,46.51263656,8.538384772,,,,,5674,,
H2265,Tagenstal,1.27,,HROR,CH,46.80560492,8.445577054,,,,,6201,,
H2266,Trigemer sa,1.26,,HROR,CH,46.05833724,6.960300386,,,,,6309,,
H2267,Nesslau ijentalerbach,1.25,,HROR,CH,47.22163731,9.184955161,,,,,5591,,
H2268,Saflisch,1.25,,HROR,CH,46.34285701,8.173570384,,,,,6028,,
H2269,Sennwald,1.22,,HROR,CH,47.26157616,9.496054092,,,,,6120,,
H227,Gallejaur Gallejaur G1 - Gallejour Hydroelectric Power Plant Seweden,214,,HDAM,SE,65.127297,19.467367,56,12.6,,661,1,46248,
H2270,Niollet,1.2,,HROR,CH,46.02118389,7.14243628,,,,,5608,,
H2271,Taulan,1.2,,HROR,CH,46.43390549,6.918466799,,,,,6219,,
H2272,Valeis,1.2,,HROR,CH,47.02326223,9.448095053,,,,,6379,,
H2273,Flums neues sägengüetli,1.19,,HROR,CH,47.08862808,9.340017618,,,,,4759,,
H2274,Knežke ravne,1.18,,HROR,CH,47.4592833,8.768831855,,,,,5173,,
H2275,Ziegelbrücke,1.18,,HROR,CH,47.13318748,9.062887359,,,,,6500,,
H2276,Oberterzen,1.16,,HROR,CH,47.10054715,9.259668837,,,,,5640,,
H2277,Melje Melje Hydroelectric Poqwer Plant Slovenia - Melje Hydroelectric Poqwer Plant Slovenia,2.26,,HROR,SI,46.56087,15.67309,,,,8.69,1820,44866,
H2278,Engi hinterdorf sernf,1.13,,HROR,CH,46.71179328,8.360463288,,,,,4664,,
H2279,Kandersteg zilfuri,1.09,,HROR,CH,46.49563349,7.691598934,,,,,5147,,
H228,Vallabregues VALLABREGUES - Beaucaire Hydroelectric Power Station France,210,,HROR,FR,43.82415,4.64349,14,,,,1940,39762,
H2280,Chasseras,1.07,,HROR,CH,46.6140138,10.44144265,,,,,4396,,
H2281,Neuewelt,1.07,,HROR,CH,47.52578187,7.621730117,,,,,5595,,
H2282,Turtig,1.06,,HROR,CH,46.30123283,7.793881283,,,,,6322,,
H2283,Hefti,1.05,,HROR,CH,46.96463478,9.04017863,,,,,4954,,
H2284,Bischofszell,1.02,,HROR,CH,47.49302794,9.234221195,,,,,4196,,
H2286,Klammsee,1,,HROR,AT,47.259384,12.738691,,,,,199,45569,
H2287,Erzbach,1,,HROR,AT,47.573384,14.839885,,,,,628,,
H2288,Kolbnitz trinkwasser,1,,HROR,AT,46.880169,13.31654,,,,,666,,
H2289,Mühldorf,1,,HROR,AT,46.860839,13.347763,,,,,687,,
H229,SALAKOVAC - Salakovac Hydroelectric Power Plant Bosnia and Herzegovina,210,,HDAM,BA,43.448002,17.837,70,68,,590,,44766,
H2290,Ramsaubach,1,,HROR,AT,47.531152,14.886815,,,,,713,,
H2291,Retznei,1,,HROR,AT,46.744338,15.570455,,,,,718,,
H2292,Steinfeld,1,,HROR,AT,46.760732,13.2476,,,,,735,,
H2293,Talbach,1,,HROR,AT,47.39026,13.685191,,,,,741,,
H2294,Teigitschmühle,1,,HROR,AT,47.021513,15.166537,,,,,742,,
H2295,Vordernberg,1,,HROR,AT,47.495437,14.99248,,,,,761,,
H2296,Weissenegg,1,,HROR,AT,46.912548,15.486664,,,,,763,,
H2297,"Am, dotation du châtelot",1,,HROR,CH,47.10144376,6.744403377,,,,,2085,,
H2299,Leuggelbach,1,,HROR,CH,46.97740129,9.047263569,,,,,5247,,
H23,Nant drance NANT DE DRANCE - Nant de Drance Pumped Storage Power Plant Switzerland,900,,HPHS,CH,46.1025948,7.0770551,395,13.8,20000,,2910,45484,
H230,Hpp stejaru STEJ1 - Bicaz-Stejaru Hydroelectric Power Station Romania,208.4,,HDAM,RO,46.9386,26.1029,127,1230,,434,2978,40978,
H2300,Piumogna dalpe,1,,HROR,CH,46.46656378,8.766605897,,,,,5788,,
H2301,Turgi,1,,HROR,CH,47.4960769,8.253998493,,,,,6320,,
H2302,Pack-Speicher,1,,HDAM,AT,46.976002,14.983,,,,,,,
H231,HE DJERDAP II,208,,HROR,RS,44.328999,22.528,35,,,1310,,,
H2328,Parteen Weir,1,,HDAM,IE,52.762083,-8.477083,16,465,,4,,,
H2329,Bag turgi,0.991,,HROR,CH,47.49814996,8.240492765,,,,,4089,,
H233,Guillena GUILLENA GR 1 GENERAC,207,225,HPHS,ES,37.567315,-6.049541,217,2.33,1123,,212,,
H2330,Kwkw dornbach,0.99,,HROR,CH,46.3912093,7.757027025,,,,,5193,,
H2331,Mels tobel,0.99,,HROR,CH,47.03825566,9.392719811,,,,,5380,,
H2332,Buchs vorderberg,0.98,,HROR,CH,47.14900223,9.445827051,,,,,4254,,
H2333,Dietfurt,0.98,,HROR,CH,47.34444353,9.080705976,,,,,4557,,
H2334,Kwkw bachtoli,0.98,,HROR,CH,46.2926425,7.779031385,,,,,5192,,
H2335,Moos,0.98,,HROR,CH,47.43877706,7.581132191,,,,,5500,,
H2336,Soor,0.98,,HROR,CH,47.35644098,9.078427788,,,,,6162,,
H2337,Champéry etrivouez,0.97,,HROR,CH,46.16176273,6.859187667,,,,,4393,,
H2338,Schergenbach,0.96,,HROR,CH,46.96038462,10.42176816,,,,,6100,,
H2339,Valmara,0.95,,HROR,CH,45.93944539,8.977679677,,,,,6385,,
H234,Harrsele,210,,HROR,SE,64.000342,19.566667,29,4.8,,968,781,,
H2340,Lunschania,0.94,,HROR,CH,46.66015035,9.188230385,,,,,5298,,
H2341,Brummbach braunwald,0.93,,HROR,CH,46.93860819,8.983050615,,,,,4249,,
H2342,Diesbach linth,0.93,,HROR,CH,46.95112776,9.028082335,,,,,4556,,
H2343,Mühlenplatz,0.93,,HROR,CH,47.05173377,8.301996655,,,,,5563,,
H2344,Pont neuf,0.93,,HROR,CH,46.07318487,7.055427017,,,,,5824,,
H2345,Haslen,0.92,,HROR,CH,46.9838748,9.060341551,,,,,4952,,
H2346,Moutier,0.92,,HROR,CH,47.26568755,7.349039421,,,,,5513,,
H2347,Tarasp ischla,0.92,,HROR,CH,46.78990298,10.283756,,,,,6213,,
H2348,Torrent soi,0.92,,HROR,CH,46.18603087,6.891049703,,,,,6284,,
H2349,Giessbach,0.9,,HROR,CH,46.73444273,8.018887644,,,,,4850,,
H2350,Lauenen louibach,0.9,,HROR,CH,46.42415333,7.318313953,,,,,5220,,
H2351,Preda bergün,0.9,,HROR,CH,46.58745777,9.77845017,,,,,5849,,
H2352,Realp,0.9,,HROR,CH,46.59934559,8.502297468,,,,,5928,,
H2353,"Schwanden f,blumer",0.9,,HROR,CH,46.99379408,9.077735512,,,,,6104,,
H2354,Rütiberg obersee,0.89,,HROR,CH,47.09360042,9.03731544,,,,,6023,,
H2355,Flims felsbach karstwasser,0.88,,HROR,CH,46.83409051,9.317652494,,,,,4757,,
H2356,Malters ettisbühl,0.87,,HROR,CH,47.03828553,8.165593221,,,,,5329,,
H2357,Charmey tzintre,0.86,,HROR,CH,46.61183292,7.176913,,,,,4395,,
H2358,Rütiberg brändbach,0.85,,HROR,CH,47.09360042,9.03731544,,,,,6022,,
H2359,Herrentöbeli,0.84,,HROR,CH,47.24477572,9.177916787,,,,,4963,,
H2360,Sigirino monteceneri,0.84,,HROR,CH,46.07743351,8.912533687,,,,,6139,,
H2361,Widen,0.83,,HROR,CH,47.56471365,9.077284716,,,,,6484,,
H2362,Interlaken,0.82,,HROR,CH,46.68264098,7.850107299,,,,,5096,,
H2363,Mühlefuhr,0.82,,HROR,CH,47.02656246,9.082684112,,,,,5562,,
H2364,Saxettal kammri,0.8,,HROR,CH,46.65762105,7.853444546,,,,,6098,,
H2365,Stroppel untersiggenthal,0.8,,HROR,CH,47.50273844,8.240296477,,,,,6182,,
H2366,Thorenberg,0.79,,HROR,CH,47.05257646,8.248047048,,,,,6245,,
H2367,Markovci,0.775,,HROR,SI,46.38817,15.92648,,,,4.74,1818,44867,
H2368,Moulinets sur l'orbe,0.77,,HROR,CH,46.72096978,6.532299496,,,,,5511,,
H2369,Oberems borterbach,0.75,,HROR,CH,46.24803169,7.709382581,,,,,2425,,
H237,KWO Produktion_2 - Innertkirchen 1 Hydroelectric Power Plant Switzerland,205,,HDAM,CH,46.716999,8.228,,14,21900,,3091,45447,
H2370,Talbach,0.75,,HROR,CH,47.1105411,9.270551756,,,,,6205,,
H2371,Walzmühle,0.74,,HROR,CH,47.02334749,8.394576485,,,,,6467,,
H2372,Rivaz le forestay,0.73,,HROR,CH,46.47464253,6.777709048,,,,,5986,,
H2373,Beulet,0.72,,HROR,CH,46.26823257,7.421004065,,,,,4155,,
H2374,Gsteig,0.72,,HROR,CH,46.38522809,7.268614256,,,,,4910,,
H2375,Laufen wasserfall,0.72,,HROR,CH,47.41968988,7.501173026,,,,,5221,,
H2376,Rasse,0.72,,HROR,CH,46.18132572,7.009207464,,,,,5922,,
H2377,Igiser mülbach landquart,0.71,,HROR,CH,46.95480199,9.566830333,,,,,5034,,
H2378,Rabiusawerk,0.71,,HROR,CH,46.84043063,9.542505418,,,,,5903,,
H2379,Stollen,0.71,,HROR,CH,47.03376162,8.237237617,,,,,6180,,
H2380,Frauenkirch,0.7,,HROR,CH,46.76886862,9.805581123,,,,,4770,,
H2381,Thur,0.7,,HROR,CH,47.55027583,9.142744634,,,,,6247,,
H2382,Jenins,0.694,,HROR,CH,46.99317803,9.554806522,,,,,5126,,
H2383,Buchs tobeläckerli,0.69,,HROR,CH,47.15623169,9.464565489,,,,,4253,,
H2384,Krauchbachwerk,0.64,,HROR,CH,46.95615284,9.159765348,,,,,5180,,
H2385,Manegg,0.64,,HROR,CH,47.33872649,8.520877823,,,,,5335,,
H2386,Lochmühle,0.63,,HROR,CH,47.46032554,9.439798119,,,,,5270,,
H2388,Freienstein,0.6,,HROR,CH,47.52869236,8.587030917,,,,,4771,,
H2389,Ingenbohl,0.6,,HROR,CH,47.00463378,8.611982099,,,,,5076,,
H2390,Sauterôt hérémence fmdb,0.6,,HROR,CH,46.17071741,7.40783043,,,,,6094,,
H2391,Töbeli,0.6,,HROR,CH,47.1248957,9.328650448,,,,,6329,,
H2392,Arbaz comba energies,0.59,,HROR,CH,46.26821778,7.378847861,,,,,4018,,
H2393,"C, h, ahedillo",0.59,,HROR,CH,47.44280863,7.593472467,,,,,4273,,
H2394,Riedji,0.59,,HROR,CH,46.23935966,7.890063308,,,,,5972,,
H2395,"Am,de dotation d'oelberg",0.58,,HROR,CH,46.79873405,7.165914943,,,,,3988,,
H2396,Arbaz sionne energie,0.58,,HROR,CH,46.2464389,7.363183375,,,,,4019,,
H2397,Hard wülflingen,0.58,,HROR,CH,47.51790559,8.673767584,,,,,4947,,
H2398,Niedergesteln,0.58,,HROR,CH,46.31421053,7.786176574,,,,,5600,,
H2399,Pilgersteg,0.56,,HROR,CH,47.26886719,8.87219842,,,,,5768,,
H24,Bissorte Hydroelectric 1/2/3,825,600,HPHS,FR,45.202,6.585,1160,39.5,3150,1690,1536,39783,WRI1002781
H240,Carrapatelo Carrapatelo - G1 - Carrapatelo Hydroelectric Power Plant Portugal,201,,HROR,PT,41.0849,-8.1306,,,,806.1,2921,43542,
H2400,Büttenen,0.55,,HROR,CH,47.44280863,7.593472467,,,,,4272,,
H2401,Chriz,0.55,,HROR,CH,46.30178188,7.790899627,,,,,4405,,
H2402,Mels halde,0.55,,HROR,CH,47.04454494,9.414273353,,,,,5378,,
H2403,"Twkw nessel u, mittubäch",0.55,,HROR,CH,46.28929892,8.024783615,,,,,6325,,
H2404,Floriffoux,0.540858921,,HROR,BE,50.4468,4.7767,,,,,870,42000,
H2405,Bruggmühle,0.54,,HROR,CH,47.34973098,8.339246074,,,,,4248,,
H2406,Äsch,0.52,,HROR,CH,46.8652358,8.810286832,,,,,6511,,
H2408,Fabrica vella,0.52,,HROR,CH,47.00714738,8.647151203,,,,,4727,,
H2409,Uznaberg uznach,0.51,,HROR,CH,47.23115989,8.964298631,,,,,6365,,
H241,Solina Solina - Solina Pumped Storage Hydroelectric Power Plant Poland,200,,HPHS,PL,49.3958323,22.4606916,,,840,,1550,42474,
H2410,Biberist,0.5,,HROR,CH,47.18352916,7.569110046,,,,,4170,,
H2411,Boudry les essert,0.5,,HROR,CH,46.95087683,6.842906442,,,,,4232,,
H2412,Engstlige,0.5,,HROR,CH,46.50688758,7.58273413,,,,,4665,,
H2413,Gerlafingen,0.5,,HROR,CH,47.1558501,7.544779979,,,,,4842,,
H2414,Linthkraft stiftung,0.5,,HROR,CH,46.92007484,8.996305732,,,,,5261,,
H2415,Plancanin,0.5,,HROR,CH,46.36389665,9.712656222,,,,,5796,,
H2416,Schwanden sne,0.5,,HROR,CH,46.994725,9.081840345,,,,,6106,,
H2417,Trinafour,0.5,,HROR,UK,56.699001,-4.408,,,,4,,,
H2418,Balavaud,0.48,,HROR,CH,46.22094907,7.256688856,,,,,4094,,
H2419,Erlenholz,0.48,,HROR,CH,47.45722642,9.368049001,,,,,4679,,
H242,Gerlos Gerlos-KW - Gerlos I-II Hydroelectric Power Plant Austria,200,,HDAM,AT,47.233704,11.899669,610.5,0.85,1200,320.3,65,45035,
H2420,Saxettal geissbrunnen,0.48,,HROR,CH,46.62837814,7.829977571,,,,,6097,,
H2421,Sennhof,0.47,,HROR,CH,47.46617504,8.756136879,,,,,6119,,
H2422,Turbinage jora afforêts,0.47,,HROR,CH,46.19115704,7.199796484,,,,,6317,,
H2423,Turbinage salvan et vernayaz,0.46,,HROR,CH,46.13383283,7.034684809,,,,,6318,,
H2424,Zour,0.46,,HROR,CH,46.27449779,7.352895558,,,,,6503,,
H2425,Blatten,0.45,,HROR,CH,46.42294306,7.822124202,,,,,4204,,
H2426,Gérignoz pontia,0.45,,HROR,CH,46.47327245,7.165215604,,,,,4936,,
H2427,Innere spinnerei,0.45,,HROR,CH,47.14032912,8.572503484,,,,,5082,,
H2428,"Les pontets com, riddes",0.45,,HROR,CH,46.12954581,7.251820266,,,,,5245,,
H2429,Rosswald gärsterna,0.45,,HROR,CH,46.31623833,8.034032094,,,,,6006,,
H2430,Bürglen säge,0.44,,HROR,CH,47.54725748,9.152214248,,,,,4271,,
H2431,Grabs bannwald,0.44,,HROR,CH,47.17262767,9.416893468,,,,,4874,,
H2432,"Thun eidg,",0.44,,HROR,CH,46.76159674,7.614695875,,,,,6246,,
H2433,Aarburg,0.42,,HROR,CH,47.31911784,7.903154137,,,,,3895,,
H2434,Murg merlen,0.41,,HDAM,CH,47.07290294,9.197623307,,,,,5525,,
H2435,Bätterkinden,0.4,,HROR,CH,47.13300389,7.544076021,,,,,4267,,
H2436,Dardin casut,0.4,,HROR,CH,46.75738163,9.049993378,,,,,4536,,
H2437,Niederlenz,0.4,,HROR,CH,47.39918853,8.176211468,,,,,5603,,
H2438,Step vallée bagnes,0.4,,HROR,CH,46.08276719,7.203116852,,,,,6179,,
H2439,Weinfelden model,0.4,,HROR,CH,47.56085106,9.102150629,,,,,6472,,
H2440,Blatten sak,0.38,,HROR,CH,47.30770042,9.567283487,,,,,4205,,
H2441,Jaun,0.38,,HROR,CH,46.6085005,7.269343603,,,,,5124,,
H2442,Lienz,0.38,,HROR,CH,47.27517475,9.525398933,,,,,5251,,
H2443,Rossfall,0.38,,HROR,CH,47.28685969,9.277793798,,,,,6005,,
H2444,"Seedorf trinkw, chuchibachq,",0.38,,HROR,CH,46.89920756,8.593407132,,,,,6113,,
H2445,Utzenstorf,0.38,,HROR,CH,47.14586466,7.546078738,,,,,6362,,
H2446,Dünnern olten,0.37,,HROR,CH,47.34863791,7.898646593,,,,,4575,,
H2447,Champagna,0.36,,HROR,CH,46.54192329,9.893476013,,,,,4391,,
H2448,Ew zürchersmühle,0.36,,HROR,CH,47.33180022,9.291783396,,,,,4714,,
H2449,Croseau saint gingolph,0.35,,HROR,CH,46.38772248,6.805809816,,,,,4513,,
H245,Beauchastel BEAUCHASTEL - Beauchastel Hydroelectric Power Station France,222,,HROR,FR,44.82397,4.81049,23,30,,,1576,39756,
H2450,Frinvillier,0.35,,HROR,CH,47.16834067,7.253712181,,,,,4776,,
H2451,Guarda ara,0.35,,HROR,CH,46.76848233,10.14298077,,,,,4915,,
H2452,Juramill,0.35,,HROR,CH,47.41051914,7.494670152,,,,,5143,,
H2453,Niederglatt gossau,0.35,,HROR,CH,47.43140012,9.175530139,,,,,5602,,
H2454,Pfungen,0.35,,HROR,CH,47.5214894,8.640919486,,,,,5759,,
H2455,Nenzlingen,0.34,,HROR,CH,47.4438497,7.547868534,,,,,5589,,
H2456,Micro centrale fontanney,0.3355,,HROR,CH,46.31706263,6.983983644,,,,,5396,,
H2457,Luterbach,0.3333,,HROR,CH,47.21419466,7.574728748,,,,,5299,,
H2458,Baltschieder,0.33,,HROR,CH,46.3075293,7.871676685,,,,,4101,,
H2459,Niedergesteln,0.33,,HROR,CH,46.31421053,7.786176574,,,,,5601,,
H246,Itoiz,198,,HDAM,ES,42.80375,-1.362083,95.04323147,417,234000,,,,
H2460,Rochers,0.33,,HROR,CH,46.26334294,7.352524241,,,,,5993,,
H2461,Blanches fontaines undervelier,0.32,,HROR,CH,47.29483845,7.221276989,,,,,4202,,
H2462,Niollet,0.32,,HROR,CH,46.02193593,7.121384412,,,,,5609,,
H2463,Taubenloch,0.32,,HROR,CH,47.16070765,7.261651302,,,,,6218,,
H2464,Vessy,0.32,,HROR,CH,46.17905674,6.170276834,,,,,6418,,
H2465,Ri di foch prato leventina,0.31,,HROR,CH,46.4801906,8.747534396,,,,,5968,,
H2466,Roseg samedan,0.31,,HROR,CH,46.51174319,9.878159147,,,,,6003,,
H2467,Schlossmühle frauenfeld,0.31,,HROR,CH,47.55388729,8.897962994,,,,,6103,,
H2468,Stäubenwald,0.31,,HROR,CH,46.72818112,8.620361466,,,,,6184,,
H2469,Bäch,0.3,,HROR,CH,47.2003433,8.72530004,,,,,4266,,
H247,Jochenstein Jochenstein Hydroelectric Power Plant Austria - Jochenstein Hydroelectric Power Plant Austria,66,,HROR,AT,48.5191878,13.7079666,,,,850,198,45169,
H2470,Bannwald,0.3,,HROR,CH,46.88682824,8.642348528,,,,,4104,,
H2471,Chasura,0.3,,HROR,CH,46.87027025,10.43580135,,,,,4397,,
H2472,Interlaken,0.3,,HROR,CH,46.68264098,7.850107299,,,,,5095,,
H2473,Nufenen,0.3,,HROR,CH,46.54305379,9.247951771,,,,,5632,,
H2474,Punt gronda tarschlims,0.3,,HROR,CH,46.83845165,9.265093353,,,,,5881,,
H2475,Rotzloch,0.3,,HROR,CH,46.96488319,8.331086665,,,,,6007,,
H2476,Tecnicama,0.3,,HROR,CH,46.28515565,9.174218376,,,,,6226,,
H2477,Flims felsbach bergwasser,0.28,,HROR,CH,46.83409051,9.317652494,,,,,4756,,
H2478,Pasarel Hydro Power Station,33,,HDAM,BG,42.5441,23.4861,116,655.3,,,,,
H2479,Centrale di Faubourg,10.6,,HROR,IT,45.716877,6.945111,,,,,,,
H248,Liptovská mara Liptovska MaraPS - Liptovska Mara Pumped Storage Hydroelectric Power Plant Slovakia,198,,HPHS,SK,49.09823,19.48484,,360,,,1555,42636,
H2480,Centrale di Aymavilles,8.6,,HROR,IT,45.710407,7.253837,,,,,,,
H2481,Centrale di Bard,4.1,,HROR,IT,45.604446,7.746439,,,,,,,
H2482,Centrale di Covalou,41,,HROR,IT,45.7743331,7.5951308,,,,,,,
H2483,Centrale di Isollaz,32,,HROR,IT,45.6892628,7.71111,,,,,,,
H2484,Maën Cignana,22,,HDAM,IT,45.868104,7.6147242,811,16,,,,,
H2485,Nus,48,,HROR,IT,45.7395178,7.4459142,,,,,,,
H2486,Maën Perreres,25,,HDAM,IT,45.8717692,7.6067958,483,0.07,80.1,,,,
H2487,Saint-Clair,31,,HROR,IT,45.7425728,7.6221486,,,,,,,
H2489,Prästforsens krv,3,,HDAM,SE,60.668611,17.076944,,,,,2870,,
H2490,Långå,156,,HDAM,SE,62.46369,13.08091,217,784,,400,,,
H2491,Jochenstein,66,,HROR,DE,48.51955,13.708869,,,,850,,,
H2492,Säckingen run-of-river,36.8,,HROR,DE,47.55828,7.9558,,,,,,,
H2493,Forb/ Murgwerk,22,,HROR,DE,48.66953,8.353117,,,,,,,
H2494,Reckingen,19,,HROR,DE,47.57122,8.338716,,,,,,,
H2495,WKW III,19,,HROR,DE,48.154,12.652,,,,,,,
H2496,Wassermühle Oetmannshausen,19,,HROR,DE,51.137898,9.972444,,,,,,,
H2497,WKW II,8.5,,HROR,DE,48.068,12.576,,,,,,,
H2498,Weserkraftwerk Bremen Turbine 1,5,,HROR,DE,53.061351,8.863932,,,,,,,
H25,Plavinas hpp Plavinas HPP - Plavinas Hydroelectric Power Plant Latvia,884,,HDAM,LV,56.583,25.2394,58,510,46330,1386,2964,42156,WRI1022436
H250,Frades I,196,,HPHS,PT,41.693192,-8.027951,,92.1,23520,220,3235,,
H2500,Weserkraftwerk Bremen Turbine 2,5,,HROR,DE,53.061364,8.863896,,,,,,,
H2502,Wasserkraftanlage Odertalsperre,4.86,,HROR,DE,51.646122,10.504712,,,,,,,
H2503,Biggekraftwerk Generator 1,4.8,,HROR,DE,51.116695,7.893554,,,,,,,
H2504,Biggekraftwerk Generator 1,4.8,,HROR,DE,51.116695,7.893554,,,,,,,
H2505,Biggekraftwerk Generator 1,4.8,,HROR,DE,51.116695,7.893554,,,,,,,
H2506,Biggekraftwerk Generator 1,4.8,,HROR,DE,51.116695,7.893554,,,,,,,
H2507,Biggekraftwerk Generator 2,4.8,,HROR,DE,51.11673,7.893335,,,,,,,
H2508,Biggekraftwerk Generator 2,4.8,,HROR,DE,51.11673,7.893335,,,,,,,
H2509,Biggekraftwerk Generator 2,4.8,,HROR,DE,51.11673,7.893335,,,,,,,
H251,Imatra Imatra - Imatra Hydroelectric Power Plant Finland,192,,HROR,FI,61.166797,28.774695,20,1.6,,,1635,45225,
H2510,Biggekraftwerk Generator 2,4.8,,HROR,DE,51.11673,7.893335,,,,,,,
H2511,Biggekraftwerk Generator 3,4.8,,HROR,DE,51.116742,7.893097,,,,,,,
H2512,Biggekraftwerk Generator 3,4.8,,HROR,DE,51.116742,7.893097,,,,,,,
H2513,Biggekraftwerk Generator 3,4.8,,HROR,DE,51.116742,7.893097,,,,,,,
H2514,Biggekraftwerk Generator 3,4.8,,HROR,DE,51.116742,7.893097,,,,,,,
H2515,Kraftwerk Rothenfels,4.2,,HROR,DE,49.90018,9.58676,,,,,,,
H2516,Wasserkraftanlage Okertalsperre,4.14,,HROR,DE,51.86256,10.471185,,,,,,,
H2517,WKW Großarmschlag Hauptkraftwerk,3.35,,HROR,DE,48.883166,13.359728,,,,,,,
H2518,KW Gundelsheim,3.05,,HROR,DE,49.280578,9.156055,,,,,,,
H2519,Altusried M1,3.025,,HROR,DE,47.817052,10.227499,,,,,,,
H2520,Altusried M2,3.025,,HROR,DE,47.817052,10.227499,,,,,,,
H2521,Schwabmünchen M1,2.6,,HROR,DE,48.191,10.729,,,,,,,
H2522,Bobingen M1,2.6,,HROR,DE,48.26,10.8,,,,,,,
H2523,Inningen M1,2.5,,HROR,DE,48.29,10.83,,,,,,,
H2524,Mittelstetten M1,2.4,,HROR,DE,49.21,10.72,,,,,,,
H2525,Großaitingen M1,2.4,,HROR,DE,48.23,10.76,,,,,,,
H2526,WKW I,1.9,,HROR,DE,48.024852,12.546325,,,,,,,
H2527,Kraftwerke Angermühle,1.79,,HROR,DE,48.001805,12.531413,,,,,,,
H2528,3126407 - Wasserkraftanlage 1,1.732,,HROR,DE,47.691143,10.323696,,,,,,,
H2529,Wasserkraftwerk Kalkofen,1.728,,HROR,DE,50.312965,7.896698,,,,,,,
H2530,Wasserkraftwerk Lahnstein,1.728,,HROR,DE,50.307445,7.615963,,,,,,,
H2531,WKW Kittlmühle 3 Erlau,1.559,,HROR,DE,48.665158,13.547951,,,,,,,
H2532,WKA Rochsburg Altanlage,1.5,,HROR,DE,50.951768,12.764048,,,,,,,
H2533,Kraftwerk Nachrodt,1.5,,HROR,DE,51.34595,7.637621,,,,,,,
H2534,Olef,1.45,,HROR,DE,50.494828,6.422579,,,,,,,
H2535,Wasserkraftanlage Papierfabrik Bernburg,1.45,,HROR,DE,51.794621,11.731746,,,,,,,
H2536,Wasserkraftanlage Saalemühle Bernburg,1.45,,HROR,DE,51.796552,11.734672,,,,,,,
H2537,Wasserkraftwerk Kammerl,1.424,,HROR,DE,47.661522,10.986862,,,,,,,
H2538,"Kraftwerk Weng, Emmer und Reitter GbR",1.42,,HROR,DE,48.35916,11.579483,,,,,,,
H2539,"WKW ""ATEX""",1.402,,HROR,DE,48.842462,13.371729,,,,,,,
H2540,Laufwasserkraftwerk Hengstey,1.4,,HROR,DE,51.400404,7.45204,,,,,,,
H2541,Wasserkraftanlage Golzern an der Mulde,1.4,,HROR,DE,51.247637,12.773335,,,,,,,
H2542,Sperrenkraftwerk Wehr,1.3,,HROR,DE,47.645653,7.917598,,,,,,,
H2543,Wasserkraftwerk Mittweida envia THERM,1.225,,HROR,DE,50.989193,13.006566,,,,,,,
H2544,Kraftwerk Regen,1.2,,HROR,DE,48.973538,13.145345,,,,,,,
H2545,Wasserkraftanlage Planena,1.2,,HROR,DE,51.416929,11.952942,,,,,,,
H2546,Legau M1,1.155,,HROR,DE,47.869845,10.181145,,,,,,,
H2547,Kraftwerk Mambach,1.152,,HROR,DE,47.730455,7.879137,,,,,,,
H2548,Fluhmühle M1,1.12,,HROR,DE,47.839568,10.192668,,,,,,,
H2549,Fluhmühle M1,1.12,,HROR,DE,47.839568,10.192668,,,,,,,
H2550,Oberegg M1,1.1,,HROR,DE,48.28,10.31,,,,,,,
H2551,Fluhmühle M2,1.09,,HROR,DE,47.839568,10.192668,,,,,,,
H2552,Fluhmühle M2,1.09,,HROR,DE,47.839568,10.192668,,,,,,,
H2553,Wasserkraftanlage Bochum-Stiepel,1.04,,HROR,DE,51.412809,7.220887,,,,,,,
H2554,Wasserkraftanlage Kettwig,1.033,,HROR,DE,51.360374,6.935374,,,,,,,
H2555,WKA Villigst,1,,HROR,DE,51.458439,7.633934,,,,,,,
H2556,Wasserkraftwerk Papierfabrik Limmritz,1,,HROR,DE,51.113828,13.045355,,,,,,,
H2557,KW Öpfingen,1,,HROR,DE,48.29463,9.830391,,,,,,,
H2558,KW Steinen,1,,HROR,DE,47.644532,7.753286,,,,,,,
H2559,Wasserkraftanlage Öblitz,0.993,,HROR,DE,51.18798,11.872397,,,,,,,
H2560,WKA Neurod,0.98,,HROR,DE,48.91103,8.45314,,,,,,,
H2561,Wasserkraftanlage Felsberg-Altenburg,0.97,,HROR,DE,51.118954,9.407344,,,,,,,
H2562,Wasserkraftanlage Öblitz,0.9,,HROR,DE,51.193081,11.87298,,,,,,,
H2563,Illerkraftwerk Au,0.9,,HROR,DE,47.685385,10.320718,,,,,,,
H2564,Maschine 2,0.9,,HROR,DE,50.039585,11.718604,,,,,,,
H2566,Wasserkraftwerk Borstendorf envia THERM,0.88,,HROR,DE,50.768601,13.163541,,,,,,,
H2567,WKW Mihla,0.88,,HROR,DE,51.078326,10.328892,,,,,,,
H2568,WKA  am Rotbach / Posthalde,0.82,,HROR,DE,47.931916,8.031358,,,,,,,
H2569,Wasserkraftanlage Hohenstein,0.8,,HROR,DE,51.425143,7.349392,,,,,,,
H257,Pragneres Hydroelectric Power Station France,189.2,,HDAM,FR,42.8211,0.01033,101,63,,326,1677,39776,
H2570,Wasserkraftanlage Oberried Unteres Werk,0.8,,HROR,DE,47.922189,7.937788,,,,,,,
H2571,Wasserkraftanlage Diez,0.8,,HROR,DE,50.375894,8.001703,,,,,,,
H2572,Wasserkraftwerk Saußbachmühle,0.779,,HROR,DE,48.81957,13.57453,,,,,,,
H2573,Wasserkraftwerk Auerhammer I,0.77,,HROR,DE,50.57937,12.690749,,,,,,,
H2574,Wasserkraftanlage Sachsenburg an der Zschopau,0.757,,HROR,DE,50.932406,13.027787,,,,,,,
H2575,Wasserkraftwerk Eule Colditz,0.755,,HROR,DE,51.146,12.792,,,,,,,
H2576,Wasserkraftwerk Innerstetalsperre Betriebs GmbH,0.75,,HROR,DE,51.914949,10.300975,,,,,,,
H2577,Wasserkraftwerk Lunzenau Papierfabrik,0.75,,HROR,DE,50.959439,12.755473,,,,,,,
H2578,Ellzee M1,0.72,,HROR,DE,48.332603,10.318785,,,,,,,
H2579,Kraftwertk Marienthal,0.718,,HROR,DE,49.045805,12.994735,,,,,,,
H258,Lanzada UP_LANZADA_1,212,,HDAM,IT,46.268585,9.877013,986,11,25713,,247,,
H2580,Wasserkraftanlage Harnrode,0.685,,HROR,DE,50.853798,9.96001,,,,,,,
H2581,Kraftwerk Rugenmühle,0.672,,HROR,DE,49.5,12.5,,,,,,,
H2582,Wasserkraftwerk Werker,0.66,,HROR,DE,49.610772,10.998282,,,,,,,
H2583,WKA Penig,0.655,,HROR,DE,50.933045,12.703174,,,,,,,
H2584,VA-Tech / RRT 1950,0.655,,HROR,DE,50.933,12.703,,,,,,,
H2585,LWKW Bockeloh M1,0.65,,HROR,DE,51.254853,7.800803,,,,,,,
H2586,LWKW Bockeloh M1,0.65,,HROR,DE,51.254853,7.800803,,,,,,,
H2587,LWKW Bockeloh M1,0.65,,HROR,DE,51.254853,7.800803,,,,,,,
H2588,LWKW Bockeloh M2,0.65,,HROR,DE,51.255,7.801,,,,,,,
H2589,LWKW Bockeloh M2,0.65,,HROR,DE,51.255,7.801,,,,,,,
H2590,LWKW Bockeloh M2,0.65,,HROR,DE,51.255,7.801,,,,,,,
H2591,LWKW Bockeloh M3,0.65,,HROR,DE,51.255,7.801,,,,,,,
H2592,LWKW Bockeloh M3,0.65,,HROR,DE,51.255,7.801,,,,,,,
H2593,LWKW Bockeloh M3,0.65,,HROR,DE,51.255,7.801,,,,,,,
H2594,WKA Amerika,0.646,,HROR,DE,50.9309,12.74681,,,,,,,
H2595,WKA Biebermühle,0.646,,HROR,DE,50.932892,12.734082,,,,,,,
H2596,Waldmühle II,0.64,,HROR,DE,48.906617,13.595375,,,,,,,
H2597,Kraftwerk Eibele,0.637,,HROR,DE,47.528466,9.968629,,,,,,,
H2598,KW Atzenbach,0.63,,HROR,DE,47.713774,7.867164,,,,,,,
H2599,Wasserkraftwerk Schmerold an der Mangfall,0.624,,HROR,DE,47.769949,11.762529,,,,,,,
H26,PSHPP_CHAIRA_GP1 - Chaira Pumped Storage Hydroelectric Power Plant Bulgaria,864,772,HPHS,BG,42.159,23.871,690,98.43602906,27340,422,2901,42172,WRI1008055
H260,Oraison ORAISON - Oraison Hydroelectric Power Station France,187,,HDAM,FR,43.92101,5.92438,29,15.7,,,1667,39706,
H2600,Flusskraftwerk Wöllsdorf,0.617,,HROR,DE,51.122898,13.030131,,,,,,,
H2601,Hummel-Mühle Unterensingen,0.605,,HROR,DE,48.390386,9.212134,,,,,,,
H2602,Wasserkraft Bamenohl,0.6,,HROR,DE,51.155555,7.992564,,,,,,,
H2603,Wasserkraftanlage Antonsthal,0.6,,HROR,DE,50.500689,12.756474,,,,,,,
H2604,WKW Porstendorf,0.6,,HROR,DE,50.975752,11.650404,,,,,,,
H2605,Wasserkraftanlage der Spinnerei Unterboihingen (T 12),0.6,,HROR,DE,48.6631,9.3638,,,,,,,
H2606,WKW Fährbrücke,0.6,,HROR,DE,50.646229,12.630021,,,,,,,
H2607,Biggekraftwerk Generator 4,0.6,,HROR,DE,51.116713,7.893217,,,,,,,
H2608,Biggekraftwerk Generator 4,0.6,,HROR,DE,51.116713,7.893217,,,,,,,
H2609,Biggekraftwerk Generator 4,0.6,,HROR,DE,51.116713,7.893217,,,,,,,
H261,Melk Melk-KW - Melk Hydroelectric Power Plant Austria,187,,HROR,AT,48.223472,15.304143,,,,1221,80,45168,
H2610,Biggekraftwerk Generator 4,0.6,,HROR,DE,51.116713,7.893217,,,,,,,
H2611,LWKW Siesel M1,0.6,,HROR,DE,51.224698,7.902132,,,,,,,
H2612,LWKW Siesel M1,0.6,,HROR,DE,51.224698,7.902132,,,,,,,
H2613,LWKW Siesel M1,0.6,,HROR,DE,51.224698,7.902132,,,,,,,
H2614,LWKW Siesel M2,0.6,,HROR,DE,51.224717,7.902046,,,,,,,
H2615,LWKW Siesel M2,0.6,,HROR,DE,51.224717,7.902046,,,,,,,
H2616,LWKW Siesel M2,0.6,,HROR,DE,51.224717,7.902046,,,,,,,
H2617,LWKW Siesel M3,0.6,,HROR,DE,51.224705,7.902063,,,,,,,
H2618,LWKW Siesel M3,0.6,,HROR,DE,51.224705,7.902063,,,,,,,
H2619,LWKW Siesel M3,0.6,,HROR,DE,51.224705,7.902063,,,,,,,
H262,Vermuntwerk Vermunt Hydroelectric Power Plant Austria,157,,HDAM,AT,46.96845,10.05986,53,5.3,,,1794,45209,
H2620,LWKW Wilhelmsthal M1,0.6,,HROR,DE,51.267373,7.724686,,,,,,,
H2621,LWKW Wilhelmsthal M1,0.6,,HROR,DE,51.267373,7.724686,,,,,,,
H2622,LWKW Wilhelmsthal M1,0.6,,HROR,DE,51.267373,7.724686,,,,,,,
H2623,LWKW Wilhelmsthal M1,0.6,,HROR,DE,51.267373,7.724686,,,,,,,
H2624,WKW Niederschlema,0.585,,HROR,DE,50.61235,12.690956,,,,,,,
H2625,WKA Werk Weisenbach,0.585,,HROR,DE,48.72377,8.35596,,,,,,,
H2626,Wasserkraftanlage Poppenwald,0.585,,HROR,DE,50.626783,12.684267,,,,,,,
H2627,WKW V,0.58,,HROR,DE,48.015627,12.544723,,,,,,,
H2628,WKA Mittweida,0.56,,HROR,DE,50.98297,12.99362,,,,,,,
H2629,WKA OT Klosterbuch,0.56,,HROR,DE,51.157979,12.975753,,,,,,,
H263,Pocinho Pocinho - G1 - Pocinho Hydroelectric Power Plant Portugal,186,,HROR,PT,41.1343,-7.1141,,,,408.4,2965,43536,
H2630,Höselhurst M1,0.55,,HROR,DE,48.3,10.32,,,,,,,
H2631,Wattenweiler M1,0.55,,HROR,DE,48.31,10.33,,,,,,,
H2632,Wasserkraft Braunsdorf GmbH,0.53,,HROR,DE,50.875318,13.021385,,,,,,,
H2633,Wasserkraftwerk Brethmühle,0.516,,HROR,DE,50.580197,12.745811,,,,,,,
H2634,Wasserkraftwerk Oberbiel,0.511,,HROR,DE,50.325259,8.253758,,,,,,,
H2635,"F-7505 Papierfabrik, Wolkenburg",0.505,,HROR,DE,50.898857,12.660523,,,,,,,
H2636,Generator 1 Villigst,0.504,,HROR,DE,51.458439,7.633934,,,,,,,
H2637,Wasserkraftanlage Petze,0.5,,HROR,DE,52.065195,9.942353,,,,,,,
H2638,FKW Auerbrücke,0.5,,HROR,DE,48.88873,8.703077,,,,,,,
H2639,WKW Rasenmühle,0.5,,HROR,DE,50.836,10.163,,,,,,,
H264,Avče CHE Avce - Avce Pumped Storage Hydroelectric Power Plant Slovenia,185,180,HPHS,SI,46.08412,13.66757,,2.17,,185,1535,44873,
H2640,WKA Rothenburg,0.5,,HROR,DE,51.646,11.753,,,,,,,
H2641,WKA Rothenburg,0.5,,HROR,DE,51.646,11.753,,,,,,,
H2642,WKA Rothenburg,0.5,,HROR,DE,51.646,11.753,,,,,,,
H2643,WKA Rothenburg,0.5,,HROR,DE,51.646,11.753,,,,,,,
H2644,WKA Rothenburg,0.5,,HROR,DE,51.646,11.753,,,,,,,
H2645,WKA Rothenburg,0.5,,HROR,DE,51.646,11.753,,,,,,,
H2646,WKA Rothenburg,0.5,,HROR,DE,51.646,11.753,,,,,,,
H2647,WKA Rothenburg,0.5,,HROR,DE,51.646,11.753,,,,,,,
H2648,WKA Rothenburg,0.5,,HROR,DE,51.646,11.753,,,,,,,
H2649,Wasserkraftwerk Hiltensweiler,0.496,,HROR,DE,47.650757,9.779708,,,,,,,
H265,FERRERA KHR,185,90,HPHS,CH,46.481998,9.453,28,197,22630,,1835,,
H2650,Erzeugung Hiltensweiler,0.496,,HROR,DE,47.651,9.779,,,,,,,
H2651,Wasserkraftanlage Vaihingen (Untermühle),0.495,,HROR,DE,48.927,8.956,,,,,,,
H2652,Wasserkraftanlage Wiesentwerk,0.49,,HROR,DE,49.716076,11.072574,,,,,,,
H2653,Wasserkraftwerk Laucherthal,0.49,,HROR,DE,48.08451,9.27675,,,,,,,
H2654,Wasserkraftanlage Werdohl (Im Ohl),0.49,,HROR,DE,51.261112,7.783748,,,,,,,
H2655,WKA Wutöschingen,0.485,,HROR,DE,47.659789,8.361481,,,,,,,
H2656,WKA-WUT,0.485,,HROR,DE,47.659821,8.360747,,,,,,,
H2657,Brennet,0.482,,HROR,DE,47.585424,7.90965,,,,,,,
H2658,Wasserkraftwerk Elmores / Kabelmetall,0.48,,HROR,DE,50.804873,7.589904,,,,,,,
H2659,Künzelsau,0.48,,HROR,DE,49.281599,9.690035,,,,,,,
H266,Stalden STALDEN - Stalden Hydroelectric Power Plant Switzerland,185,,HDAM,CH,46.23022033,7.857193058,120,77.5,,518.4,1787,45463,
H2660,Wasserkraftanlage Lastauer Mühle,0.48,,HROR,DE,51.103027,12.806881,,,,,,,
H2661,Maschine 1,0.48,,HROR,DE,50.039614,11.718821,,,,,,,
H2662,Maschine 1,0.48,,HROR,DE,50.039614,11.718821,,,,,,,
H2663,Wasserkraftwerk Oferdingen,0.475,,HROR,DE,48.553634,9.199879,,,,,,,
H2664,Wasserkraftanlage Marbach an der Flöha,0.47,,HROR,DE,50.785297,13.157997,,,,,,,
H2665,Wasserkraftwerk Neue Hütte Pöhla,0.468,,HROR,DE,50.501544,12.806464,,,,,,,
H2666,Kraftwerk Hottingen,0.465,,HROR,DE,47.633484,8.00019,,,,,,,
H2667,Erzeugung Hermaringen,0.452,,HROR,DE,48.599,10.255,,,,,,,
H2668,Großmühle Grimma,0.45,,HROR,DE,51.230896,12.726516,,,,,,,
H2669,Wasserkraftanlage Leisnig-Tragnitz,0.45,,HROR,DE,51.169751,12.918412,,,,,,,
H267,Sarrans SARRANS - Sarrans Hydroelectric Power Station France,183,,HDAM,FR,44.82942,2.74042,113,296,,,1686,39726,
H2670,Wasserkraftwerk Bautzen ( Talsperre),0.45,,HROR,DE,51.219873,14.470303,,,,,,,
H2671,Wasserkraftwerk Grüner Hirsch St. Andreasberg,0.45,,HROR,DE,51.71286,10.515999,,,,,,,
H2672,Reuschenberger Mühle,0.45,,HROR,DE,51.053981,6.976712,,,,,,,
H2673,WKA OT Tragnitz,0.45,,HROR,DE,51.163258,12.929731,,,,,,,
H2674,WKW Innerstetalsperre 2,0.45,,HROR,DE,51.914898,10.300997,,,,,,,
H2675,Papierfabrik,0.447,,HROR,DE,47.882939,9.644566,,,,,,,
H2676,"Vogt`sche Mühle, Weserstraße 4-6 in Kassel",0.44,,HROR,DE,51.317514,9.508007,,,,,,,
H2677,Wasserkraftanlage Eckertalsperre,0.43,,HROR,DE,51.842411,10.576558,,,,,,,
H2678,Wasserkraftanlage Bitburg,0.42,,HROR,DE,50.010099,6.443189,,,,,,,
H2679,Kammgarnspinnerei,0.42,,HROR,DE,48.971481,9.144594,,,,,,,
H2680,Wasserkraftanlage Gera-Debschwitz/ Weiße Elster,0.42,,HROR,DE,50.856833,12.077631,,,,,,,
H2681,WKW IV,0.415,,HROR,DE,48.083,12.575,,,,,,,
H2682,Wasserkraftanlage Talsperre Pirk,0.413,,HROR,DE,50.427496,12.116948,,,,,,,
H2683,Wasserkraftwerk Senden Weberei,0.41,,HROR,DE,48.320243,10.037948,,,,,,,
H2684,Kraftwerk Wiehlmünden,0.4,,HROR,DE,50.98822,7.480166,,,,,,,
H2685,Bühler Schneider Buchelt,0.4,,HROR,DE,47.520754,10.228919,,,,,,,
H2686,Wasserkraftwerk Hauptwerk,0.4,,HROR,DE,47.78399,11.78736,,,,,,,
H2687,Wasserkraftanlage Mühle Wetterzeube,0.4,,HROR,DE,51.004616,12.014242,,,,,,,
H2688,WKA am Neumagen/Staufen,0.4,,HROR,DE,47.866957,7.746614,,,,,,,
H2689,WKA-Töpelmühle,0.4,,HROR,DE,51.122906,13.030117,,,,,,,
H269,JABLANICA - Jablanica Hydroelectric Power Plant Bosnia and Herzegovina,181,,HDAM,BA,43.692001,17.733,85,,,,,44767,
H2690,WKA Dorndorf,0.4,,HROR,DE,51.005,11.674,,,,,,,
H2691,WKA Dorndorf,0.4,,HROR,DE,51.005,11.674,,,,,,,
H2692,WKA Dorndorf,0.4,,HROR,DE,51.005,11.674,,,,,,,
H2693,WKA Dorndorf,0.4,,HROR,DE,51.005,11.674,,,,,,,
H2694,F-4804 Wollreißerei Stein,0.395,,HROR,DE,50.96229,12.805247,,,,,,,
H2695,Wasserkraftwerk Baierbrunn,0.39,,HROR,DE,48.026886,11.50214,,,,,,,
H2696,Wasserkraftwerk Scheer an der Donau,0.39,,HROR,DE,48.071851,9.202968,,,,,,,
H2697,Wasserkraft EGO,0.39,,HROR,DE,47.633,11.237,,,,,,,
H2698,Wasserkraftwerk Mindelaltheim,0.386,,HROR,DE,48.452,10.403,,,,,,,
H2699,Generator1,0.385,,HROR,DE,48.574,13.799,,,,,,,
H27,Harsprånget Harspranget G1 - Harspranget Hydroelectric Power Station Sweden,871,,HDAM,SE,66.885309,19.818399,107,6.4,,2150,2,42916,WRI1002099
H2701,Johann Rösner Elektrizitätswerk,0.372,,HROR,DE,47.878813,11.926727,,,,,,,
H2702,Eulschirbener Mühle,0.37,,HROR,DE,49.699834,9.577934,,,,,,,
H2703,Wasserkraftanlage Greiz-Dölau,0.37,,HROR,DE,50.625992,12.17791,,,,,,,
H2704,Wasserkraftanlage Schuhmacherwehr,0.3697,,HROR,DE,47.75183,11.7412,,,,,,,
H2705,Vogelmühle,0.36,,HROR,DE,50.747328,13.190712,,,,,,,
H2706,Heinrich und Marianne Holzner GbR,0.36,,HROR,DE,47.977816,12.505138,,,,,,,
H2707,Hedrichwerk,0.36,,HROR,DE,50.814344,12.527262,,,,,,,
H2708,Riedmühle Mindelaltheim,0.36,,HROR,DE,48.452252,10.403121,,,,,,,
H2709,Hedrichwerk,0.36,,HROR,DE,50.815425,12.527415,,,,,,,
H271,Regua REgua - G1 - Regua Hydroelectric Power Plant Portugal,180,,HROR,PT,41.1461,-7.74,41,95,,,2971,43541,
H2710,Baiersdorfermühle,0.355,,HROR,DE,49.646034,11.015016,,,,,,,
H2711,Wasserkraftwerk,0.355,,HROR,DE,49.416,11.018,,,,,,,
H2712,Wiemeringhausen,0.352,,HROR,DE,51.2896,8.504373,,,,,,,
H2713,Eichmühle,0.35,,HROR,DE,50.841212,9.680571,,,,,,,
H2714,KW Grimmer - alte Papierfabrik in Mü.-Pasing,0.35,,HROR,DE,48.13694,11.453331,,,,,,,
H2715,Wasserkraft Rieger,0.35,,HROR,DE,48.025097,12.545427,,,,,,,
H2716,Holzschleife,0.35,,HROR,DE,47.89108,9.658,,,,,,,
H2717,Wasserkraftwerk T 29 an der Enz,0.35,,HROR,DE,49.002843,9.14008,,,,,,,
H2718,WKA Bad Schlema,0.35,,HROR,DE,50.618,12.681,,,,,,,
H2719,Isenkraftwerk-Generator 1,0.35,,HROR,DE,48.26,12.634,,,,,,,
H272,AZUTAN,180,,HDAM,ES,39.778999,-5.088,191.6,113,,,,,
H2720,Isenkraftwerk-Generator 1,0.35,,HROR,DE,48.26,12.634,,,,,,,
H2721,Isenkraftwerk-Generator 1,0.35,,HROR,DE,48.26,12.634,,,,,,,
H2722,Isenkraftwerk-Generator 2,0.35,,HROR,DE,48.26,12.634,,,,,,,
H2723,Isenkraftwerk-Generator 2,0.35,,HROR,DE,48.26,12.634,,,,,,,
H2724,Isenkraftwerk-Generator 2,0.35,,HROR,DE,48.26,12.634,,,,,,,
H2725,Isenkraftwerk-Generator 3,0.35,,HROR,DE,48.26,12.634,,,,,,,
H2726,Isenkraftwerk-Generator 3,0.35,,HROR,DE,48.26,12.634,,,,,,,
H2727,Isenkraftwerk-Generator 3,0.35,,HROR,DE,48.26,12.634,,,,,,,
H2728,Waldstetten M1,0.35,,HROR,DE,48.347953,10.307713,,,,,,,
H2729,Wachtelberg 1,0.344,,HROR,DE,48.538069,9.486565,,,,,,,
H273,S. floriano UP_SFLORIANO_2,180,,HROR,IT,46.290466,11.245401,,,,,240,,
H2730,Wasserkraftwerk Freyburg /Unstrut,0.34,,HROR,DE,51.208567,11.771387,,,,,,,
H2731,KW Schappe,0.334,,HROR,DE,47.712215,7.861243,,,,,,,
H2732,Wasserkraft Cronenberg/Sophienhammer,0.33,,HROR,DE,51.40528,7.992761,,,,,,,
H2733,Wasserkraftwerk Rechtenstein,0.33,,HROR,DE,48.240348,9.545755,,,,,,,
H2734,Salach,0.33,,HROR,DE,48.685825,9.748415,,,,,,,
H2735,Sax-Seisenberger GBR,0.33,,HROR,DE,47.576,10.518,,,,,,,
H2736,WKA Steinerne Renne in Wernigerode,0.32,,HROR,DE,51.816661,10.724849,,,,,,,
H2737,WKA Silberstraße,0.32,,HROR,DE,50.660844,12.547875,,,,,,,
H2738,Elektrizitätswerk Laufenmühle,0.32,,HROR,DE,48.260753,9.56291,,,,,,,
H2739,Wasserkraftanlage T7,0.32,,HROR,DE,48.442,8.684,,,,,,,
H274,Bourg les valence BOURG les VALENCE - Bourg Les Valence Hydroelectric Power Station France,180,,HROR,FR,44.96128,4.87221,25,,,,1584,39761,
H2740,Lahnlagerhaus-Löhnberg,0.32,,HROR,DE,50.508146,8.27337,,,,,,,
H2741,Hausen I,0.316,,HROR,DE,47.691113,7.842742,,,,,,,
H2742,Große Dhünn - Talsperre,0.314,,HROR,DE,51.069535,7.186003,,,,,,,
H2743,Wasserkraftanlage Reschwitz an der Saale,0.312,,HROR,DE,50.616603,11.384417,,,,,,,
H2744,WKW Hauzenberg,0.305,,HROR,DE,48.740208,13.559773,,,,,,,
H2745,Wasserkraftwerk Triftbach Bad Aibling,0.3,,HROR,DE,47.856723,12.003619,,,,,,,
H2746,WKA Dorndorf an der Werra,0.3,,HROR,DE,50.837798,10.089621,,,,,,,
H2747,Wasserkraftwerk Krebs OHG,0.3,,HROR,DE,49.243734,9.30553,,,,,,,
H2748,WKW Wieblingen/ Helmreich,0.3,,HROR,DE,49.426813,8.651185,,,,,,,
H2749,WKA Gräfendorf,0.3,,HROR,DE,50.115,9.767,,,,,,,
H275,Laxede Laxede Hydroelectric Power Station Sweden - Laxede Hydroelectric Power Station Sweden,207,,HDAM,SE,66.2682205,20.8259525,21,15.1,,870,772,42913,
H2750,WKA Gräfendorf,0.3,,HROR,DE,50.115,9.767,,,,,,,
H2751,WKW Innerstetalsperre 1,0.3,,HROR,DE,51.914907,10.301431,,,,,,,
H2752,WKW Oker,0.3,,HROR,DE,51.884,10.472,,,,,,,
H2753,LWKW Wilhelmsthal M2,0.3,,HROR,DE,51.26737,7.724669,,,,,,,
H2754,LWKW Wilhelmsthal M2,0.3,,HROR,DE,51.26737,7.724669,,,,,,,
H2755,LWKW Wilhelmsthal M2,0.3,,HROR,DE,51.26737,7.724669,,,,,,,
H2756,LWKW Wilhelmsthal M2,0.3,,HROR,DE,51.26737,7.724669,,,,,,,
H2757,LWKW Wilhelmsthal M3,0.3,,HROR,DE,51.267382,7.724668,,,,,,,
H2758,LWKW Wilhelmsthal M3,0.3,,HROR,DE,51.267382,7.724668,,,,,,,
H2759,LWKW Wilhelmsthal M3,0.3,,HROR,DE,51.267382,7.724668,,,,,,,
H276,Tavanasa kvr,180,,HDAM,CH,46.75103682,9.046923928,,,,,2630,,
H2760,LWKW Wilhelmsthal M3,0.3,,HROR,DE,51.267382,7.724668,,,,,,,
H2761,WKW Göhren,0.295,,HROR,DE,50.981,12.766,,,,,,,
H2762,WKW Göhren,0.295,,HROR,DE,50.981,12.766,,,,,,,
H2763,WKW Göhren,0.295,,HROR,DE,50.981,12.766,,,,,,,
H2764,WKW Göhren,0.295,,HROR,DE,50.981,12.766,,,,,,,
H2765,WKW Göhren,0.295,,HROR,DE,50.981,12.766,,,,,,,
H2766,WKW Göhren,0.295,,HROR,DE,50.981,12.766,,,,,,,
H2767,Hammermühle Schwarzenfeld,0.294,,HROR,DE,49.387595,12.143642,,,,,,,
H2768,Wasserkraftwerk Greiz-Dölau,0.2925,,HROR,DE,50.626015,12.177755,,,,,,,
H2769,Kraftwerk Stefling,0.292,,HROR,DE,49.214239,12.204829,,,,,,,
H277,TREBINJE - Trebinje I Hydroelectric Power Plant Bosnia and Herzegovina,179,,HDAM,BA,42.734001,18.497,123,1082,,500,,44768,
H2770,Wasserkraftanlage Mühle Oldisleben,0.29,,HROR,DE,51.300644,11.173349,,,,,,,
H2771,Wasserkraftwerk Nossen an der Freiberger Mulde,0.29,,HROR,DE,51.065898,13.293679,,,,,,,
H2772,Burgkunstädter Mühle,0.286,,HROR,DE,50.132748,11.248659,,,,,,,
H2773,Okertal 16/17 (Lumme II bzw. Werk IV),0.285,,HROR,DE,51.875911,10.474962,,,,,,,
H2774,Wasserkraftanlage Remse,0.28,,HROR,DE,50.851641,12.564334,,,,,,,
H2775,Wasserkraftwerk Burgau,0.28,,HROR,DE,48.432,10.408,,,,,,,
H2776,Wasserkraftwerk Gündenhausen,0.279,,HROR,DE,47.649142,7.800731,,,,,,,
H2777,Wasserkraftanlage Technitz,0.27,,HROR,DE,51.130601,13.062722,,,,,,,
H2778,Saßbachmühle 4,0.27,,HROR,DE,48.717,13.581,,,,,,,
H2779,Breitenthal M1,0.27,,HROR,DE,48.2345,10.30013,,,,,,,
H278,Ottensheim wilhering Ottensheim-Wilhering-KW - Ottenheim-Wilhering Hydroelectric Power Plant Austria,179,,HROR,AT,48.3165,14.151057,,,,1153,91,45164,
H2780,Breitenthal M1,0.27,,HROR,DE,48.2345,10.30013,,,,,,,
H2781,Breitenthal M2,0.27,,HROR,DE,48.2345,10.30013,,,,,,,
H2782,Breitenthal M2,0.27,,HROR,DE,48.2345,10.30013,,,,,,,
H2783,Hochbehälter 08,0.264,,HROR,DE,50.9236,10.76272,,,,,,,
H2784,WKA Erlautal,0.26,,HROR,DE,48.564261,13.578327,,,,,,,
H2785,Stadtmühle Forst,0.26,,HROR,DE,51.4371,14.65153,,,,,,,
H2786,Pflegelberg T238 (T4),0.26,,HROR,DE,47.66079,9.7408,,,,,,,
H2787,Wasserkraftwerk,0.26,,HROR,DE,48.291,8.325,,,,,,,
H2788,WKW Göhren,0.26,,HROR,DE,50.981,12.766,,,,,,,
H2789,WKW Göhren,0.26,,HROR,DE,50.981,12.766,,,,,,,
H279,Rothenbrunnen,179,,HDAM,CH,46.7699211,9.419593243,,,,,2536,,
H2790,WKW Göhren,0.26,,HROR,DE,50.981,12.766,,,,,,,
H2791,WKW Kaufbeurer Straße,0.25,,HROR,DE,47.725719,10.322733,,,,,,,
H2792,Wasserkraftwerk Schwarzach,0.25,,HROR,DE,49.33152,11.0717,,,,,,,
H2793,Kraftwerk Knoedlsed,0.25,,HROR,DE,48.636177,13.609716,,,,,,,
H2794,KW Schaibing,0.25,,HROR,DE,48.598348,13.586612,,,,,,,
H2795,Wasserkraftwerk Niederstriegis,0.25,,HROR,DE,51.050656,13.050966,,,,,,,
H2796,WKW Lehnamühle,0.25,,HROR,DE,50.71106,12.163287,,,,,,,
H2797,"T 113 ""Wasserschlössle""",0.25,,HROR,DE,48.605989,9.446094,,,,,,,
H2798,Wasserkraft Lollar,0.25,,HROR,DE,50.653293,8.705427,,,,,,,
H2799,Wasserkraftwerk Freitagmühle,0.25,,HROR,DE,50.569381,12.747601,,,,,,,
H28,Villarino VLLRINO 1G - Almendra (Villarino) Hydroelectric Power Plant Spain,851,828,HPHS,ES,41.271328,-6.320278,202,2648,3120000,700,26,43825,WRI1008033
H280,"S,EST IIG1",177,,HDAM,ES,42.414001,-7.6496,,,,,,,
H2800,Wasserkraftanlage am Unteren Wehr,0.25,,HROR,DE,48.705088,9.639635,,,,,,,
H2801,WKA Laucha/Unstrut,0.25,,HROR,DE,51.225,11.679,,,,,,,
H2802,"Eberkraft, ""Zinserwehr""",0.25,,HROR,DE,48.71627,9.547995,,,,,,,
H2803,Wasserkraftwerk Schwarzach,0.25,,HROR,DE,49.33152,11.0717,,,,,,,
H2804,Generator2,0.25,,HROR,DE,48.574,13.799,,,,,,,
H2805,Wasserkraftanlage Schwallungen / Werra,0.245,,HROR,DE,50.690502,10.357159,,,,,,,
H2806,Wasserkraftanlage Dahlerau,0.24,,HROR,DE,51.220456,7.314552,,,,,,,
H2807,Kraftwerk T84 Senkelbach,0.24,,HROR,DE,48.380796,10.890366,,,,,,,
H2808,Wasserkraftanlage Ecksteinmühle Neustadt,0.24,,HROR,DE,52.506611,9.463072,,,,,,,
H2809,Wasserkraftwerk Hartmut Lang,0.235,,HROR,DE,49.689949,9.599057,,,,,,,
H281,Hjälta,180,,HROR,SE,62.983391,17.866538,,,,983,2848,,
H2810,WKW Kamerun,0.235,,HROR,DE,50.683954,13.269382,,,,,,,
H2811,Wasserkraftanlage Hohenfichte,0.23,,HROR,DE,50.825638,13.128837,,,,,,,
H2812,Gingen T39,0.23,,HROR,DE,48.650355,9.788849,,,,,,,
H2813,WKW Werramühle,0.23,,HROR,DE,50.887317,10.003625,,,,,,,
H2814,Kraftwerk Marienthal,0.228,,HROR,DE,48.852095,12.990609,,,,,,,
H2815,Rottaler E-Werk,0.227,,HROR,DE,48.444058,13.089996,,,,,,,
H2816,Wasserkraftwerk Untermaubach,0.225,,HROR,DE,50.72618,6.457026,,,,,,,
H2817,Wasserkraftanlage Herrenmühle,0.225,,HROR,DE,50.739203,12.155301,,,,,,,
H2818,Ruhland gbr,0.225,,HROR,DE,49.490949,12.5162,,,,,,,
H2819,WKA Eckold in St. Andreasberg,0.224,,HROR,DE,51.675956,10.5006,,,,,,,
H282,Naturno UP_CNTRLNTRNO_11,230,,HDAM,IT,46.651148,10.993403,,,,,256,,
H2820,Wasserkraftanlage Klosterstraße Pfullingen,0.222,,HROR,DE,48.458704,9.22712,,,,,,,
H2821,Wasserkraftwerk Hartenstein Neuanlage,0.22,,HROR,DE,50.650839,12.662767,,,,,,,
H2822,Wasserkraftanlage Münsinger Straße Bad Urach,0.22,,HROR,DE,48.474481,9.409997,,,,,,,
H2823,WKW Auerhammer II,0.22,,HROR,DE,50.575755,12.689821,,,,,,,
H2824,Kugelbergle T14,0.22,,HROR,DE,48.548442,9.476227,,,,,,,
H2826,Wasserkraft Bode,0.22,,HROR,DE,51.999,11.309,,,,,,,
H2827,Wasserkraftwerk Mögling,0.215,,HROR,DE,49.244174,9.4310302,,,,,,,
H2828,Märkisch-Buchholz,0.215,,HROR,DE,52.107042,13.759869,,,,,,,
H2829,Wasserkraftwerk Birkenfeld,0.212,,HROR,DE,48.854336,8.611838,,,,,,,
H283,Fessenheim FESSENHEIM - Fessenheim Hydroelectric Power Station France,175,,HROR,FR,47.91466,7.57067,,,,,1614,39778,
H2830,Wasserkraftwerk / Krautheim,0.21,,HROR,DE,49.381929,9.637794,,,,,,,
H2831,Wasserkraftanlage Spreemühle,0.21,,HROR,DE,51.311383,14.545619,,,,,,,
H2832,Wasserkraftanlage Endresswehr,0.205,,HROR,DE,47.51517,10.26324,,,,,,,
H2833,Wasserkraftwerk Aura,0.2,,HROR,DE,50.164593,10.005482,,,,,,,
H2834,Wasserkraftwerk Taussig (Willinger Straße) Bad Aibling,0.2,,HROR,DE,47.859555,11.998376,,,,,,,
H2835,Wasserkraftwerk Roth,0.2,,HROR,DE,49.246271,11.089276,,,,,,,
H2836,Wasserkraftwerk Gutach an der Wilden Gutach,0.2,,HROR,DE,48.119746,7.990005,,,,,,,
H2837,Wasserkraftwerk Sieberstollen St. Andreasberg,0.2,,HROR,DE,51.71286,10.515999,,,,,,,
H2838,WKA Unterreichenbach,0.2,,HROR,DE,48.825167,8.71175,,,,,,,
H2839,WKW Riedmühle Tafertshofen,0.2,,HROR,DE,48.207846,10.270045,,,,,,,
H284,Wien freudenau Freudenau-KW - Freudenau Hydroelectric Power Plant Austria,172,,HROR,AT,48.176872,16.481754,,,,1052,64,44777,
H2840,KW Eixendorf II,0.2,,HROR,DE,49.339486,12.479714,,,,,,,
H2841,WKA Günzburg/Wasserburg,0.196,,HROR,DE,48.43776,10.271377,,,,,,,
H2842,Wasserwerk am Neckar T152,0.19,,HROR,DE,48.226233,8.606976,,,,,,,
H2843,Eixendorf II,0.19,,HROR,DE,49.339512,12.479861,,,,,,,
H2844,Marienmühle,0.185,,HROR,DE,48.96846,13.12101,,,,,,,
H2845,Wasserkraftwerk Häfele Hohebach,0.185,,HROR,DE,49.36435,9.733634,,,,,,,
H2846,Holzschleiferei T17,0.185,,HROR,DE,48.554223,9.468861,,,,,,,
H2847,EW 4,0.18,,HROR,DE,48.36389,11.85765,,,,,,,
H2848,Wasserkraftwerk Wöllershof,0.18,,HROR,DE,49.750576,12.180641,,,,,,,
H2849,Langenbach Kraftwerk GdbR,0.18,,HROR,DE,47.841298,7.930631,,,,,,,
H285,Ligga Ligga G3 - Ligga Hydroelectric Power Station Sweden,175,,HDAM,SE,66.80939,19.896293,35,5.4,,790,4,42917,
H2850,WKA Erlenmühle,0.18,,HROR,DE,48.725591,8.353014,,,,,,,
H2851,Günz-Elektrizitätswerk (Oberes Werk Markt Rettenbach),0.18,,HROR,DE,47.912027,10.404573,,,,,,,
H2852,WKW Schönheiderhammer,0.18,,HROR,DE,50.502485,12.55281,,,,,,,
H2853,Weißachwerk,0.18,,HROR,DE,47.681354,11.762617,,,,,,,
H2854,EW4,0.18,,HROR,DE,48.363895,11.85764,,,,,,,
H2855,EW4,0.18,,HROR,DE,48.363898,11.857684,,,,,,,
H2856,WKA Gräfendorf,0.18,,HROR,DE,50.115,9.767,,,,,,,
H2857,WKA Gräfendorf,0.18,,HROR,DE,50.115,9.767,,,,,,,
H2858,Schliffgesmühle,0.17,,HROR,DE,49.791911,7.613542,,,,,,,
H2859,Triebwerksanlage Schiettinger,0.17,,HROR,DE,49.789964,12.167642,,,,,,,
H286,Baixo Sabor Montante - G1,189,189,HPHS,PT,41.209099,-7.049,123,630,3400,230,,,
H2860,WKW Bobzin,0.17,,HROR,DE,53.492097,12.071089,,,,,,,
H2861,WKW Kylltal,0.17,,HROR,DE,49.818451,6.66872,,,,,,,
H2862,WKA Augsburg,0.17,,HROR,DE,48.36286,10.920258,,,,,,,
H2863,WKA Augsburg,0.17,,HROR,DE,48.38699,10.891132,,,,,,,
H2864,Niederschmiedeberg ehem. Lederpappenfabrik,0.167,,HROR,DE,50.590617,13.127945,,,,,,,
H2865,Wasserkraftwerk Blutmühle,0.165,,HROR,DE,48.510004,12.446472,,,,,,,
H2866,Wasserkraftanlage Mühle Stahmeln,0.165,,HROR,DE,51.376395,12.301523,,,,,,,
H2867,E-Werk Wacht,0.165,,HROR,DE,47.802238,7.990106,,,,,,,
H2868,Wasserkraftanlage Möhnebogen an der Möhne,0.16,,HROR,DE,51.462224,7.976859,,,,,,,
H2869,Wöhrleinsmühle,0.16,,HROR,DE,50.26355,11.39562,,,,,,,
H2870,Wasserkraftanlage Naujoks Neu Kaliß,0.16,,HROR,DE,53.171995,11.290177,,,,,,,
H2871,WKA Staudachmühle,0.16,,HROR,DE,47.671453,9.880326,,,,,,,
H2872,E-Werk Zellerbach,0.16,,HROR,DE,47.773461,12.645865,,,,,,,
H2873,WKA- Borken,0.16,,HROR,DE,51.061271,9.273313,,,,,,,
H2874,E-Werk Sigiswang,0.16,,HROR,DE,47.485452,10.231098,,,,,,,
H2875,KE 45 WKW,0.16,,HROR,DE,47.925,10.599,,,,,,,
H2876,PAT RS,0.16,,HROR,DE,48.681293,9.144356,,,,,,,
H2878,Turbine 1,0.16,,HROR,DE,50.784118,13.084404,,,,,,,
H2879,Turbine 1,0.16,,HROR,DE,50.784118,13.084404,,,,,,,
H2880,Generator 2,0.16,,HROR,DE,51.496,9.281,,,,,,,
H2881,Generator 2,0.16,,HROR,DE,51.496,9.281,,,,,,,
H2882,Wasserkraftwerk Franzmühle Elsterberg,0.155,,HROR,DE,50.597797,12.165818,,,,,,,
H2883,T27 / 408 426 927 / Trafostation Zimmermann,0.15403,,HROR,DE,48.936667,8.919167,,,,,,,
H2884,Lahnmühle Nau,0.151,,HROR,DE,50.727041,8.72552,,,,,,,
H2885,Kraftwerk Förmitz,0.15,,HROR,DE,50.200771,11.907373,,,,,,,
H2886,WKW Münchshofen,0.15,,HROR,DE,49.238473,12.084235,,,,,,,
H2887,Wasserkraftanlage Mühle Zeddenbach,0.15,,HROR,DE,51.212571,11.745831,,,,,,,
H2888,Wasserkraftwerk Jagsthausen,0.15,,HROR,DE,49.307651,9.465437,,,,,,,
H2889,Wasserkraftwerk Union an der Elz,0.15,,HROR,DE,48.113331,7.983555,,,,,,,
H289,Petajaskoski / Petäjäskoski,169,,HDAM,FI,64.360001,24.409,23,115.4,,632,,,
H2890,Kraftwerk Müngstener Brücke in Solingen - Schaltkotten,0.15,,HROR,DE,51.162218,7.136803,,,,,,,
H2891,Niedermühle Wasserkraftanlage,0.15,,HROR,DE,49.774963,7.699445,,,,,,,
H2892,Wasserkraftwerk Grundstraße St. Andreasberg,0.15,,HROR,DE,51.71508,10.522963,,,,,,,
H2893,Wasserturbine A,0.15,,HROR,DE,48.479,10.368,,,,,,,
H2894,Wasserturbine A,0.15,,HROR,DE,48.479,10.368,,,,,,,
H2895,Wasserturbine B,0.15,,HROR,DE,48.479,10.368,,,,,,,
H2896,Wasserturbine B,0.15,,HROR,DE,48.479,10.368,,,,,,,
H2897,WKA 1,0.15,,HROR,DE,49.169,13.118,,,,,,,
H2898,Unterwerk I,0.148,,HROR,DE,47.873062,12.644255,,,,,,,
H2899,Wasserkraftwerk Urbach,0.146,,HROR,DE,48.805032,9.57189,,,,,,,
H29,Revin REVIN 1 - Revin Pump Storage Hydroelectric Power Station France,808,,HPHS,FR,49.92556,4.61331,233,8.7,4503,,1549,45157,WRI1002763
H290,Abwinden asten Abwinden-Asten-KW - Abwinden-Asten Hydroelectric Power Plant Austria,168,,HROR,AT,48.248186,14.429929,,,,995,29,45165,
H2900,WKW Neumurnthal,0.145,,HROR,DE,49.37066,12.40655,,,,,,,
H2901,Elektrizitätswerk Ottensoos,0.145,,HROR,DE,49.51182,11.3242,,,,,,,
H2902,Mühle Findenwirunshier,0.145,,HROR,DE,53.177536,11.292896,,,,,,,
H2903,Wasserkraftwerk Furt,0.145,,HROR,DE,47.720232,9.607311,,,,,,,
H2904,T3a am Lochbach,0.145,,HROR,DE,48.333444,10.912121,,,,,,,
H2905,Kraftwerk Humprechtsmühle,0.145,,HROR,DE,48.354436,10.439434,,,,,,,
H2906,Vilswörth,0.145,,HROR,DE,49.291921,11.946966,,,,,,,
H2907,Kirchhofsmühle,0.14,,HROR,DE,50.482445,8.264046,,,,,,,
H2908,Wasserkraftschnecke Fritzlar,0.14,,HROR,DE,51.12249,9.248542,,,,,,,
H2909,Wasserkraftanlage T 207,0.14,,HROR,DE,47.745052,9.919377,,,,,,,
H291,Koepchenwerk Koepchenwerk - Koepchenwerk II (Herdecke) Pumped Storage Power Plant Germany,165,,HPHS,DE,51.41048,7.45314,155,1.533,529,,1542,44351,
H2910,Wasserkraftwerk Grafenmühle,0.136,,HROR,DE,48.410694,13.144509,,,,,,,
H2911,Wasserkraftwerk,0.135,,HROR,DE,47.908187,12.619649,,,,,,,
H2912,Heinzenmühle,0.135,,HROR,DE,50.165812,11.167557,,,,,,,
H2913,Gutleuthaus T 17,0.135,,HROR,DE,48.723906,8.736178,,,,,,,
H2914,Kraftwerk Sterzermühle,0.135,,HROR,DE,49.53262,10.53152,,,,,,,
H2915,Schermühle,0.132,,HROR,DE,48.088078,12.568644,,,,,,,
H2916,Wasserkraftanlage Liebenstein,0.132,,HROR,DE,49.812886,12.329283,,,,,,,
H2917,Wasserkraftwerk Schönthal,0.132,,HROR,DE,50.784179,13.084303,,,,,,,
H2918,Wasserkraftanlage Riedlingen,0.132,,HROR,DE,48.153712,9.477003,,,,,,,
H2919,WKA Meschede-Wehrstapel,0.132,,HROR,DE,51.35242,8.338865,,,,,,,
H292,Kraftwerk Saeckingen,165,,HPHS,DE,47.556999,7.957,,,,,,,
H2920,Turbine 2,0.132,,HROR,DE,50.784154,13.084485,,,,,,,
H2921,Turbine 2,0.132,,HROR,DE,50.784154,13.084485,,,,,,,
H2922,Dotierkraftwerk Wyhlen am Beckenpass,0.1314,,HROR,DE,47.539221,7.708171,,,,,,,
H2923,Mühlenbetrieb Rhene - Graupenmühle,0.13,,HROR,DE,52.09156,10.21213,,,,,,,
H2924,Kentheim T11,0.13,,HROR,DE,48.691473,8.731687,,,,,,,
H2925,Wasserkraftanlage Elpershofen,0.13,,HROR,DE,49.222848,9.902353,,,,,,,
H2926,Wasserkraftanlage am Mühlbach,0.13,,HROR,DE,48.470735,7.939841,,,,,,,
H2927,EW3,0.13,,HROR,DE,48.347,11.849,,,,,,,
H2928,WKA,0.13,,HROR,DE,48.098,12.563,,,,,,,
H2929,WKA Regendorf,0.13,,HROR,DE,49.092,12.112,,,,,,,
H293,Göschenen göscheneralp,164.8,,HDAM,CH,46.66736286,8.585314102,155,76,,,4937,,
H2930,Wasserkraftwerk Schermühle,0.1291,,HROR,DE,48.087654,12.569023,,,,,,,
H2931,WKW Hammerschmiede,0.125,,HROR,DE,48.856733,13.387774,,,,,,,
H2932,WKW Rummenohl 1,0.125,,HROR,DE,51.277,7.527,,,,,,,
H2933,WKW Rummenohl 1,0.125,,HROR,DE,51.277,7.527,,,,,,,
H2934,WKW Rummenohl 2,0.125,,HROR,DE,51.277,7.527,,,,,,,
H2935,WKW Rummenohl 2,0.125,,HROR,DE,51.277,7.527,,,,,,,
H2936,Wilhelm Rubin,0.124,,HROR,DE,48.354814,7.752414,,,,,,,
H2937,Wasserkraftwerk Hospitalmühle,0.12,,HROR,DE,50.323882,11.916669,,,,,,,
H2938,Achatmühle,0.12,,HROR,DE,49.363012,8.106596,,,,,,,
H2939,WKW Plecher Consult,0.12,,HROR,DE,50.513193,12.774458,,,,,,,
H294,Mese UP_MESE_1,172.6,,HROR,IT,46.304613,9.376503,,,,523,252,,
H2940,WKW Algishofen,0.1195,,HROR,DE,48.911664,9.911447,,,,,,,
H2941,Wasserkraftwerk Lochbach (Martinistraße Augsburg),0.118,,HROR,DE,48.49765,10.90792,,,,,,,
H2942,Wasserkraftanlage Liegel,0.115,,HROR,DE,49,11,,,,,,,
H2943,Neumühle Lahnau,0.115,,HROR,DE,50.573309,8.568534,,,,,,,
H2944,WKW Kinzigmühle,0.115,,HROR,DE,50.201915,9.144704,,,,,,,
H2945,Wässerung,0.114,,HROR,DE,49.344755,8.784594,,,,,,,
H2946,Wasserkraftwerk Kettenfabrik in Sundern-Hachen,0.11,,HROR,DE,51.378194,7.980954,,,,,,,
H2947,WKA Huber,0.11,,HROR,DE,50.630406,13.078958,,,,,,,
H2948,Gleislmühle,0.11,,HROR,DE,49.0755,11.832958,,,,,,,
H2949,Wasserkraftanlage Fuhlsbüttler Schleuse,0.11,,HROR,DE,53.623414,10.02787,,,,,,,
H295,Psw langenprozelten,164,,HPHS,DE,50.05313,9.58137,297,1.5,990,,1842,,
H2950,WKA Schlayer,0.11,,HROR,DE,48.472238,9.222336,,,,,,,
H2951,Wasserkraftwerk Olnhausen,0.11,,HROR,DE,49.312249,9.444471,,,,,,,
H2952,Wasserkraftwerk Priorei,0.11,,HROR,DE,51.287336,7.519921,,,,,,,
H2953,Mümlingkraftwerk,0.11,,HROR,DE,49.840746,9.049899,,,,,,,
H2954,Wasserkraftwerk Dermbach,0.11,,HROR,DE,50.72516,10.136345,,,,,,,
H2955,Wasserkraftwerk Pratzschwitz in Pirna,0.11,,HROR,DE,50.967657,13.90287,,,,,,,
H2956,WKW Pfullingen T15 M1,0.11,,HROR,DE,48.453127,9.232601,,,,,,,
H2957,WKW Pfullingen T15 M1,0.11,,HROR,DE,48.453127,9.232601,,,,,,,
H2958,1,0.11,,HROR,DE,49.515,12.254,,,,,,,
H2959,Wasserkraft Georgenthal 1,0.11,,HROR,DE,50.46,12.721,,,,,,,
H296,Centrale di Bavona,164,,HDAM,CH,46.401001,8.551,877,159,,321,2008,,
H2960,Wasserkraft Georgenthal 2,0.11,,HROR,DE,50.46,12.721,,,,,,,
H2961,Wasserkraftwerk Mühlthal,0.11,,HROR,DE,48.153252,12.652327,,,,,,,
H2962,Wasserkraft,0.11,,HROR,DE,48.874,8.708,,,,,,,
H2963,Wasserkraftwerk Dietldorf,0.108,,HROR,DE,49.205998,11.943661,,,,,,,
H2964,Wasserkraftwerk Silberhütte,0.108,,HROR,DE,51.695087,10.504184,,,,,,,
H2965,Wasserkraftwerk Meckesheim,0.107,,HROR,DE,49.321511,8.815006,,,,,,,
H2966,WKW Eisenhammer,0.105,,HROR,DE,50.321825,9.284242,,,,,,,
H2967,Generator 1,0.105,,HROR,DE,51.496,9.281,,,,,,,
H2968,Generator 1,0.105,,HROR,DE,51.496,9.281,,,,,,,
H2969,Ehrenzipfel; Flst 898/1,0.1,,HROR,DE,50.4667,12.78333,,,,,,,
H297,Centrale di RobieiPS,192,162,HPHS,CH,46.464001,8.546,338,126,6500,106,1849,,
H2970,Wasserkraftwerk Regenhütte,0.1,,HROR,DE,49.075191,13.198353,,,,,,,
H2971,Ellermühle,0.1,,HROR,DE,48.518,12.045,,,,,,,
H2972,Asbergmühle,0.1,,HROR,DE,48.859034,13.274348,,,,,,,
H2973,Wasserkraftwerk Mittermurnthal,0.1,,HROR,DE,49.373231,12.418529,,,,,,,
H2974,Wasser KW Gassen,0.1,,HROR,DE,48.147874,12.642898,,,,,,,
H2975,KW Mühlthal,0.1,,HROR,DE,48.153259,12.65211,,,,,,,
H2976,Frauenmühle,0.1,,HROR,DE,48.866892,12.919306,,,,,,,
H2977,WKA Leinemühle,0.1,,HROR,DE,51.459603,9.930895,,,,,,,
H2978,Tauberbischofsheim-Dittigheim,0.1,,HROR,DE,49.609361,9.67722,,,,,,,
H2979,Wasserkraftwerk Teichtal St. Andreasberg,0.1,,HROR,DE,51.715347,10.519599,,,,,,,
H2980,Wasserkraftwerk Kuhn,0.1,,HROR,DE,49.486,9.816,,,,,,,
H2981,Wasserkraft Gen1,0.1,,HROR,DE,49.537,12.15,,,,,,,
H2982,Wasserkraft Gen1,0.1,,HROR,DE,49.537,12.15,,,,,,,
H2983,Wasserkraftwerk Steinenbach,0.099,,HROR,DE,48.479754,8.150429,,,,,,,
H2984,Wasserkraftanlage Riedmühle Reichensachsen,0.099,,HROR,DE,51.157262,9.992856,,,,,,,
H2985,WKW Paulusmühle,0.098,,HROR,DE,48.744364,13.532512,,,,,,,
H2986,WKW-Provino T65,0.096,,HROR,DE,48.363861,10.91483,,,,,,,
H2987,WKW Osu,0.0955,,HROR,DE,48.211393,9.828948,,,,,,,
H2988,Wolfstein,0.0954,,HROR,DE,51.879557,10.59984,,,,,,,
H2989,WKA Neumühle,0.095,,HROR,DE,50.122363,11.970705,,,,,,,
H299,Kembs,162.1,,HROR,FR,47.65534,7.51959,,,,,5161,,
H2990,Wasserkraft Elisenfels GbR,0.095,,HROR,DE,50.046651,12.174458,,,,,,,
H2991,Wasserkraftanlage Wilischthal-Beiwerk (Amtsberg),0.095,,HROR,DE,50.726751,13.051811,,,,,,,
H2992,Wasserkraftwerk Zwiefaltendorf,0.095,,HROR,DE,48.213778,9.518242,,,,,,,
H2993,Waagmühle Ziegen,0.095,,HROR,DE,51.025954,9.195026,,,,,,,
H2994,Wasserkraftanlage Stecher Schleuse,0.095,,HROR,DE,52.839435,13.902692,,,,,,,
H2995,Wasserkraftanlage Plaue,0.095,,HROR,DE,52.402905,12.392864,,,,,,,
H2996,WKA Hettenbach Augsburg,0.095,,HROR,DE,48.38879,10.885515,,,,,,,
H2997,Waagmühle,0.095,,HROR,DE,51.025965,9.194833,,,,,,,
H2998,Wasserkraftwerk Pulvermühle,0.093,,HROR,DE,50.893564,13.39225,,,,,,,
H2999,Großmühle,0.092,,HROR,DE,49.203009,12.960259,,,,,,,
H3,Grand maison GRAND MAISON 1 - Grand Maison Pumped Storage Hydroelectric Power Station France,1690,1200,HPHS,FR,45.20597,6.11719,955,132,34800,,1541,42969,WRI1002734
H30,Kopswerk 2 M1 - Kops II Pumped Storage Power Plant Austria,525,480,HPHS,AT,46.975564,10.043049,818,29.25,2300,,1560,45211,
H300,Mesochora Hydroelectric Power Plant Greece - Mesochora Hydroelectric Power Plant Greece,162,,HDAM,EL,39.4644,21.3042,150,,,,,42791,
H3000,UlsterMühle Tann,0.091,,HROR,DE,50.643821,10.019648,,,,,,,
H3001,Wasserkraftschnecke Fink,0.09,,HROR,DE,48.91604,9.89209,,,,,,,
H3002,WKW-Sperlhammer,0.09,,HROR,DE,49.613866,12.124321,,,,,,,
H3003,WKA Kollmussäge,0.09,,HROR,DE,48.863282,13.407086,,,,,,,
H3004,Hammermühle Bad Kötzting,0.09,,HROR,DE,49.171856,12.857273,,,,,,,
H3005,Wasserkraftanlage Bruchhausen,0.09,,HROR,DE,51.706132,9.287336,,,,,,,
H3006,WKA-Alte Sägemühle,0.09,,HROR,DE,48.766081,8.327134,,,,,,,
H3007,WKA Schlossmühle,0.09,,HROR,DE,48.760848,8.338525,,,,,,,
H3008,Tauberbischofsheim-Dittigheim,0.09,,HROR,DE,49.607122,9.678202,,,,,,,
H3009,WKA 1,0.09,,HROR,DE,48.391912,8.673199,,,,,,,
H301,Włocławek Wloclawek - Wloclawek Hydroelectric Power Plant Poland,162,,HDAM,PL,52.6564,19.1339,24,408,,723,2992,42469,
H3010,Wasserkraftanlage Nr. 91 am Kocher,0.09,,HROR,DE,49.00319,9.806836,,,,,,,
H3011,Wasserkraftwerk Nr. T 37,0.09,,HROR,DE,49.194708,9.21405,,,,,,,
H3012,WKA Neunbronn,0.09,,HROR,DE,49.116756,9.865235,,,,,,,
H3013,E-Werk Zeisering,0.09,,HROR,DE,48.773152,13.289622,,,,,,,
H3014,Kunstmühle Auhausen,0.09,,HROR,DE,49.01129,10.583995,,,,,,,
H3015,Stadtmuehle Geisingen,0.09,,HROR,DE,47.918872,8.632982,,,,,,,
H3016,Paulusmühle 1,0.09,,HROR,DE,48.744568,13.531995,,,,,,,
H3017,Okertal 15 (Lumme I),0.09,,HROR,DE,51.880454,10.470846,,,,,,,
H3018,Schliersee Wasserkraft,0.09,,HROR,DE,47.730196,11.845712,,,,,,,
H3019,WKW Pfullingen T15 M2,0.09,,HROR,DE,48.453125,9.23257,,,,,,,
H302,VRUTOK G1 -  Mavrovo Vrutok Hydroelectric Power Plant Macedonia,162,,HDAM,MK,41.771,20.84,62,277,,350,,42708,
H3020,WKW Pfullingen T15 M2,0.09,,HROR,DE,48.453125,9.23257,,,,,,,
H3021,EWBruckmühl,0.09,,HROR,DE,48.122,12.576,,,,,,,
H3022,EWEisplatz,0.09,,HROR,DE,48.131022,12.584229,,,,,,,
H3023,EW2,0.09,,HROR,DE,48.337,11.838,,,,,,,
H3024,Wasserkraftwerk Staudenmühle Hof,0.09,,HROR,DE,50.306601,11.935536,,,,,,,
H3025,Wasserkraftwerk Rosenhof,0.09,,HROR,DE,49.4927,12.5098,,,,,,,
H3026,WolfKraft,0.089,,HROR,DE,48.374898,8.283163,,,,,,,
H3027,Gleußener Mühle,0.085,,HROR,DE,50.13926,10.89845,,,,,,,
H3028,Wasserkraftwerk Niedernjesa,0.085,,HROR,DE,51.475201,9.923014,,,,,,,
H3029,Wasserkraftwerk Heinrich Hartmann (Dorfmühle),0.085,,HROR,DE,52.105664,10.16234,,,,,,,
H303,RAMA - Rama Hydroelectric Power Plant Bosnia and Herzegovina,161,,HDAM,BA,43.757,17.743,100,466,303,650,,44770,
H3030,T 136 CR,0.085,,HROR,DE,49.171543,10.045312,,,,,,,
H3031,WKW Riedmühle Tafertshofen,0.085,,HROR,DE,48.207855,10.27003,,,,,,,
H3032,Wasserkraftanlage im Wasserbehälter WB01 Steinberg,0.0844,,HROR,DE,50.789928,12.874137,,,,,,,
H3033,Kraftwerk Weitenbühl,0.084,,HROR,DE,48.8,9.59,,,,,,,
H3034,WKA Stegmühle,0.084,,HROR,DE,48.556185,12.546988,,,,,,,
H3035,Dotierkraftwerk Wyhlen am Fischlift,0.0833,,HROR,DE,47.538259,7.706835,,,,,,,
H3036,Wasserkraft Pilgerspfad,0.083,,HROR,DE,49.831818,9.123667,,,,,,,
H3037,Wasserkraftwerk Mauersberger,0.08,,HROR,DE,50.693526,13.219791,,,,,,,
H3038,Elektrizitätswerk Martin,0.08,,HROR,DE,49.874951,9.588888,,,,,,,
H3039,Wasserkraftwerk Fronberg/Schwandorf,0.08,,HROR,DE,49.342506,12.125784,,,,,,,
H304,Taio S.Giustina Mezzocorona UP_NOCE_1,161,,HDAM,IT,46.326132,11.063244,,,,,263,,
H3040,Wasserkraftanlage Mutterer - Neumagen,0.08,,HROR,DE,47.86526,7.800346,,,,,,,
H3041,Gefäll,0.08,,HROR,DE,48.123268,8.096305,,,,,,,
H3042,Wasserkraftwerk Hürden,0.08,,HROR,DE,49.22927,9.86415,,,,,,,
H3043,3126423 Wasserkraftanlage 1,0.08,,HROR,DE,47.769301,10.304953,,,,,,,
H3044,Wasserkraftwerk Mühlbichl,0.08,,HROR,DE,47.743847,10.581466,,,,,,,
H3045,KW Schauhbauer,0.08,,HROR,DE,48.406436,11.469233,,,,,,,
H3046,Energiewerk Braun GbR,0.08,,HROR,DE,47.96072,7.986076,,,,,,,
H3047,Wasserkraftanlage Rentschler T 154,0.08,,HROR,DE,48.549668,8.716258,,,,,,,
H3048,Mühlgrabenturbine,0.08,,HROR,DE,50.22,10.981,,,,,,,
H3049,Mühlgrabenturbine,0.08,,HROR,DE,50.22,10.981,,,,,,,
H305,Hojum Hojum Hydroelectric Power Plant Sweden - Hojum Hydroelectric Power Plant Sweden,172,,HROR,SE,58.2802,12.2785165,17,,,1215,770,44339,
H3050,WK-Anlage WST,0.08,,HROR,DE,49.362,11.174,,,,,,,
H3051,AEM80,0.08,,HROR,DE,49.96071,11.63968,,,,,,,
H3052,E-Werk,0.08,,HROR,DE,47.925879,12.831653,,,,,,,
H3053,E-Werk,0.08,,HROR,DE,47.925879,12.831653,,,,,,,
H3054,E-Werk,0.08,,HROR,DE,47.925879,12.831653,,,,,,,
H3055,Ramie 2,0.0788,,HROR,DE,48.106517,7.864628,,,,,,,
H3056,WKW-Stein,0.078,,HROR,DE,49.510805,12.22419,,,,,,,
H3057,WKA Walkmühle,0.078,,HROR,DE,49.38096,8.7886,,,,,,,
H3058,Kraftwerk Mohrenstein,0.078,,HROR,DE,49.73701,12.233501,,,,,,,
H3059,WKA-Dasselpark GbR,0.075,,HROR,DE,51.481488,8.257252,,,,,,,
H306,Happurg,160,,HPHS,DE,49.48711,11.47441,,,,,3237,,
H3060,WKA Biegert,0.075,,HROR,DE,48.803454,9.839621,,,,,,,
H3061,WKA Melchiorwehr,0.075,,HROR,DE,48.580625,9.2579,,,,,,,
H3062,Wasserkraftanlage HB 02 Espenfeld,0.075,,HROR,DE,50.812774,10.920596,,,,,,,
H3063,WKA Riedermühle,0.075,,HROR,DE,49.192944,13.05337,,,,,,,
H3064,WKA Triebwerk Nützel,0.075,,HROR,DE,49.494957,10.552984,,,,,,,
H3065,Elektrizitätswerk  Bergen,0.075,,HROR,DE,47.791458,12.579887,,,,,,,
H3066,Laufwasserkraftwerk Selbitztalstraße,0.075,,HROR,DE,50.328291,11.712392,,,,,,,
H3067,Kraftwerk Beilhack,0.075,,HROR,DE,47.85027,12.1263,,,,,,,
H3068,Wasserkraftanlage HB 09 Bienstädt,0.075,,HROR,DE,51.001582,10.849021,,,,,,,
H3069,WKA am Bärenpark,0.075,,HROR,DE,48.39257,8.30981,,,,,,,
H307,Bergeforsen Bergeforsen Hydroelectric Power Station Sweden - Bergeforsen Hydroelectric Power Station Sweden,160,,HROR,SE,62.5193565,17.3850875,36,,,735,768,46251,
H3070,"Wasserkraftanlage ""Ottenheimer Mühle""",0.075,,HROR,DE,48.386478,7.75266,,,,,,,
H3071,Wasserkraftanlage Meißenheimer Mühle,0.075,,HROR,DE,48.410748,7.770218,,,,,,,
H3072,"Triebwerk T 66, Anlagen-Nr. 408 125 670",0.075,,HROR,DE,48.61,9.45,,,,,,,
H3073,WKW B T22,0.075,,HROR,DE,48.538162,8.397262,,,,,,,
H3074,E-Werk Thannhausen,0.075,,HROR,DE,48.27826,10.471391,,,,,,,
H3075,Ehekirchmühle,0.075,,HROR,DE,48.32023,10.49294,,,,,,,
H3076,Wasserkraftwerk Kölbl,0.075,,HROR,DE,49.032645,13.149606,,,,,,,
H3077,WKA Obergurig/Arndt (ehemalige Papierfabrik),0.075,,HROR,DE,51.134568,14.406504,,,,,,,
H3078,WKA Gänsegarten,0.075,,HROR,DE,48.5905,9.2383,,,,,,,
H3079,WKA Winkelhof,0.075,,HROR,DE,48.386805,8.307135,,,,,,,
H3080,Wasserkraftanlage T 184 (Eyachmühle),0.075,,HROR,DE,48.780704,8.518315,,,,,,,
H3081,Wasserkraftwerk Firma Berger,0.075,,HROR,DE,48.61268,9.448006,,,,,,,
H3082,WKW II,0.075,,HROR,DE,48.149529,10.245124,,,,,,,
H3083,KKW,0.075,,HROR,DE,47.813,10.567,,,,,,,
H3084,Wasserkraftwerk,0.075,,HROR,DE,50.151,10.904,,,,,,,
H3085,Hausturbine,0.075,,HROR,DE,50.22,10.981,,,,,,,
H3086,Hausturbine,0.075,,HROR,DE,50.22,10.981,,,,,,,
H3087,Wasserkraftanlage Am Wehr,0.075,,HROR,DE,51.112445,6.626601,,,,,,,
H3088,Neumühle,0.075,,HROR,DE,47.753204,11.742502,,,,,,,
H3089,WKW Kuhmühle,0.0735,,HROR,DE,50.40128,11.81577,,,,,,,
H309,Los Peares,159,,HDAM,ES,42.465,-7.724,100.8,182,50000,,,,
H3090,Rissinsel 1,0.072,,HROR,DE,48.188244,9.826141,,,,,,,
H3091,EnergieWerk,0.072,,HROR,DE,47.916547,8.073437,,,,,,,
H3092,Wasserkraftwerk Wörthmühle,0.07,,HROR,DE,48.495452,12.424479,,,,,,,
H3093,WKW Rosshof,0.07,,HROR,DE,47.610277,12.942516,,,,,,,
H3094,Tanneneck T12,0.07,,HROR,DE,48.700768,8.744114,,,,,,,
H3095,WKW Schleifenhan,0.07,,HROR,DE,50.152571,10.920315,,,,,,,
H3096,Hefelemühle,0.07,,HROR,DE,48.891566,11.000514,,,,,,,
H3097,WKW Pfeiffer Schlöglmühle,0.07,,HROR,DE,47.661,10.783,,,,,,,
H3098,WKA Warnthal,0.07,,HROR,DE,49.383386,12.380682,,,,,,,
H3099,Wasserkraftwerk Wifling,0.068,,HROR,DE,48.231992,11.887824,,,,,,,
H310,Castelo bode Castelo Bode - G1 - Castelo do Bode Hydroelectric Power Plant Portugal,159,,HDAM,PT,39.5429,-8.3188,115,902.5,159500,396.5,2922,43550,
H3100,Steinenhausen,0.067,,HROR,DE,50.086819,11.401549,,,,,,,
H3101,Obermühle Herbsleben,0.067,,HROR,DE,51.121443,10.832759,,,,,,,
H3102,Wasserkraftwerk Mürsbach,0.066,,HROR,DE,50.061116,10.867945,,,,,,,
H3103,Wasserkraftanlage Liepe,0.065,,HROR,DE,52.8491,13.954902,,,,,,,
H3104,Wasserkraftanlage Stadtwerke Bad Herrenalb GmbH,0.064,,HROR,DE,48.802138,8.439955,,,,,,,
H3105,Wasserkraftwerk Artur Mutter,0.063,,HROR,DE,47.846529,7.985463,,,,,,,
H3106,WKA 2,0.063,,HROR,DE,48.388168,8.676599,,,,,,,
H3108,WKW I,0.062,,HROR,DE,48.144982,10.245877,,,,,,,
H3109,Ausleitungskraftwerk Wiester,0.061,,HROR,DE,48.362558,11.887288,,,,,,,
H311,Saint chamas SAINT CHAMAS - Saint Chamas Hydroelectric Power Station France,159,,HDAM,FR,43.52741,5.07342,,,,,1593,39735,
H3110,Kraftwerk Schönnen,0.06,,HROR,DE,49.62859,8.994899,,,,,,,
H3111,EW II,0.06,,HROR,DE,48.336,11.836,,,,,,,
H3112,Hölzleinsmühle,0.06,,HROR,DE,49.95303,11.606387,,,,,,,
H3113,Pertensteiner Mühle,0.06,,HROR,DE,47.941794,12.594126,,,,,,,
H3114,Haberstumpfmühle,0.06,,HROR,DE,49.623122,12.096796,,,,,,,
H3115,Hammermühle,0.06,,HROR,DE,49.297624,11.790959,,,,,,,
H3116,WKA Knecht-Mühle,0.06,,HROR,DE,49.40064,9.063767,,,,,,,
H3117,Wasserkraft Woebbel,0.06,,HROR,DE,51.865997,9.10192,,,,,,,
H3118,Wasserkraftwerk Wiesenmühle Mobendorf,0.06,,HROR,DE,50.958837,13.190744,,,,,,,
H3119,Häckermühle,0.06,,HROR,DE,48.824722,8.788333,,,,,,,
H3120,WKA Sägewerk Schele,0.06,,HROR,DE,47.658686,9.921478,,,,,,,
H3121,Wasserkraftwerk Lücköge,0.06,,HROR,DE,51.32761,7.51639,,,,,,,
H3122,Wasserkraftwerk Walzenmühle Trier-Ehrang,0.06,,HROR,DE,49.808406,6.683345,,,,,,,
H3123,Schnellinger Mühle,0.06,,HROR,DE,48.655108,13.33997,,,,,,,
H3124,"WKA Obermühle (""Schreinersäge"")",0.06,,HROR,DE,48.970009,13.128176,,,,,,,
H3125,EW1,0.06,,HROR,DE,48.324,11.841,,,,,,,
H3126,EWBruck,0.06,,HROR,DE,48.116475,12.571996,,,,,,,
H3127,Wasserkraftwerk Auerhammer 3,0.06,,HROR,DE,50.579227,12.687006,,,,,,,
H3128,WKW Dammer Mühle,0.06,,HROR,DE,51.225,6.875,,,,,,,
H3129,Wasserkraft Alling,0.06,,HROR,DE,48.983967,11.978167,,,,,,,
H313,Orphey Orfeus bulgeria HPP_ORFEUS_PUMP - Orfeus Pumped Storage Hydroelectric Power Plant Bulgeria,160,43,HPHS,BG,41.9404,24.27,124.5,226.12,13150,154,3147,42186,
H3130,Wasserkraftanlage Unterdietfurt,0.06,,HROR,DE,48.390922,12.664592,,,,,,,
H3131,E-Werk Mackenschleif,0.06,,HROR,DE,49.174,12.474,,,,,,,
H3132,WKA Obermühle (Schreinersäge),0.06,,HROR,DE,48.97,13.128,,,,,,,
H3133,Wasserkraftwerk am Jenbach,0.06,,HROR,DE,47.763,12.013,,,,,,,
H3134,E-Werk Jochenstein,0.059,,HROR,DE,48.51534,13.72737,,,,,,,
H3135,WKW-Dießfurt,0.0575,,HROR,DE,49.733668,11.972547,,,,,,,
H3136,Wasserkraftwerk Moosmühle,0.056,,HROR,DE,48.693806,12.695283,,,,,,,
H3137,Stegen,0.056,,HROR,DE,49.403912,12.417129,,,,,,,
H3138,Turbine im Hochbehälter Klieve,0.055,,HROR,DE,51.571677,8.281897,,,,,,,
H3139,Gutenbiegen Waischenfeld,0.055,,HROR,DE,49.851516,11.334638,,,,,,,
H3140,Wasserkraftwerk Wiesentmühle,0.055,,HROR,DE,49.736643,11.139531,,,,,,,
H3141,Wasserkraftwerk Tränkmühle,0.055,,HROR,DE,48.433221,11.100392,,,,,,,
H3142,WKA Bermersbach,0.055,,HROR,DE,48.6922,8.3395,,,,,,,
H3143,WKW Rohrdorf,0.055,,HROR,DE,48.574255,8.689591,,,,,,,
H3144,Untere Mühle,0.055,,HROR,DE,49.299724,9.824035,,,,,,,
H3145,Grubmühle,0.055,,HROR,DE,48.838102,13.352298,,,,,,,
H3146,Silbermühle,0.055,,HROR,DE,49.413225,12.420541,,,,,,,
H3147,KW Lochmühle,0.055,,HROR,DE,47.68866,7.93968,,,,,,,
H3148,Hilpischmühle,0.055,,HROR,DE,50.628167,7.970693,,,,,,,
H3149,Dreyse-Mühle Sömmerda,0.055,,HROR,DE,51.161073,11.116073,,,,,,,
H315,Żydowo ZydowoPS - Zydowo Pumped Storage Hydroelectric Power Plant Poland,157,136,HPHS,PL,54.0216713,16.7385445,,,6600,,1554,42470,
H3150,WKA Deggingen Alleenweg,0.055,,HROR,DE,48.35394,9.43156,,,,,,,
H3151,WKA Greitschütz,0.055,,HROR,DE,51.145794,12.234119,,,,,,,
H3152,WKA Heibo,0.055,,HROR,DE,48.867836,13.448393,,,,,,,
H3153,Wasserkraft Werk I,0.055,,HROR,DE,47.851,12.123,,,,,,,
H3154,Burggrub,0.055,,HROR,DE,49.827077,12.095821,,,,,,,
H3155,Kronau 1,0.055,,HROR,DE,49.874025,11.994458,,,,,,,
H3156,Kleinwasserkraftanlage,0.055,,HROR,DE,48.399,11.749,,,,,,,
H3157,WKA Fuchs,0.055,,HROR,DE,48.978701,12.838802,,,,,,,
H3158,Wasserkraftwerk Grub,0.054,,HROR,DE,49.677287,11.984296,,,,,,,
H3159,Wasserkraft,0.054,,HROR,DE,49.771,11.004,,,,,,,
H316,Marckolsheim MARCKOLSHEIM - Marckolsheim Hydroelectric Power Station France,156.2,,HROR,FR,48.15371,7.5898,22,18.148,,,1655,39808,
H3160,Wasserkraftwerk Wiesmühle in Glonn,0.053,,HROR,DE,47.982105,11.863389,,,,,,,
H3161,Herschfelder Mühle,0.052,,HROR,DE,50.334363,10.237375,,,,,,,
H3162,Rabenecker Mühle,0.052,,HROR,DE,49.822791,11.325715,,,,,,,
H3163,Wasserkraftwerk Dreis,0.05,,HROR,DE,49.93988,6.810129,,,,,,,
H3164,WKA Rieger,0.05,,HROR,DE,47.439367,11.266718,,,,,,,
H3165,Wasserkraftwerk Obereinbuch,0.05,,HROR,DE,49.010774,11.941806,,,,,,,
H3166,Wasserkraft Burggrub 28,0.05,,HROR,DE,49.824882,12.098968,,,,,,,
H3167,Hammermühle,0.05,,HROR,DE,49.076636,11.816349,,,,,,,
H3168,Wasserkraftanlage Katharinenthal,0.05,,HROR,DE,49.389472,12.392978,,,,,,,
H3169,Beckmühle Aichach,0.05,,HROR,DE,48.45503,11.123329,,,,,,,
H317,Caderousse CADEROUSSE - Caderousse Hydroelectric Power Station France,156,,HROR,FR,44.09606,4.72329,25,47.5,,,1591,39825,
H3170,Wasserkraftwerk Mühle Münsa,0.05,,HROR,DE,50.982927,12.474921,,,,,,,
H3171,Wasserkraftanlage Kocherstetten,0.05,,HROR,DE,49.263297,9.757519,,,,,,,
H3172,Bruckmühle Wasserkraftanlage,0.05,,HROR,DE,48.981032,12.992968,,,,,,,
H3173,Kraftwerk Eichenkofen,0.05,,HROR,DE,48.345217,11.921901,,,,,,,
H3174,EW-Rosenau,0.05,,HROR,DE,48.86514,13.418425,,,,,,,
H3175,Wasserkraft Gen2,0.05,,HROR,DE,49.537,12.15,,,,,,,
H3176,Wasserkraft Gen2,0.05,,HROR,DE,49.537,12.15,,,,,,,
H3177,G1,0.05,,HROR,DE,48.605,13.112,,,,,,,
H3178,WKA Am Kurpark,0.04864,,HROR,DE,48.971404,13.131156,,,,,,,
H3179,"Beck WKA, Mühlwand an der Göltzsch",0.04854,,HROR,DE,50.60295,12.283093,,,,,,,
H318,Ottmarsheim OTTMARSHEIM - Ottmarsheim Hydroelectric Power Station France,156,,HROR,FR,47.77399,7.52246,,,,,1670,39779,
H3180,Wasserkraftwerk Engenthal,0.0485,,HROR,DE,49.615364,11.543179,,,,,,,
H3181,Neuwerk,0.0485,,HROR,DE,49.964,11.764,,,,,,,
H3182,Loitersdorfer Mühle,0.048,,HROR,DE,48.548112,12.511896,,,,,,,
H3183,Allingwerk,0.048,,HROR,DE,48.983967,11.978167,,,,,,,
H3184,Wallauer Mühle,0.048,,HROR,DE,49.5053,9.0527,,,,,,,
H3185,Wassermühlenwerk Sterner,0.048,,HROR,DE,50.702435,12.170549,,,,,,,
H3186,"WKA Mochenwangen, T3 an der Schussen",0.048,,HROR,DE,47.875001,9.636038,,,,,,,
H3187,Wasserfall,0.0465,,HROR,DE,50.094101,11.763855,,,,,,,
H3188,WKA am Hochfallbach von Marianne Müller,0.04636,,HROR,DE,49.095417,13.051055,,,,,,,
H319,Sällsjö,160,,HDAM,SE,64.75066735,20.95279455,194,700,,350,3752,,
H3190,WKA Mooshütte,0.045,,HROR,DE,49.13631,13.12805,,,,,,,
H3191,Stauwerksanlage und Triebwerk an der Pegnitz in Enzendorf,0.045,,HROR,DE,49.585,11.476,,,,,,,
H3192,Maschinenfabrik Schlenker,0.045,,HROR,DE,48.203311,8.233781,,,,,,,
H3193,Schutter,0.045,,HROR,DE,48.33396,7.916731,,,,,,,
H3194,Lumpenmühle,0.045,,HROR,DE,48.160156,8.644773,,,,,,,
H3195,Wasserkraftwerk Straub,0.045,,HROR,DE,48.132289,9.795827,,,,,,,
H3196,Trinkwasserturbine HB Burgbreite,0.045,,HROR,DE,51.83977,10.799392,,,,,,,
H3197,Papiermühle,0.045,,HROR,DE,50.721773,9.952288,,,,,,,
H3198,Wasserrad Chamerau,0.045,,HROR,DE,49.197362,12.743825,,,,,,,
H3199,WKA Talsperre Rauschenbach,0.045,,HROR,DE,50.695577,13.49828,,,,,,,
H32,Venda Nova III / Frades II,780,780,HPHS,PT,41.692695,-8.027817,420,,,1441,2908,43565,WRI1023232
H320,Midskog Vermunt Hydroelectric Power Plant Austria - Midskog Hydroelectric Power Plant Sweden,155,,HDAM,SE,63.2411585,15.2339025,27,53,,748,773,46239,
H3200,WKA Elstertrebnitz,0.045,,HROR,DE,51.152412,12.242922,,,,,,,
H3201,WKA Elstertrebnitz,0.045,,HROR,DE,51.152412,12.242922,,,,,,,
H3202,WKA Elstertrebnitz,0.045,,HROR,DE,51.152423,12.242914,,,,,,,
H3203,WKA Elstertrebnitz,0.045,,HROR,DE,51.152423,12.242914,,,,,,,
H3204,Kreuztal,0.045,,HROR,DE,47.62512,10.083089,,,,,,,
H3205,Wasserkraftanlage Wasserwiese,0.045,,HROR,DE,48.89747,11.18073,,,,,,,
H3206,Generator,0.045,,HROR,DE,49.603,7.503,,,,,,,
H3207,Gen 1,0.045,,HROR,DE,47.827,9.649,,,,,,,
H3208,WKW,0.045,,HROR,DE,51.191869,7.573315,,,,,,,
H3209,Kronau 5,0.045,,HROR,DE,49.930113,11.999293,,,,,,,
H321,Kembs,155,,HROR,CH,47.65495595,7.519415906,,,,,5160,,
H3210,EW2 Bammental,0.044,,HROR,DE,49.357446,8.784578,,,,,,,
H3211,Wasser,0.043,,HROR,DE,48.63,12.404,,,,,,,
H3212,E-Werk,0.043,,HROR,DE,47.922708,12.836855,,,,,,,
H3213,E-Werk,0.043,,HROR,DE,47.922708,12.836855,,,,,,,
H3214,E-Werk,0.043,,HROR,DE,47.922708,12.836855,,,,,,,
H3215,Wasserkraftanlage Schwarzachmühle,0.0421,,HROR,DE,49.016784,13.173003,,,,,,,
H3216,Wasserkraft,0.042,,HROR,DE,48.668,12.599,,,,,,,
H3217,Juliushammer,0.04,,HROR,DE,50.033089,12.043539,,,,,,,
H3218,E-Werk Schmid,0.04,,HROR,DE,48.243349,12.893095,,,,,,,
H3219,Stauweiher / Wasserkraft Fichtner,0.04,,HROR,DE,47.730128,11.846137,,,,,,,
H322,Ilarionas ILARIONAS - Ilarionas Hydroelectric Power Plant Greece,154,,HDAM,EL,40.0966,21.8039,130,520,72000,413,3000,42790,
H3220,Wasserkraftwerk Spörermühle Wang (Eching),0.04,,HROR,DE,48.49112,12.007471,,,,,,,
H3221,Wasserkraftwerk Hofmühle Bad Aibling,0.04,,HROR,DE,47.867294,12.009542,,,,,,,
H3222,WKA Graßlsäge,0.04,,HROR,DE,49.201626,12.988327,,,,,,,
H3223,Wasserkraftanlage Zastler,0.04,,HROR,DE,47.912045,7.999142,,,,,,,
H3224,Schloßmühle Haigerloch,0.04,,HROR,DE,48.367304,8.806412,,,,,,,
H3225,Marktmühle Plank,0.04,,HROR,DE,49.065454,11.884709,,,,,,,
H3226,Stoibersäge,0.039,,HROR,DE,49.2051,12.95413,,,,,,,
H3227,Wasserkraftwerk,0.038,,HROR,DE,49.816943,11.310028,,,,,,,
H3228,WKW-Lenkenhütte,0.038,,HROR,DE,49.358917,12.742587,,,,,,,
H3229,Kraftwerk Krummennaab,0.038,,HROR,DE,49.828673,12.096103,,,,,,,
H323,Kembs KEMBS - Kembs Hydroelectric Power Station France,153.7,,HROR,FR,47.655,7.52,27,13,,,2944,39780,
H3230,Wasserkraftanlage Hausermühle,0.038,,HROR,DE,50.556828,8.501659,,,,,,,
H3231,WKW S2,0.038,,HROR,DE,49.153142,12.457944,,,,,,,
H3232,Wasserkraftwerk OB,0.038,,HROR,DE,49.097,11.806,,,,,,,
H3233,Wimmermühle,0.0378,,HROR,DE,48.600424,12.246121,,,,,,,
H3234,Wasserkraftanlage Obere Hopfau,0.0375,,HROR,DE,49.862239,12.00937,,,,,,,
H3235,Wasserkraftanlage Äppelmannsmühle,0.037,,HROR,DE,50.535088,8.040911,,,,,,,
H3236,Wasserkraft Teufelsmühle,0.037,,HROR,DE,51.684429,9.567416,,,,,,,
H3237,Aquawatt,0.037,,HROR,DE,51.064772,9.608377,,,,,,,
H3238,Frischenmühle,0.037,,HROR,DE,50.075106,11.427954,,,,,,,
H3239,WKW Müller,0.037,,HROR,DE,48.42864,8.18674,,,,,,,
H324,Sloy SLOY SLOY-1 - Loch Sloy Hydroelectric Power Plant UK,152.5,,HDAM,UK,56.261512,-4.763588,56,35.679,,130,182,44140,
H3240,WKA Münstertal,0.037,,HROR,DE,47.875525,7.840687,,,,,,,
H3241,Kraftwerk Köngetried,0.037,,HROR,DE,47.978583,10.459192,,,,,,,
H3242,Wasserkraftanlage Gipsmühle,0.037,,HROR,DE,50.026221,9.731182,,,,,,,
H3243,"Wasserkraftanlage ""Am Gewerbekanal 5""",0.037,,HROR,DE,48.090951,7.952243,,,,,,,
H3244,E-Werk Möckmühl,0.037,,HROR,DE,49.320397,9.35956,,,,,,,
H3245,WkW-Turbine,0.037,,HROR,DE,47.597,10.118,,,,,,,
H3246,Wasserkraft Singold,0.037,,HROR,DE,48.079283,10.783028,,,,,,,
H3247,Haufenmühlbach,0.037,,HROR,DE,49.101439,13.004105,,,,,,,
H3248,Haufenmühlbach,0.037,,HROR,DE,49.101439,13.004105,,,,,,,
H3249,Wasserkraftwerk I,0.037,,HROR,DE,49.169324,11.751251,,,,,,,
H325,Rhinau RHINAU - Rhinau Hydroelectric Power Station France,152,,HROR,FR,48.28412,7.67728,18,20,,,1679,39809,
H3250,Generator Reschbachtal,0.037,,HROR,DE,48.891,13.575,,,,,,,
H3251,Roland Wilhelm,0.0368,,HROR,DE,49.050347,12.913492,,,,,,,
H3252,Wirsberg,0.03648,,HROR,DE,50.118608,11.612726,,,,,,,
H3253,Kraftwerk Ebersberg,0.036,,HROR,DE,49.61921,8.994613,,,,,,,
H3254,Wasserkraftwerk Oberau,0.036,,HROR,DE,47.561735,11.131367,,,,,,,
H3255,WKA Unterlind,0.036,,HROR,DE,49.97351,11.873683,,,,,,,
H3256,Wasserkraft am Rönischbächle,0.036,,HROR,DE,47.786627,8.048235,,,,,,,
H3257,WKA Moeve,0.035,,HROR,DE,48.483151,9.221364,,,,,,,
H3258,Blessinghof-Säge,0.035,,HROR,DE,47.977291,8.296672,,,,,,,
H3259,Peter Höfelmayr Bernhard Höflmayr,0.035,,HROR,DE,48.002411,10.18243,,,,,,,
H326,Forsmo Forsmo Hydroelectric Power Plant Sweden - Forsmo Hydroelectric Power Plant Sweden,155,,HDAM,SE,63.266912,17.204441,25,4.8,,753,769,46238,
H3260,Kraftwerk Eßmühle,0.035,,HROR,DE,47.979979,10.455546,,,,,,,
H3261,WKA Oberpremrain,0.035,,HROR,DE,47.803452,11.953301,,,,,,,
H3262,WKW Weiden,0.035,,HROR,DE,49.681642,12.179583,,,,,,,
H3263,Essmühle,0.035,,HROR,DE,47.973874,10.458747,,,,,,,
H3264,E-Werk,0.035,,HROR,DE,47.922591,12.836136,,,,,,,
H3265,E-Werk,0.035,,HROR,DE,47.922591,12.836136,,,,,,,
H3266,E-Werk,0.035,,HROR,DE,47.922591,12.836136,,,,,,,
H3267,Wasserkraftwerk Schuhmühle,0.0342,,HROR,DE,49.939546,11.712551,,,,,,,
H3268,Wasserkraftwerk Pretzabruck,0.034,,HROR,DE,49.392904,12.167156,,,,,,,
H3269,Stadtmühle,0.034,,HROR,DE,49.207596,9.985508,,,,,,,
H327,SEDRUN,151,,HDAM,CH,46.639999,8.761,,,,,2581,,
H3270,WKW Asamhof Kissing,0.034,,HROR,DE,48.293859,10.987477,,,,,,,
H3271,Wasserkraftwerk in Wannbach,0.034,,HROR,DE,49.74696,11.212606,,,,,,,
H3272,Wasserkraftwerk Asamhof,0.034,,HROR,DE,48.293639,10.987414,,,,,,,
H3273,34KW Wasserkraft,0.034,,HROR,DE,48.547841,8.036333,,,,,,,
H3274,WKA Keilmühle,0.033,,HROR,DE,51.048348,9.186755,,,,,,,
H3275,WKA Neumaier,0.033,,HROR,DE,49.276099,12.926121,,,,,,,
H3276,Wasserkraftanlage Markt Dachsbach,0.033,,HROR,DE,49.641537,10.704757,,,,,,,
H3277,Grünstein,0.032,,HROR,DE,50.088266,11.725782,,,,,,,
H3278,"Wasserkraftwerk Pommelsbrunn, am Högenbach",0.032,,HROR,DE,49.504116,11.4948,,,,,,,
H3279,T5 Bühlsägemühle an der Kleinen Kinzig,0.032,,HROR,DE,48.365646,8.371235,,,,,,,
H328,Mareges MAREGES - Mareges Hydroelectric Power Station France,150,,HROR,FR,45.39171,2.36446,90,47,,,1656,39738,
H3280,Hartlmühle,0.032,,HROR,DE,48.694789,13.822746,,,,,,,
H3281,"Wasserkraftwerk Achsenschmiede Rübeland - Neuwerk, Im Kreuztal",0.032,,HROR,DE,51.757542,10.86552,,,,,,,
H3282,Passau-Ingling,86.4,,HROR,DE,48.55369,13.4356937,,,,504,,,
H3283,Moglicë,182.5,,HDAM,AL,40.6939862,20.439501,167,360,,475,,,
H3286,Fangu,74.6,,HROR,AL,41.705833,19.770278,,,,221.4,,,
H3287,Faxälven,178,,HDAM,SE,63.1837,17.0968,82,,,1005,,,
H3288,Riddes,258,,HDAM,CH,46.1573658,7.2092733,,,,667.8,,,
H329,SUGAG1 - Sugag (Tau) Hydroelectric Power Station Romania,150,,HDAM,RO,45.776001,23.653999,78,21,,,,40981,
H3290,Prelle,10.7,,HROR,AL,41.69380833,20.0131694,,,,,,,
H3293,Vlushe,14.2,,HROR,AL,40.506225,20.310079,,,,65,,,
H3296,Shkalle,12.75,,HROR,AL,41.579025,20.12165833,,,,,,,
H3297,Pobreg,9,,HROR,AL,42.085925,19.79325278,,,,,,,
H3298,Erne Scheme,65,,HROR,IE,54.5,-8.19,10,,,290,,,
H3299,Châtelard - Barberine,107,30,HPHS,CH,46.058217,6.956967,804,,8960,160,,,
H33,Čierny váh Cierny Vah TG1 - Cierny Vah Pumped Storage Hydroelectric Power Plant Slovakia,735.16,,HPHS,SK,49.0091,19.91203,427,3.7,,,1556,42635,GEODB0042635
H330,Waldshut Schluchsee,150,80,HPHS,DE,47.61777,8.1926,160,1.35,480,,1852,,
H3300,Liffey Scheme / Poulaphouca,38,,HROR,IE,53.1233,-6.5058,,,,,,,
H3301,Centrale Uvini Monte Su Rei,14.42,,HDAM,IT,39.599699,9.257067,40,583,55285,,,,
H3302,Caroso Borzonasca,9,,HDAM,IT,44.42463,9.395171,391.8,0.22,20434,12.9,,,
H3303,San Michele Caroso Borzonasca,9,,HDAM,IT,44.42463,9.395171,393.8,4.81,4490,12,,,
H3304,Centrale di Airole,8.8,,HROR,IT,43.869813,7.549187,110.3,,,48,,,
H3305,Centrale di Bevera,5.1,,HROR,IT,43.822105,7.579253,52.9,,,26,,,
H3306,Cairo Montenotte,7,,HDAM,IT,44.3938,8.2787,94.7,13.22,,12,,,
H3307,Spigno Monferrato,12.8,,HDAM,IT,44.539551,8.338876,67,2.3,365,21,,,
H3308,Molare,6,,HDAM,IT,44.613917,8.606257,88.9,1,,13,,,
H3309,Ponte Vizzà,5.8,,HDAM,IT,44.250215,9.679784,50,0.26,,13,,,
H331,Stratos,150,,HDAM,EL,38.676,21.3233,26,80,1000,,2979,42800,
H3310,Radicone Troina,29.8,,HDAM,IT,37.829642,14.576644,940,50,,50,,,
H3311,Centrale di Contrasto Adrano,35,,HDAM,IT,37.65189,14.805299,,,,,,,
H3312, Valsoera - Telessio,34.4,,HPHS,IT,45.487814,7.395236,555,7.7,,40,,,
H3313,Bardonetto - Pont,14.6,,HROR,IT,45.406252,7.487785,,,,70,,,
H3314,Telessio - Eugio - Rosone,82.4,,HDAM,IT,45.433313,7.417422,1217,27.95,,200,,,
H3315,San Lorenzo - Rosone,4.3,,HDAM,IT,45.433313,7.417422,,,,8,,,
H3316,Salbertrand - Chiomonte,15,,HROR,IT,45.12167,6.979784,,,,,,,
H3317,Centrale Rusca,6.53,,HROR,IT,45.529214,9.533849,,,,55,,,
H3318,Vaprio D'Adda,20,,HROR,IT,45.576941,9.535214,,,,,,,
H3319,San Giovanni Bianco,4,,HROR,IT,45.8828,9.653113,,,,,,,
H3320,Dezzo di Scalve (derivazione Dezzo),3.06,,HROR,IT,45.983092,10.10006,,,,,,,
H3321,Palazzolo sull'Oglio,4.08,,HROR,IT,45.601663,9.885631,,,,,,,
H3322,Mazzunno ,6.4,,HROR,IT,45.911244,10.123854,,,,,,,
H3323,Edison Carlo Esterle Cornate D'Adda,23,,HROR,IT,45.6540043,9.4847369,,,,178.6,,,
H3324,Edison Angelo Bertini Paderno,11,,HROR,IT,45.6647544,9.4833148,,,,51,,,
H3325,Farigliano,5,,HROR,IT,44.509523,7.912195,,,,27,,,
H3326,Istrago,7,,HROR,IT,46.110463,12.880402,,,,40.85,,,
H3327,Centrale di Canistro,7.96,,HDAM,IT,41.9407659,13.4028744,106.5,0.16,,24.1,,,
H3328,Centrale di Rezzalasco,10,,HROR,IT,46.348831,10.355053,,,,33,,,
H3329,Foz Tua,255,,HPHS,PT,42.25183,-8.1419,107,106,,275,,,
H333,Pont ventoux,150,75,HPHS,IT,45.141299,6.962786,520,,540,,208,,
H3330,Ribeiradio Ermida,82.3,,HDAM,PT,40.991739,-8.1419,74,88.3,,139,,,
H3331,Centrale Santu Miali,27.5,,HDAM,IT,39.5366292,8.9544651,115,1.4,,,,,
H3332,Centrale di Casteldoria,5,,HDAM,IT,40.889793,8.893944,26,3.55,,11.863,,,
H3333,Popina Laka,21.5,,HDAM,BG,41.65627,23.3754,532,0.046,,,,,
H3334,Lilyanovo,20,,HDAM,BG,41.62674,23.33449,250,0.045,,,,,
H3335,Sandanski I,14.2,,HDAM,BG,41.58536,23.2905,230,0.03,,,,,
H3336,Cumpanita,4.8,,HROR,RO,45.43642,24.57988,,,,,,,
H3337,Valsan,5,,HDAM,RO,45.413408,24.708014,5.5,0.175,,,,,
H3338,Oiesti,15,,HROR,RO,45.23495,24.655669,,,,,,,
H3339,ALBESTI,15,,HROR,RO,45.216514,24.657876,,,,,,,
H334,Hackren,152,,HDAM,SE,63.197917,13.50875,67,700,,312,,,
H3340,CERBURENI,15,,HROR,RO,45.192216,24.661323,,,,,,,
H3341,VALEA IASULUI,15,,HROR,RO,45.163978,24.659183,,,,,,,
H3342,CURTEA DE ARGES,7.7,,HROR,RO,45.144537,24.670473,,,,,,,
H3343,NOAPTES,15.4,,HROR,RO,45.125023,24.665071,,,,,,,
H3344,BAICULESTI,15.4,,HROR,RO,45.058839,24.688304,,,,,,,
H3345,MANICESTI,11.5,,HROR,RO,45.027604,24.704904,,,,,,,
H3346,MERISANI,11.5,,HROR,RO,44.956083,24.763985,,,,,,,
H3347,BASCOV,7.7,,HDAM,RO,44.89636,24.847892,,,,,,,
H3348,PITESTI,7.7,,HDAM,RO,44.845314,24.904656,,,,,,,
H3349,GOLESTI (Calinesti),8,,HDAM,RO,44.807323,24.99551,,,,,,,
H3350,MIHAILESTI,10,,HDAM,RO,44.327175,25.946302,,,,,,,
H3351,LERESTI,19,,HDAM,RO,45.3942,25.0625,,,,,,,
H3352,VOINESTI,5.2,,HDAM,RO,45.30504,25.070867,,,,,,,
H3353,PANGARATI,23,,HDAM,RO,46.925769,26.215466,,,,,,,
H3354,VADURI,44,,HDAM,RO,46.932513,26.27016,,,,,,,
H3355,VANATORI,14,,HROR,RO,46.871156,26.486143,,,,,,,
H3356,ROZNOV,14,,HROR,RO,46.848185,26.508258,,,,,,,
H3357,ZANESTI,14,,HROR,RO,46.815396,26.569482,,,,,,,
H3358,COSTISA,14,,HROR,RO,46.770213,26.61912,,,,,,,
H3359,BUHUSI,11,,HROR,RO,46.722069,26.671456,,,,,,,
H336,Ramsele,150,,HROR,SE,63.541981,16.45496,,,,869,2871,,
H3360,GARLENI,23,,HROR,RO,46.667197,26.813902,,,,,,,
H3361,LILIECI,23,,HROR,RO,46.615654,26.897527,,,,,,,
H3362,BACAU,30,,HROR,RO,46.541997,26.948323,,,,,,,
H3363,MOVILENI,33.9,,HDAM,RO,45.78295,27.341556,,,,,,,
H3364,CINDESTI,11.45,,HROR,RO,45.272651,26.70468,,,,,,,
H3365,VERNESTI,11.8,,HROR,RO,45.224081,26.733625,,,,,,,
H3366,SIMILEASCA,11.7,,HROR,RO,45.187152,26.764864,,,,,,,
H3367,SACADAT,10,,HROR,RO,47.066488,22.148016,,,,,,,
H3368,FUGHIU,10,,HROR,RO,47.069443,22.070452,,,,,,,
H3369,CLABUCET,64,,HDAM,RO,45.5661,25.0937,,,,,,,
H337,Hpp galceag GALC1,148.7,,HDAM,RO,45.5879,23.6279,,,,,2933,40985,
H3370,RUCAR,23,,HROR,RO,45.40486,25.15259,,,,,,,
H3371,DRAGOSLAVELE,7.7,,HROR,RO,45.33026,25.163888,,,,,,,
H3372,VACARESTI,4.84,,HDAM,RO,44.821493,25.488923,,,,,,,
H3373,SCROPOASA,12,,HDAM,RO,45.341494,25.430563,,,,,,,
H3374,DOBRESTI,16,,HDAM,RO,45.309726,25.418143,,,,,,,
H3375,MOROIENI,15,,HROR,RO,45.254715,25.41247,,,,,,,
H3376,TG.JIU,11.8,,HROR,RO,45.032495,23.263675,,,,,,,
H3377,GURA LOTRULUI,24.9,,HROR,RO,45.344738,24.275161,,,,,,,
H3378,TURNU,70,,HDAM,RO,45.277016,24.309554,24,,,,,,
H3379,CALIMANESTI (Olt),38,,HROR,RO,45.240308,24.346887,,,,,,,
H3380,RAURENI,48,,HROR,RO,45.071415,24.361505,,,,,,,
H3381,CLOPOTIVA,14,,HROR,RO,45.498403,22.842011,,,,,,,
H3382,OSTROVU MIC,15.9,,HDAM,RO,45.517246,22.854632,,,,,,,
H3383,OSTROVU MARE,15.9,,HROR,RO,45.524151,22.859883,,,,,,,
H3384,CARNESTI  I,15.9,,HROR,RO,45.535967,22.87017,,,,,,,
H3385,CARNESTI  II,11.5,,HROR,RO,45.546616,22.879027,,,,,,,
H3386,PACLISA,15.9,,HDAM,RO,45.562186,22.8975,,,,,,,
H3387,TOTESTI  I,15.9,,HROR,RO,45.571376,22.907179,,,,,,,
H3388,TOTESTI  II,15.9,,HROR,RO,45.582495,22.924621,,,,,,,
H3389,ORLEA,11.5,,HROR,RO,45.592718,22.973351,,,,,,,
H339,Strasbourg STRASBOURG - Strasbourg Hydroelectric Power Station France,147.8,,HROR,FR,48.52561,7.79456,22,30,,,1697,39811,
H3390,SUBCETATE,12.22,,HROR,RO,45.615251,23.012205,,,,,,,
H3391,PLOPI,12,,HROR,RO,45.63866,23.011972,,,,,,,
H3392,BRETEA,12,,HROR,RO,45.667992,23.001966,,,,,,,
H3393,SASCIORI,42,,HDAM,RO,45.821684,23.610768,,,,,,,
H3394,PETRESTI,4.25,,HROR,RO,45.906206,23.558358,,,,,,,
H3395,SOMES CALD,12,,HDAM,RO,46.73178,23.35068,70,7.5,,,,,
H3396,GILAU (I and II),13.53,,HROR,RO,46.74472,23.37164,60,,,,,,
H3397,FLORESTI (I and II),7.2,,HROR,RO,46.749503,23.476444,10,,,,,,
H3398,IZVOARELE,16,,HDAM,RO,45.267768,26.024851,,,,,,,
H3399,VALENII DE MUNTE,10,,HDAM,RO,45.209482,26.050985,,,,,,,
H34,Malta hauptstufe Malta-Hauptstufe-KW - Malta Haupstufe (Rottau)  Pumped Storage Power Plant Austria,730,,HDAM,AT,46.870564,13.329601,1106,6.2,16100,715,1543,44815,WRI1005206
H340,Rheinkraftwerk iffezheim Rheinkraftwerk Iffezheim,146,,HROR,DE,48.83135,8.11216,,,,740,1871,,
H3400,CHE MALAIA,18,,HDAM,RO,45.35365,24.02453,,3.4,,,,,
H3401,CHE MOTRU,50,,HDAM,RO,45.134775,22.806895,,,,,,,
H3402,CHE RAUL ALB,41,,HDAM,RO,45.156224,22.410357,230,17,,,,,
H3403,HE Tiszalok,13.5,,HROR,HU,48.025136,21.307715,4.5,,,,,,
H3404,HE Ikervar,1.8,,HROR,HU,47.217304,16.934066,8,,,,,,
H3405,Orelle,72,,HROR,FR,45.20308,6.57913,,,,140,,,
H3406,Calypso,19.8,,HROR,FR,45.235311,6.4399136,,,,,,,
H3407,Arvan,29,,HROR,FR,45.239059,6.3168593,,,,117,,,
H3408,Laparan,44,,HDAM,FR,42.6717259,1.7009906,439,15.7,,92,,,
H3409,SEIRA HYDROELECTRIC PLANT ,36.65,,HROR,ES,42.478026,0.4360963,146.5,,,,,,
H341,Saussaz SAUSSAZ,145.4,,HROR,FR,45.20992,6.47663,,,,410,1896,,
H3410,Obervermuntwerk II,360,360,HPHS,AT,46.936111,10.0625,291,35.63076923,134690,,,,
H3411,Centrale di Premadio - S. Giacomo,254.5,,HDAM,IT,46.4862865,10.3492706,646.7,188.1,288388,,,,
H3412,Centrale di Ampezzo,62.1,,HDAM,IT,46.4277312,12.7834987,480,70,79657,,,,
H3413,Centrale di San Bernardo,34.2,,HDAM,IT,46.3420087,9.3687663,1014,20,,56,,,
H3414,Centrale di Prestone,23.5,,HDAM,IT,46.392704,9.353384,184.93,0.16,70,73,,,
H3415,Isolato Madesimo,16.2,,HDAM,IT,46.443199,9.335009,275.8,1.76,1150,,,,
H3416,Kraftwerk Alberschwende,30,,HROR,AT,47.470464,9.862094,96,,,,,,
H3417,Centrale Hydroélectrique de Tucoy,11.1,,HROR,FR,42.90973,-0.25888,,,,,,,
H3418, Centrale Hydroéléctrique d'Arrens,24.5,,HROR,FR,42.9474,-0.2179,,,,89,,,
H3419,Centrale Hydroélectrique de Nouaux,19.2,,HROR,FR,42.9842,-0.1428,,,,90,,,
H342,Dragan remeti Dragan (Remeti) Hydroelectric Power Station Romania - Dragan (Remeti) Hydroelectric Power Station Romania,144.1401274,,HDAM,RO,46.7889,22.7156,,,,,3170,40986,
H3420,Centrale Hydroélectrique de Lau-Balagnas,31.3,,HROR,FR,42.9929,-0.0998,,,,102,,,
H3421,Centrale Hydro-Électrique Luz I & 2,74.57,,HROR,FR,42.87024,-0.01209,,,,270,,,
H3422,Edison ARMISA (UP_ALTOADDA_1),14.58,,HDAM,IT,46.176359,9.982129,232,0.49,1462,24.9,,,
H3423,Edison Publino (UP_ALTOADDA_1),2.11,,HDAM,IT,46.150244,9.818459,342,5,4053,2.2,,,
H3424,Edison ZAPPELLO (UP_ALTOADDA_1),12.9,12.4,HPHS,IT,46.159346,9.930337,,11,,18.36,,,
H3425,Edison VEDELLO (UP_ALTOADDA_1),37.32,,HDAM,IT,46.15944,9.929995,387,9.06,,75,,,
H3426,Edison Belviso,62,,HROR,IT,46.160817,10.086202,,,,128,,,
H3427,Edison Ganda,60,,HDAM,IT,46.171156,10.06145,137,50,,104,,,
H3428,Edison Sonico,60,,HROR,IT,46.161206,10.352905,,,,148.9,,,
H3429,maentwrog,35.3,,HROR,UK,52.946,-3.9879,,,,60,,,GBR1000310
H343,Sondrio UP_SONDRIO_1,144,,HDAM,IT,46.286138,10.265884,,,,410,261,,
H3430,Glenlee,24,,HROR,UK,54.941,-3.9278,,,,,,,GBR1000459
H3431,Kendoon,24,,HROR,UK,55.0736,-4.1408,,,,,,,GBR1000460
H3432,Rheidol,55.975,,HROR,UK,52.4076,-3.8772,,,,,,,GBR0003552
H3433,Lochaber,65,,HDAM,UK,56.889722,-4.673333,48,40,,,,,
H3434,Peshqesh,34,,HROR,AL,41.705833,19.770278,,,,118.4,,,
H3435,Molí del Foix,0.06,,HROR,ES,42.03603903,1.563338987,,,,,,,
H3436,Can Sastre Nova,0.4,,HROR,ES,42.00521831,1.570468874,18.64,,,,,,
H3437,La Gafa,0.65,,HROR,ES,42.16655303,1.595000111,109.592,,,,,,
H3438,La Puda,0.4,,HROR,ES,42.15191325,1.598289272,59.5,,,,,,
H3439,Molí del Monegal (Guixers),0.135,,HROR,ES,42.1427755,1.59857559,,,,,,,
H344,Schärding neuhaus,96,,HROR,AT,48.4355526,13.44094485,,,,541,533,,
H3440,Fàbrica del Monegal,0.045,,HROR,ES,42.14074494,1.599709471,,,,,,,
H3441,Central de l'embassament de Sant Ponç,2.235,,HDAM,ES,41.96268329,1.605051744,,24.38,,,,,
H3442,Salt Canet i La Rabassa,0.463,,HROR,ES,41.93828583,1.622290498,18,,,,,,
H3443,CH Barat,0.104,,HROR,ES,42.12585939,1.650958876,19,,,,,,
H3444,La Llum,0.388,,HROR,ES,41.92905394,1.663412059,10.68,,,,,,
H3445,Salt El Calvet,0.295,,HROR,ES,41.91932598,1.674986889,6.61,,,,,,
H3446,Molí de Guixers RA,0.673,,HROR,ES,42.14020153,1.672944457,55.02,,,,,,
H3447,La Costa,0.1369,,HROR,ES,41.91933827,1.683886292,5.74,,,,,,
H3448,Molí de la Corriu,0.62,,HROR,ES,42.15597996,1.679150971,79.5,,,,,,
H3449,Can Bota - La Cubia,0.128,,HROR,ES,41.51568182,1.696795156,10.9,,,,,,
H3450,Salt Ca l'Alerd,0.23,,HROR,ES,41.51290652,1.698288837,16.43,,,,,,
H3451,Ca l'Afou,0.08,,HROR,ES,41.51145006,1.702512111,13.84,,,,,,
H3452,Molí Güell,1.2,,HROR,ES,42.18817962,1.6927465,118.47,,,,,,
H3453,Malagarrida,0.663,,HROR,ES,41.88866314,1.716614401,20.3,,,,,,
H3454,Colònia Valls,0.377,,HROR,ES,41.84721504,1.719876465,13.53,,,,,,
H3455,Valls La Ribera,0.16,,HROR,ES,41.83511343,1.730727867,8.6,,,,,,
H3456,Cal Jover,0.305,,HROR,ES,41.83169092,1.741368995,6.818,,,,,,
H3457,Fàbrica Vella,0.232,,HROR,ES,41.8370422,1.74808088,8,,,,,,
H3458,Suriatex,0.223,,HROR,ES,41.82762941,1.749661176,5,,,,,,
H3459,Fàbrica Antius,0.276,,HROR,ES,41.80580231,1.760943874,7.31,,,,,,
H346,Seitakorva,144,,HDAM,FI,66.314003,27.190001,25,1100,,484,,,
H3460,Finca Cortès,0.204,,HROR,ES,41.79664577,1.773842506,6,,,,,,
H3461,Cal Cavaller,0.296,,HROR,ES,41.79001052,1.778325619,7.4,,,,,,
H3462,Fàbrica Nova,0.145,,HROR,ES,41.78311952,1.780790978,5,,,,,,
H3463,Can Canals,0.134,,HROR,ES,41.76027854,1.789331277,6.01,,,,,,
H3464,Can Gallifa,0.115,,HROR,ES,41.74405695,1.807386981,8,,,,,,
H3465,Fàbrica del Mig,0.08,,HROR,ES,41.74456673,1.80790671,8,,,,,,
H3466,Can Borràs,0.08,,HROR,ES,41.74508127,1.808017457,8,,,,,,
H3467,Molí de la Coromina,0.02,,HROR,ES,42.07302546,1.821579917,18.35,,,,,,
H3468,Els Torrents,0.132,,HROR,ES,41.68444445,1.83589537,,,,,,,
H3469,Captació simats,0.122,,HROR,ES,41.70732861,1.840999554,5.513,,,,,,
H347,Plate taille PLATE TAILLE T - Plate Taille Hydroelectric Pumped Storage Project Belgeium,144,143,HPHS,BE,50.1857528,4.3823302,70,68.4,710,,832,41971,
H3470,Els Condals,0.25,,HROR,ES,41.69756655,1.844720083,6.39,,,,,,
H3471,Puig i Font,0.7,,HROR,ES,41.6137736,1.848221034,9.43,,,,,,
H3472,Cal Carné,0.2605,,HROR,ES,41.68027271,1.847360293,6,,,,,,
H3473,Salt Can Comas,0.24,,HROR,ES,41.60718125,1.849202369,3.8,,,,,,
H3474,Salt de Can Gomis,0.424,,HROR,ES,41.59391586,1.85391347,6.01,,,,,,
H3475,Colònia Burès,0.9,,HROR,ES,41.63967021,1.856477022,8.25,,,,,,
H3476,Salt de Pendis,1.085,,HROR,ES,42.257943,1.846572477,101.3,,,,,,
H3477,Salt de Bagà,0.665,,HROR,ES,42.25784614,1.846792467,48.4,,,,,,
H3478,El Borràs,0.504,,HROR,ES,41.62816297,1.859573572,,,,,,,
H3479,Can Soler,0.662,,HROR,ES,41.66554476,1.858938107,6.66,,,,,,
H3480,Font del Riu,0.287,,HROR,ES,41.65078953,1.859666913,3,,,,,,
H3481,Can Parareda,0.05,,HROR,ES,42.25521966,1.848913366,6.56,,,,,,
H3482,Berga-1 (Can Turó),0.411,,HROR,ES,42.10349825,1.852218465,22.4,,,,,,
H3483,Berga II,0.245,,HROR,ES,42.10074293,1.852280257,13.53,,,,,,
H3484,Els Carburos,0.24,,HROR,ES,41.6926911,1.859780265,6.12,,,,,,
H3485,Maurici Roset (riu Greixer),0.838,,HROR,ES,42.26848548,1.851594283,279,,,,,,
H3486,El Cairat,2.307,,HROR,ES,41.57079803,1.864241398,23.23,,,,,,
H3487,Can Balet i Vendrell (sala 1),0.598,,HROR,ES,41.66036804,1.864626534,4.14,,,,,,
H3488,Les Boades,0.492,,HROR,ES,41.68950457,1.864522863,7.5,,,,,,
H3489,La Bauma,0.506,,HROR,ES,41.62464018,1.866754119,6.31,,,,,,
H349,Slapy republic Slapy Hydroelectric Power Plant Czech Republic - Slapy Hydroelectric Power Plant Czech Republic,144,,HDAM,CZ,49.82354,14.434501,70,269.3,,248,3196,42359,
H3490,Salt de les Les Hortes,0.18,,HROR,ES,41.72614066,1.867761395,35.92,,,,,,
H3491,Marcetas,1.6898,,HROR,ES,41.71151442,1.868775405,26.984,,,,,,
H3492,Pont de Vilomara,0.523,,HROR,ES,41.6999854,1.869674554,7.5,,,,,,
H3493,Can Sedó,0.5,,HROR,ES,41.54840205,1.872966575,4.808,,,,,,
H3494,Teixits Gonfaus,0.11,,HROR,ES,42.24945718,1.864413031,1.8,,,,,,
H3495,El Collet de Vallcebre,0.495,,HROR,ES,42.21730487,1.866188796,,,,,,,
H3496,Hidrolèlectrica el Molí,0.43,,HROR,ES,41.85508735,1.872886721,5.375,,,,,,
H3497,Ciments Collet,0.08832,,HROR,ES,42.21599376,1.867484384,,,,,,,
H3498,Colònia Rosal (Berga-Olvan),0.935,,HROR,ES,42.07498298,1.870248963,16.5,,,,,,
H3499,La Plana,0.947,,HROR,ES,42.05440656,1.872402289,13.97,,,,,,
H35,Gabčíkovo Gabcikovo - Gabcikovo Hydroelectric Power Plant Slovakia,720,,HDAM,SK,47.88004,17.53841,24,,,2600,1724,42637,
H3500,Salt de Guardiola,0.56,,HROR,ES,42.21476232,1.869553876,24.42,,,,,,
H3501,Colònia Monegal,0.34,,HROR,ES,42.04622792,1.873235689,7.23,,,,,,
H3502,Molí del Casso,0.045,,HROR,ES,42.23981712,1.872270068,,,,,,,
H3503,Vilafruns,0.258,,HROR,ES,41.8418238,1.879671848,7.6,,,,,,
H3504,Colònia Cal Vidal,0.7,,HROR,ES,41.94100039,1.880120763,16.25,,,,,,
H3505,Berga 3 (Benjac) - Canal industrial de Berga,2.924,,HROR,ES,42.08444036,1.877661906,157.55,,,,,,
H3506,Tèxtil Moisa,0.375,,HROR,ES,41.83015711,1.882139308,4.7,,,,,,
H3507,Cal Riera,0.426,,HROR,ES,41.92981848,1.88055761,6.41,,,,,,
H3508,Ametlla de Merola,1.249,,HROR,ES,41.90807534,1.881359596,15.39,,,,,,
H3509,Colònia Marçal,0.47064,,HROR,ES,41.95627126,1.881530631,10.915,,,,,,
H351,Saint esteve SAINT ESTEVE - Saint Esteve-Janson Hydroelectric Power Station France,141,,HDAM,FR,43.69049,5.38489,,,,,1610,39736,
H3510,Central de l'embassament de La Baells,6.95,,HDAM,ES,42.11826235,1.879835414,100,109.43,,,,,
H3511,Puig-Reig,0.95,,HROR,ES,41.97682588,1.882631489,9.37,,,,,,
H3512,Cal Metre,0.428,,HROR,ES,42.03598369,1.882042724,11.2,,,,,,
H3513,Càtex Molí,0.125,,HROR,ES,41.53538772,1.891605563,5.67,,,,,,
H3514,Colònia Cal Pons,1.26,,HROR,ES,41.96474872,1.884544124,13.78,,,,,,
H3515,Filatures Forcada,0.261,,HROR,ES,41.90021994,1.885824704,4,,,,,,
H3516,Colonia Soldevila,0.289,,HROR,ES,41.88440528,1.886858856,,,,,,,
H3517,Colònia Viladomiu Vell,0.48,,HROR,ES,42.00792506,1.885384116,7.17,,,,,,
H3518,La Rabeia,0.23,,HROR,ES,41.8766047,1.887705265,5.685,,,,,,
H3519,Cal Prat,0.72,,HROR,ES,41.98690081,1.885992408,,,,,,,
H352,Nuova biaschina,141,,HROR,CH,46.36495121,8.928785368,,,,,2424,,
H3520,Cal Bassacs,0.3,,HROR,ES,42.02235088,1.886050155,9.32,,,,,,
H3521,Guixaró,0.238,,HROR,ES,41.99492286,1.886637287,7.48,,,,,,
H3522,Viladomiu Nou,0.36,,HROR,ES,42.0026773,1.886622845,6.99,,,,,,
H3523,El Pont Vell,0.2,,HROR,ES,41.75319535,1.89250892,4.57,,,,,,
H3524,Serrassans,0.132,,HROR,ES,41.82674451,1.891531123,,,,,,,
H3525,Casa Torres Amat,0.036,,HROR,ES,41.82422499,1.893645704,,,,,,,
H3526,Nova Xibèria,0.562,,HROR,ES,41.82189096,1.895383662,9.55,,,,,,
H3527,Fàbrica del Riu,0.081,,HROR,ES,41.74855732,1.897243186,3.34,,,,,,
H3528,Sant Benet,0.377,,HROR,ES,41.7430838,1.901281453,8.3,,,,,,
H3529,Pont de Cabrianes,0.108,,HROR,ES,41.77519042,1.903813853,5.1,,,,,,
H353,Gerstheim GERSTHEIM - Gerstheim Hydroelectric Power Station France,140.5,,HROR,FR,48.40385,7.72775,21,25,,,1623,39807,
H3530,Cabrianes,0.225,,HROR,ES,41.79891361,1.903734608,8.55,,,,,,
H3531,Galobart,0.581,,HROR,ES,41.76397676,1.905688977,6.54,,,,,,
H3532,La Corbatera,0.202,,HROR,ES,41.78094347,1.905460695,8.1,,,,,,
H3533,Can Bros,0.8875,,HROR,ES,41.49621316,1.921697686,6.4585,,,,,,
H3534,Colònia Jorba,0.075,,HROR,ES,41.75871998,1.934780563,15,,,,,,
H3535,Fàbrica d'Electricitat Jorba,0.48,,HROR,ES,41.76485859,1.942137809,72.74,,,,,,
H3536,La Cortada,0.145,,HROR,ES,41.98922766,1.967235725,12.6,,,,,,
H3537,Ca l'Artigas / CH Carburs (171450-003),0.58,,HROR,ES,42.25214423,1.975697771,60,,,,,,
H3538,Granja Escrigàs,0.00736,,HROR,ES,42.0046349,1.981018173,8.8,,,,,,
H3539,Clot del Moro,2.6,,HROR,ES,42.260534,1.979296208,321.69,,,,,,
H354,Vogelgrun VOGELGRUN - Vogelgrun Hydroelectric Power Station France,140.5,,HROR,FR,48.0203,7.57393,,,,,1909,,
H3540,El molí de les fonts del Llobregat,0.0666,,HROR,ES,42.28162582,2.012150618,7.5,,,,,,
H3541,Molí Serradell (Merdàs),0.0047775,,HROR,ES,42.23465992,2.118368921,,,,,,,
H3542,Parramon,0.336,,HROR,ES,42.26703586,2.158974578,19.71,,,,,,
H3543,Montagut (AEG),1.008,,HROR,ES,42.27822126,2.160172008,36.07,,,,,,
H3544,Colònia Fàbregas,0.3576,,HROR,ES,42.29088775,2.161932421,,,,,,,
H3545,Colònia Herand,0.14,,HROR,ES,42.24671704,2.16377799,10,,,,,,
H3546,Molí d'en Sart,0.037,,HROR,ES,42.3082165,2.163304185,,,,,,,
H3547,Pont de la Cabreta,0.78,,HROR,ES,42.25018771,2.164229157,34,,,,,,
H3548,Colònia Pernau,0.426,,HROR,ES,42.23961625,2.165714025,12,,,,,,
H3549,Prat Rumí,0.16,,HROR,ES,42.29492444,2.165906318,12.875,,,,,,
H3550,El Molí de Queralbs,0.7,,HROR,ES,42.34634205,2.166173872,44.65,,,,,,
H3551,Colònia Molinou,0.232,,HROR,ES,42.23542572,2.167829517,10.3,,,,,,
H3552,Can Noguera 1,0.2,,HROR,ES,42.213903,2.168124253,13.32,,,,,,
H3553,Can Noguera 2,0.082,,HROR,ES,42.21179714,2.168345726,6.53,,,,,,
H3554,Fàbrica de Pastes,0.064,,HROR,ES,42.30274212,2.167198344,8.79,,,,,,
H3555,El Martinet,0.09,,HROR,ES,42.22229107,2.169819558,,,,,,,
H3556,Plaça del Mercat,0.1,,HROR,ES,42.30659165,2.16897969,,,,,,,
H3557,Hilados,1.65,,HROR,ES,42.31099806,2.170559797,91.76,,,,,,
H3558,Carburos,1,,HROR,ES,42.31030553,2.170690227,,,,,,,
H3559,La Farba,1.2,,HROR,ES,42.35703397,2.171387468,53.62,,,,,,
H356,Baix logis neuf BAIX LOGIS NEUF - Logis Neuf Hydroelectric Power Station France,215,,HROR,FR,44.67605,4.78827,22,40,,,1574,39759,
H3560,Rialb,1,,HROR,ES,42.33365775,2.171864344,56.28,,,,,,
H3561,Salt de Freser,6,,HROR,ES,42.3642447,2.174705208,,,,,,,
H3562,Sorribes,0.29,,HROR,ES,42.20418487,2.17932341,12.4,,,,,,
H3563,Pardines,1.28,,HROR,ES,42.31430719,2.187456111,,,,,,,
H3564,Serra Balet,0.245,,HROR,ES,42.20320658,2.192491027,7.5,,,,,,
H3565,Sant Quintí,0.265,,HROR,ES,42.17818872,2.195279539,5.65,,,,,,
H3566,Greens Power,0.91,,HROR,ES,42.20564013,2.195318865,30.51,,,,,,
H3567,Salt Agafallops,0.145,,HROR,ES,42.18951574,2.197436893,,,,,,,
H3568,El Roig,0.56,,HROR,ES,42.17063214,2.197808841,9.95,,,,,,
H3569,l'Aliguer,0.296,,HROR,ES,42.15168794,2.202417433,4.36,,,,,,
H357,Waldeck I Pumped Storage Power Plant Germany - Waldeck I Pumped Storage Power Plant Germany,140,,HPHS,DE,51.166,9.0461,296,0.736,461,,,44355,
H3570,Salt La Corba,0.5,,HROR,ES,42.16445485,2.203128709,9.599,,,,,,
H3571,El Carbur de Dalt,0.628,,HROR,ES,42.12253574,2.205214841,,,,,,,
H3572,La Farga de Bebié,1.095,,HROR,ES,42.13133208,2.206097037,13.9,,,,,,
H3573,La Cúbia,0.597,,HROR,ES,42.14236196,2.208282764,10.628,,,,,,
H3574,Carburos Montesquiu,1.083,,HROR,ES,42.11326644,2.208874816,,,,,,,
H3575,l'Escala d'en Botei,0.728,,HROR,ES,42.15437532,2.209428164,10.353,,,,,,
H3576,La Verneda,0.66,,HROR,ES,42.10417195,2.217042735,7.018,,,,,,
H3577,Colònia Can Guixà,0.515,,HROR,ES,42.09865684,2.225866141,6.29,,,,,,
H3578,La Caseta,0.45,,HROR,ES,42.08439187,2.2287237,4.71,,,,,,
H3579,L'Illa,0.97,,HROR,ES,42.09292142,2.230131892,,,,,,,
H358,Torrão Torrao - G1 - Torrao Hydroelectric Power Plant Portugal,140,,HPHS,PT,41.097355,-8.261137,,,980,,2895,43573,
H3580,El Molí de l'Espona,0.3,,HROR,ES,42.07399057,2.23158168,,,,,,,
H3581,Salt de la Coromina,0.47,,HROR,ES,42.04427484,2.236483076,4.576,,,,,,
H3582,La Farga Lacambra,0.3,,HROR,ES,42.03801333,2.24025507,6.3,,,,,,
H3583,La Mambla d'Orís,1.317,,HROR,ES,42.073059,2.240465841,9.621,,,,,,
H3584,Serradal,0.6,,HROR,ES,42.22154747,2.239209697,12.8,,,,,,
H3585,Borgonyà,0.65,,HROR,ES,42.06343354,2.242200186,,,,,,,
H3586,Colònia Ymbern,0.232,,HROR,ES,42.05584899,2.243402201,,,,,,,
H3587,Cal Escolà,0.22,,HROR,ES,42.00360112,2.244625317,3.939,,,,,,
H3588,La Gleva,0.609,,HROR,ES,42.01024319,2.249389433,,,,,,,
H3589,CH Gallifa - Filatures Marquet - Grup 2,0.75,,HROR,ES,42.02019798,2.2511566,10.35,,,,,,
H359,Akkats Akkats Hydroelectric Power Station Sweden - Akkats Hydroelectric Power Station Sweden,149.044586,,HDAM,SE,66.6313945,19.819811,21,42,,540,775,42919,
H3590,Can Tarrés,0.3,,HROR,ES,42.04143223,2.254822031,3.04,,,,,,
H3591,Colònia Vilaseca,0.31,,HROR,ES,42.05892249,2.2547626,6.46,,,,,,
H3592,Filats Rusiñol,0.24,,HROR,ES,41.99553105,2.258412413,5.1,,,,,,
H3593,Can Blanc,0.107,,HROR,ES,42.04822459,2.257824005,,,,,,,
H3594,Cal Gat,0.6,,HROR,ES,42.22373793,2.257371258,16.33,,,,,,
H3595,Dolcet,0.209,,HROR,ES,41.99700886,2.265531021,,,,,,,
H3596,Comamala,0.1,,HROR,ES,42.23160075,2.281467957,,,,,,,
H3597,Can Benet,0.075,,HROR,ES,42.25969377,2.283331412,,,,,,,
H3598,Cal Espona,0.5,,HROR,ES,42.23554912,2.286380015,23.15,,,,,,
H3599,Malars,0.135,,HROR,ES,41.98423404,2.290762742,3.04,,,,,,
H36,Żarnowiec Zarnowiec H1 - Zarnowiec Pumped Storage Hydroelectric Power Plant Poland,716,800,HPHS,PL,54.722272,18.082356,119.3,,6000,,1553,42483,
H360,Hölleforsen,140,,HDAM,SE,62.950833,16.667778,41,0.8,,713,782,,
H3600,La Grevolosa,0.065,,HROR,ES,42.24926589,2.289328667,43.2,,,,,,
H3601,Can Llanes,0.25,,HROR,ES,41.99850206,2.293936847,1.9,,,,,,
H3602,Tregurà,4.436,,HROR,ES,42.34174258,2.296907389,,,,,,,
H3603,Portabella,0.29,,HROR,ES,41.98178262,2.30820867,3.49,,,,,,
H3604,Brutau-II,2.845,,HROR,ES,42.33220335,2.309952732,,,,,,,
H3605,Folcrà,0.62,,HROR,ES,42.24729652,2.319521646,26.06,,,,,,
H3606,Llanars,1.44,,HROR,ES,42.31983,2.339176991,,,,,,,
H3607,Feitús,0.259,,HROR,ES,42.32540199,2.344968557,90.97,,,,,,
H3608,Brutau-I,0.25,,HROR,ES,42.31843481,2.348754237,17.7,,,,,,
H3609,Brandia,0.62,,HROR,ES,42.25447295,2.350321952,24.5,,,,,,
H361,Lasele,140,,HDAM,SE,63.555408,16.840305,25,4.1,,700,784,,
H3610,Les Rocasses-1,0.157,,HROR,ES,42.30395299,2.358342647,,,,,,,
H3611,Les Rocasses-2,0.34,,HROR,ES,42.29920763,2.358500014,15.8,,,,,,
H3612,Matabosch,0.286,,HROR,ES,42.29336623,2.360754924,12.244,,,,,,
H3613,Iglesies,0.128,,HROR,ES,42.31015702,2.362975399,,,,,,,
H3614,Mariner,1.242,,HROR,ES,42.26298303,2.364650858,48.2,,,,,,
H3615,Cruanyes,0.20755,,HROR,ES,42.31963847,2.380694797,,,,,,,
H3616,Can Riera Moliner,0.6,,HROR,ES,41.7755881,2.395642854,228.29,,,,,,
H3617,El Molí d'Espinavell,0.015,,HROR,ES,42.37990412,2.393622711,,,,,,,
H3618,Central de l'embassament de Sau,55.56,,HDAM,ES,41.96761928,2.414154641,97,165.26,,,,,
H3619,Salt Gualba II,0.518,,HROR,ES,41.75509843,2.480613014,420,,,,,,
H362,Feldsee Kraftwerk Feldsee - Feldsee Pumped Storage Power Plant Austria,140,,HPHS,AT,46.9985746,13.0418733,,1.65,,,2896,45204,
H3620,Beget,0.095,,HROR,ES,42.32130424,2.480362827,,,,,,,
H3621,Salt Gualba III,1.073,,HROR,ES,41.74731425,2.488168707,354,,,,,,
H3622,vila Junvinya Finca registral número 815,0.037,,HROR,ES,42.2109552,2.507835992,11.6,,,,,,
H3623,Molí Fondo,0.0697,,HROR,ES,42.21407403,2.510561968,12.7,,,,,,
H3624,La Sebastiana,0.19,,HROR,ES,42.21613951,2.521959073,17.639,,,,,,
H3625,La Sebastianeta,0.045,,HROR,ES,42.21655056,2.527698886,5.26,,,,,,
H3626,Dusol 1,0.04,,HROR,ES,42.06159496,2.532051866,,,,,,,
H3627,Can Gridó,0.28,,HROR,ES,42.2184009,2.537535572,17.5,,,,,,
H3628,El Molí de Vilamala,0.022,,HROR,ES,42.06327934,2.550109065,13,,,,,,
H3629,Monter,0.17,,HROR,ES,42.04486963,2.554649331,32.487,,,,,,
H3630,Mulleras,0.16,,HROR,ES,42.21993851,2.555129627,10.64,,,,,,
H3631,Can Xaudiera,0.05888,,HROR,ES,42.21945626,2.560864074,11.27,,,,,,
H3632,Central de l'embassament de Susqueda,88.55,,HDAM,ES,41.98538029,2.571035327,165.5,232.91,,,,,
H3633,Can Sorribes,0.359,,HROR,ES,42.20959381,2.587402636,24.4,,,,,,
H3634,Aigües del Brugent,0.046,,HROR,ES,42.02544351,2.588728336,,,,,,,
H3635,Les Mines d'Osor,0.06512,,HROR,ES,41.95011144,2.591155435,27.6,,,,,,
H3636,Central de l'embassament de Pasteral I,6.32,,HDAM,ES,41.98449599,2.600532576,25.9,1.3,,,,,
H3637,Sant Jaume,0.21,,HROR,ES,42.20935869,2.605042858,,,,,,,
H3638,Osor,0.59,,HROR,ES,41.95099009,2.610732029,67.02,,,,,,
H3639,CH Pasteral II,1.685,,HROR,ES,41.97628828,2.623746615,14,,,,,,
H364,VOGELGRUN - Vogelgrun Hydroelectric Power Station France,140,,HROR,FR,48.02,7.574,,,,,,5953,
H3640,Salt d'Anglès,0.651,,HROR,ES,41.96002054,2.634389015,10.27,,,,,,
H3641,Can Carlot,0.205,,HROR,ES,42.21090294,2.639112128,7.5,,,,,,
H3642,Molí Nou (A) (El Molinot),0.25,,HROR,ES,42.20942161,2.658297822,,,,,,,
H3643,Bonmatí,0.7,,HROR,ES,41.9674235,2.669876493,,,,,,,
H3644,Vilanna,0.44,,HROR,ES,41.97265678,2.686070931,7.77,,,,,,
H3645,Bescanó,1.176,,HROR,ES,41.96851982,2.719763086,9.73,,,,,,
H3646,Grober,0.808,,HROR,ES,41.96923759,2.733735726,8.58,,,,,,
H3647,Serinyà,0.42,,HROR,ES,42.18704976,2.765920932,8.9,,,,,,
H3648,Montfullà,0.296,,HROR,ES,41.97003284,2.768177487,4.49,,,,,,
H3649,Martís,0.326,,HROR,ES,42.18349536,2.781192099,8.23,,,,,,
H3650,Salt-1,0.12,,HROR,ES,41.9756537,2.78232742,5.05,,,,,,
H3651,Salt-2,0.17,,HROR,ES,41.97696952,2.792510327,4.53,,,,,,
H3652,Esponellà-B,0.14,,HROR,ES,42.17819421,2.797883859,4.9,,,,,,
H3653,El molí de Girona,0.188,,HROR,ES,41.98343324,2.822933885,3.55,,,,,,
H3654,Mitjans,0.11,,HROR,ES,42.01371376,2.823006928,2.3,,,,,,
H3655,Molí dels Sords,0.064,,HROR,ES,42.09052174,2.822914481,,,,,,,
H3656,Aurora II,0.265,,HROR,ES,42.00086196,2.823453093,5.45,,,,,,
H3657,Campdorà,0.393,,HROR,ES,42.02684615,2.829433198,6.3,,,,,,
H3658,Travy-Vilert,0.272,,HROR,ES,42.17487676,2.829229736,6,,,,,,
H3659,Central de l'embassament de Darnius Boadella,3.58,,HDAM,ES,42.34038429,2.83505879,,60.18,,,,,
H3660,Orfes,0.323,,HROR,ES,42.17694922,2.879703766,,,,,,,
H3661,Arenys d'Empordà,0.272,,HROR,ES,42.16011741,2.957511033,8,,,,,,
H3662,Molí d'en Vinyals,0.365,,HROR,ES,42.05572412,2.9603603,5.537,,,,,,
H3663,Sentmenat,0.363,,HROR,ES,42.16453735,2.98432278,9,,,,,,
H3664,Ribarroja Riba-Roja,262.8,,HDAM,ES,41.2512192,0.4870597,34,210,,,,,
H3665,Kinlochleven Hydro Power Plant KNLCV-1,24,,HROR,UK,56.713663,-4.9617,26.2,,,,,,
H3666,MAEN MARMORE,22,,HROR,IT,45.868614,7.617252,,,,,,,
H3667,Bergkristall Stieber,11,,HROR,IT,46.827532,11.169127,,,,48,,,
H3668,Pumpspeicherwerk Rönkhausen PSW-ROENK-KW,138,,HPHS,DE,51.22475,7.99281,,,,,,,
H3669,Lee Scheme,27,,HROR,IE,51.89,-8.61,,,,,,,
H3670,Ujmani,35,,HDAM,XK,42.940311,20.652053,,350,,95,,,
H3671,HC LUMBARDHI 1 2 Belaja DECANI,30.2,,HROR,XK,42.58880928,20.17900745,,,,,,,
H3672,Centrale hydraulique EDF de Golfech - Sud-Ouest,63,,HROR,FR,44.1091231,0.8503732,,,,,,,
H3673,Romanche-Gavet,97,,HROR,FR,45.1171846,5.9590868,270,,,,,,
H3674,Besenova - Bešeňová,4.64,,HROR,SK,49.095383,19.455563,,,,18.3,,,
H3675,Domasa - DOMAŠA,12.4,,HDAM,SK,48.9994658,21.6971662,,,,11.497,,,
H3676,MALÉ GABČÍKOVO – S VII,1.04,,HROR,SK,47.8810224,17.5384761,,,,3.6,,,
H368,Fionnay mauvoisin,140,,HDAM,CH,46.03040473,7.30795255,,,,,2157,,
H369,Tierfehd umwälzwerk,140,,HPHS,CH,46.87875008,8.985137042,,,,,1845,,
H370,Curbans CURBANS - Curbans Hydroelectric Power Station France,139,,HDAM,FR,44.42078,6.02016,23,1.2,,,1601,39714,
H371,Provvidenza UP_PROVVIDEN_1,139,141,HPHS,IT,42.511133,13.410606,,217,147200,,214,,
H372,Pumpspeicherwerk rönkhausen Rönkhausen Pumped Storage Power Plant Germany - Rönkhausen Pumped Storage Power Plant Germany,138,,HPHS,DE,51.22475,7.99281,265,1,590,,1562,44354,
H373,Hpp ruieni RUIE1 - Ruieni Hydroelectric Power Station Romania,137.7,,HDAM,RO,45.426,22.4757,125,96,,,2974,40984,
H374,Hourat Hourat Hydroelectric Power Station France - Hourat Hydroelectric Power Station France,137.2292994,,HDAM,FR,43.075,-0.42,,,,,3090,39801,
H375,Gargnano UP_GARGNANO_1,140,137,HPHS,IT,45.703881,10.686097,431,,,,219,,
H377,Ceresole - Rosone (Locana),98.6,,HDAM,IT,45.435348,7.418466,813,34,,250,258,,
H378,Kvistforsen,140,,HROR,SE,64.744883,20.863433,23,4,,561,783,,
H379,Etzelwerk Altendorf,135,54,HPHS,CH,47.1941129,8.812915171,,,104930,,1834,,
H38,Grimsel KWO ProduktionPS - Grimsel 3 Pumped Storage Power Plant Switzerland,660,,HPHS,CH,46.56807207,8.319326517,560,,210000,2350,,,
H380,Morasco,45.6,,HDAM,IT,46.376886,8.425713,639.5,44.12,66890,,3608,,
H381,"TANES GR,1 GENERAC,",124,110,HPHS,ES,43.221001,-5.428,,,,,218,,
H382,Taivalkoski,133,,HDAM,FI,65.931,24.714001,25,50,,515,,,
H383,Verzasca gordola GORDOLA - Verzasca Hydroelectric Power Plant Switzerland,132.5,,HDAM,CH,46.19421678,8.849101117,,,,,1754,45219,
H384,Sainte croix,132.3,,HDAM,FR,43.73687,6.13423,95,767,,146,1683,39712,
H385,Moforsen Hydroelectric Power Station Sweden - Moforsen Hydroelectric Power Station Sweden,135,,HROR,SE,63.36827,16.98765,35,2.1,,641,,46237,
H386,Fratel Fratel - G1 - Fratel Hydroelectric Power Plant Portugal,132,,HROR,PT,39.5428,-7.8029,,,,357.9,2930,43572,
H387,Montpezat MONTPEZAT,131.8,,HDAM,FR,44.69026,4.27215,,,,,1885,,
H388,Stadsforsen,132,,HDAM,SE,62.990118,16.65472,22,3.9,,825,786,,
H389,Torrejon,130,72,HPHS,ES,39.835871,-5.989523,,,,,227,,
H39,Centrale di Grosio - Lovero - Stazzona,535.3,,HDAM,IT,46.489007,10.294052,591,1.2,,900,243,,
H390,Laval cere & Laval de Cere  1 & 2 Hydroelectric Power Station France - Laval de Cere  1 & 2 Hydroelectric Power Station France,130.3184713,,HDAM,FR,44.953,1.95,,,,,3114,39799,
H391,Plastiras PLASTIRAS - Plastira Hydroelectric Power Plant Greece,130,,HDAM,EL,39.2361,21.7462,83,400,392000,,2962,42795,
H392,Vargfors Vargfors Hydroelectric Power Station Sweden - Vargfors Hydroelectric Power Station Sweden,131,,HDAM,SE,65.0222165,19.682859,45,14.1,,410,774,46255,
H393,Edison Cedegolo,72,,HROR,IT,46.243788,10.457249,,,,,233,,
H394,Valpelline UP_VALPELLIN_1,130,,HDAM,IT,45.825196,7.333163,962,93,212101,330,268,,
H395,Korsselbränna,130,,HROR,SE,64.467447,15.532646,20,7.5,,428,785,,
H398,FRIEIRA,130,,HDAM,ES,42.155998,-8.193,,,,,,,
H399,Passau ingling,86,,HROR,AT,48.5534887,13.43444355,,,,504,699,,
H4,Muela,1516.76,1390,HPHS,ES,39.243581,-0.931709,450,20,24500,,209,,WRI1006587
H40,EDST_G1____ - Dlouhe Strane Pumped Storage Hydroelectric Power Plant Czech Republic,650,,HPHS,CZ,50.083,17.181,56,2.72,,152,3065,42364,
H400,Pyhäkoski,129,,HDAM,FI,64.85,26.1,,,,,,,
H401,HE Vrla 1-4,128.6,,HDAM,RS,42.707709,22.318567,,,198000,,,,
H402,Stalon Stalon G1 - Stalon Hydroelectric Power Station Sweden,130,,HDAM,SE,64.945753,15.827496,199,665,,548,10,46247,
H404,Soutelo,214,78,HPHS,ES,42.246487,-7.167071,460,,,,,,
H405,Avise UP_AVISE_1,126.5,,HDAM,IT,45.700913,7.193059,972,5.56,12812,,230,,
H406,Peshtera HPP_PESHTERA - Peshtera Hydroelectric Power Plant Bulgaria,128,,HDAM,BG,42.0135,24.2579,586,302.3,,300,3155,42190,
H407,Avignon AVIGNON VILLENEUVE - Avignon  Hydroelectric Power Station France,126,,HROR,FR,43.97606,4.81721,27,34,,,1572,39823,
H408,Entracque rovina UP_ETQ_ROVINA_1 - Entracque Chiotas-Piastra Pumped Storage Power Plant Italy,134,134,HPHS,IT,44.22573,7.39012,598,,2000,,15,45433,
H409,Höljes Holjes Hydroelectric Power Station Sweden - Holjes Hydroelectric Power Station Sweden,128,,HDAM,SE,60.9509665,12.545216,80,269.4,,520,2743,46243,
H410,Vilarinho furnas Vilarinho Furnas - G1 - Vilarinho das Furnas Hydroelectric Power Plant Portugal,125,79,HPHS,PT,41.763285,-8.209765,,69.7,137900,189,2909,43548,
H412,Egglfing,124.4,,HROR,DE,48.3202287,13.31740725,,,,,4615,,
H413,Randens RANDENS,124.2,,HROR,FR,45.52711,6.31996,,,,,1894,,
H415,Walchensee,124,,HDAM,DE,47.631354,11.337054,200,1.324,,300,2709,,
H416,HPP_MOMINA_KLISU - Momina Klisura Hydroelectric Power Station Bulgaria,120,,HDAM,BG,42.23193,23.94938,254,0.2,,105.3,3135,42176,
H418,COFRENTES HYDRO,124,,HDAM,ES,39.247002,-1.094,,,,,,,
H419,Combe d'avrieux COMBE DAVRIEUX 1 - Aussois + Combe d'Avrieux Hydroelectric Power Station France,123,,HDAM,FR,45.21348,6.72053,50,3.94,,290,1571,39818,
H42,Alto lindoso Alto Lindoso - G1 - Alto Lindoso Hydroelectric Power Plant Portugal,630,630,HPHS,PT,41.872,-8.2025,110,348,224600,948,2914,43535,
H420,Amsteg,122.45,,HROR,CH,46.76675965,8.672923364,,,,,1972,,
H421,Lötschen,122,,HROR,CH,46.31972855,7.744274904,,,,,2348,,
H422,CORNATEL 1,122,,HDAM,ES,42.471001,-6.813,,,,,,,
H423,Cardano UP_CARDANO_1,121,,HROR,IT,46.494973,11.395485,,,,,232,,
H424,Ryburg schwörstadt,120.35,,HROR,CH,47.58686194,7.83370777,,,,,2545,,
H425,Malta oberstufe Malta-Oberstufe-KW - Malta Oberstufe Pumped Storage Power Plant Austria,120,,HDAM,AT,47.065944,13.353102,200,200,588300,37.4,1544,44814,
H427,Schwarzach Kaprun-Schwarzach-KW Limberg,120,,HDAM,AT,47.315375,13.138786,138.7,1.8,,482,108,45559,
H428,Lana UP_LANA_1,132,,HDAM,IT,46.6073775,11.1613274,478.15,2.4,2720,,246,,
H429,Isola serafini,120,,HROR,IT,45.089969,9.93657,,,,,3501,,
H430,Haeusern Schluchsee,100,100,HPHS,DE,47.755001,8.188,,108,,,1839,,
H431,Tabescan_2,120,,HDAM,ES,42.646,1.26,,,,,,,
H432,Geesthacht,120,96,HPHS,DE,53.42605,10.3359,80,3.6,640,,1836,,
H433,Couesque COUESQUE - Couesque Hydroelectric Power Station France,119,,HROR,FR,44.69609,2.58555,70,56,,,1599,39721,
H434,Lipno republic Lipno Hydroelectric Power Plant Czech Republic - Lipno Hydroelectric Power Plant Czech Republic,120,,HDAM,CZ,48.6333,14.2375,42,306,,148,3121,42358,
H435,Isolato spluga ISOLATO SPLUGA,42.8,,HDAM,IT,46.443064,9.334613,641.55,32.56,49522,50,281,,
H436,Riva garda nuovo,117,,HPHS,IT,45.883103,10.837735,,,,,215,,
H437,Crestuma Crestuma - G1 - Crestuma-Lever Hydroelectric Power Plant Portugal,117,,HROR,PT,41.0716,-8.486,,,,360,2925,43543,
H439,TIKVES G1 - Tikves Hydroelectric Power Plant Macedonia,116,,HDAM,MK,41.404999,21.936001,113.5,309.6,,150,,42706,
H44,RHE Bajina Basta G1 - Bajina Basta Pumped Storage Hydroelectric Power Plant Serbia,614,614,HPHS,RS,43.865002,19.406,554,150,,,,44122,
H440,Saint guillerme SAINT GUILLERME - St. Guillerme Hydroelectric Power Station France,116,,HDAM,FR,45.03048,6.07914,136,51,,210,1628,39788,
H441,Platanovrysi PLATANOVRYSI - Platanovrisi Hydroelectric Power Plant Greece,116,,HDAM,EL,41.3355,24.4621,95,57,11000,,2963,42796,
H442,Formin HE Formin 1 - Formin Hydroelectric Poqwer Plant Slovenia,116,,HDAM,SI,46.40251,16.03374,29,4.5,,548,1617,44865,
H443,Hermillon HERMILLON,115.6,,HROR,FR,45.28424,6.35799,,,,,1868,,
H446,Hpp bradisoru BRAD - Bradisor Hydroelectric Power Station Romania,114.8,,HDAM,RO,45.3549,24.1053,,39,,,2919,40979,
H448,Zlatoličje Zlatolicje Hydroelectric Poqwer Plant Slovenia - Zlatolicje Hydroelectric Poqwer Plant Slovenia,114,,HROR,SI,46.44793,15.78693,54,4.6,,577,1716,44864,
H45,Komani - KOMANG1,600,,HDAM,AL,42.104,19.826,96,188,,2000,,,WRI1002171
H450,Älvkarleby Alvkarleby Hydroelectric Power Plant Sweden - Alvkarleby Hydroelectric Power Plant Sweden,125,,HDAM,SE,60.5636805,17.44205,,,,510,766,44239,
H451,GRABOVICA - Grabovica Hydroelectric Power Plant Bosnia and Herzegovina,114,,HDAM,BA,43.587002,17.719,,,,,,44771,
H453,Windisch,113.07,,HROR,CH,48.08514842,8.650434671,,,,,6486,,
H454,KWO Produktion - Handeck 1 Hydroelectric Power Plant Switzerland,113,,HDAM,CH,46.638,8.305,35,13,,,,45440,
H455,Capriati UP_CAPRIATI_1,120,113,HPHS,IT,41.476824,14.128279,654,,,,207,,
H456,Olden,116,,HDAM,SE,63.74985,13.54035,261,178,,340,,,
H460,Gabriel galan,110.4,,HPHS,ES,40.221274,-6.133104,168.8,911,,,221,,
H461,CASTRO II - Castro Hydroelectric Power Plant Spain,110,,HDAM,ES,41.575401,-6.1872,55,27,,,,44133,
H462,BOCAC - Bocac Hydroelectric Power Plant Bosnia and Herzegovina,110,,HDAM,BA,44.507999,17.162001,66,42.9,,,,44772,
H463,Montorio UP_MONTORIO_1,110,,HROR,IT,42.6612893,13.6983524,,,,,254,,
H464,Torbole UP_TORBOLE_1,110,,HROR,IT,45.882608,10.882742,,,,,266,,
H465,Järpströmmen,114,,HDAM,SE,63.344498,13.460305,16,505,,415,2783,,
H469,LSV Harjavallan vesivoimalaitos,110,,HROR,FI,61.3375,22.113611,,,,430,,,
H47,La Bathie - Roseland,546,,HDAM,FR,45.68545,6.62249,1210,185,567200,1090,1575,39814,
H470,Pirttikoski,110,,HDAM,FI,66.339996,27.155001,,,,579,,,
H471,Pied borne PIED DE BORNE - Pied-de-Borne Hydroelectric Power Station France,109.4,,HDAM,FR,44.47198,3.98867,57,6.7,,,1673,39800,
H473,Ering,73,,HROR,AT,48.29207045,13.1589383,,,,434,627,,
H474,Sablons PEAGE DE ROUSSILLON - Sablons Hydroelectric Power Station France,108.1717843,,HROR,FR,45.307,4.797,,,,,3180,39792,
H475,Cabril Cabril - G1 - Cabril Hydroelectric Power Plant Portugal,108,,HDAM,PT,39.91727,-8.13244,132,615,339300,304.8,2920,43549,
H476,Asomata ASOMATA - Asomata Hydroelectric Power Plant Greece,108,,HDAM,EL,40.4744,22.2439,52,3,1000,,2916,42789,
H477,CANELLES,108,,HDAM,ES,41.958,0.634,49,679,289000,113,,,
H478,Oschenik innerfragant Innerfragant Pumped Storage Power Plant Austria - Innerfragant Pumped Storage Power Plant Austria,108,100,HPHS,AT,47.1374819,12.3273397,110,30,,,2902,45205,
H48,Stornorrfors Stornorrfors G1 - Stornorrfors Hydroelectric Power Station Sweden,575,,HDAM,SE,63.85198,20.051344,75,,,2300,11,42911,
H482,Krokströmmen Krokstrommen Hydroelectric Power Plant Sweden - Krokstrommen Hydroelectric Power Plant Sweden,113,,HROR,SE,63.5322,17.2946,,,,522,2746,45670,
H486,Hpp_kardzhali,106,,HDAM,BG,41.63253,25.33801,93,540,,160,2938,42192,
H487,KW Laufenburg,106,,HROR,AT,47.662998,13.607,,,,,,,
H488,Isohaara,106,,HDAM,FI,65.797083,24.549583,24,80,,,,,
H489,Nämforsen Namforsen Hydroelectric Power Station Sweden - Namforsen Hydroelectric Power Station Sweden,113,,HDAM,SE,64.0448895,17.6922205,22,,,604,767,46250,
H49,S.fiorano,568,210,HPHS,IT,46.049856,10.351457,1403,38.8,130400,,16,45424,
H493,Hpp tismana TISM - Tismana (Motru) Hydroelectric Power Station Romania,104.8,,HDAM,RO,45.0444,22.9472,48,4.8,,,2983,40982,
H494,Bistrica Hydroelectric Power Plant Serbia - Bistrica Hydroelectric Power Plant Serbia,104,,HDAM,RS,43.5223,19.742,43,7.6,,,,44127,
H495,Aston ASTON - Aston Hydroelectric Power Station France,104,,HROR,FR,42.77668,1.67671,37,0.8,,200,1570,39716,
H496,HPP_IVAILOVGRAD 1/2/3 - Ivaylovgrad Hydroelectric Power Plant Bulgaria,120,,HDAM,BG,41.584,26.108,43,156.7,,217,3092,42194,
H497,Torpshammar,110,,HDAM,SE,62.472822,16.325252,26,2.5,,332,787,,
H498,Passy PASSY,104,,HROR,FR,45.91642,6.72592,,,,,1890,,
H5,Psw vianden Vianden 1 - Vianden Pumped Storage Power Plant Luxembourg,1291,1040,HPHS,DE,49.95156713,6.180031287,280,6.864,4478,1650,1551,45216,GEODB0045216
H50,Porąbka żar Porabka Zar H1 - Porabka-Zar Pumped Storage Power Plant Poland,540,,HPHS,PL,49.7704966,19.2116631,440,,2000,,1547,42466,
H500,Centrale di Cavergno,104,,HDAM,CH,46.349998,8.6,489,333,,384,2077,,
H501,St etienne cantales ST ETIENNE CANTALES - Saint Etienne Cantales Hydroelectric Power Station France,103.3,,HDAM,FR,44.94516,2.21906,69,133,,,1611,39739,
H502,Tuggen,105,,HDAM,SE,64.479423,18.878073,27,10.8,,440,788,,
H505,Verbois Verbois Hydroelectric Power Plant Switzerland - Verbois Hydroelectric Power Plant Switzerland,102.8,,HROR,CH,46.19139413,6.027357341,,,,,1793,45459,
H506,CIJARA 1,102,,HDAM,ES,39.373001,-5.016,46,1505,296000,,,,
H509,Olivone,102,,HDAM,CH,46.53967951,8.949111449,,,,,2434,,
H51,Saucelle SAUCE II 1 - Saucelle Hydroelectric Power Plant Spain,516.39,,HDAM,ES,41.041734,-6.805412,83,181.5,35600,,178,44131,
H510,Rheinfelden,101.8,,HROR,CH,47.56885316,7.812975727,,,,,1931,,
H511,Seled glorenza SELED GLORENZA,101.6,,HDAM,IT,46.6879187,10.5465492,,,,,242,,
H512,Mucone,101.44,,HDAM,IT,39.476646,16.290828,,,,,255,,
H513,Kaunohe Kauno KHE------HA1 - Kaunas Hydroelectric Power Plant Lithuania,101,,HDAM,LT,54.87414,24,37,462,,356,2940,42162,
H515,Valajaskoski,101,,HDAM,FI,66.424004,25.540001,21,100,,338,,,
H517,Olidan Olidan Hydroelectric Power Plant Sweden - Olidan Hydroelectric Power Plant Sweden,104,,HROR,SE,58.275,12.2726,20,,,126,779,44340,
H518,Braunau simbach,100,,HROR,AT,48.244957,13.0075,,,,549,603,,
H519,Umluspen,100,,HDAM,SE,65.095,17.101667,24,1101,,374,823,,
H52,Alqueva,514,,HPHS,PT,38.197508,-7.496394,96,4150,5800,,2890,43534,
H520,Järnvägsforsen,100,,HDAM,SE,62.3833333,17.3166667,86.6,192,,420,882,,
H521,Kraftwerk außerfragant Kraftwerk Ausserfragant,100,,HDAM,AT,46.9380556,13.1097222,,,,,3271,,
H522,Birsfelden,100,,HROR,CH,47.55986094,7.626364606,,,,,2020,,
H523,Glendoe Hydro GLNDO-1,100,,HDAM,UK,57.132999,-4.683,632,8,,180,,,
H528,Castasegna,100,,HDAM,CH,46.33609811,9.515437008,,,,,2073,,
H529,Centrale di Verbano,108,,HDAM,CH,46.175999,8.684,255,794,,507,2685,,
H53,CheLotru_LOTR1_CA - Lotru-Ciunget Hydroelectric Power Plant Romania,510,,HDAM,RO,45.446999,23.768,121,340,,1150,,40977,
H530,Grundfors,100,,HDAM,SE,64.9687,17.54421,30,14.4,,462,798,,
H531,Bastusel Bastusel G1 - Bastusel Hydroelectric Power Plant Sweden,100,,HDAM,SE,65.403606,18.673154,30,29.7,,534,0,46253,
H532,Kraftwerksgruppe pfreimd,99,,HPHS,DE,49.53002,12.28481,,,,,1848,,
H533,Langbjörn Langbjorn Hydroelectric Power Plant Sweden - Langbjorn Hydroelectric Power Plant Sweden,99.36305732,,HDAM,SE,63.6366335,16.78694,32,4,,428,777,46240,
H534,Cogolo,98,,HROR,IT,46.362907,10.672964,,,,,3366,,
H535,Montahut Montahut Hydroelectric Power Station France - Montahut Hydroelectric Power Station France,97.7388535,,HDAM,FR,43.571,2.94,,,,,3136,39820,
H537,Zvornik Hydroelectric Power Plant Serbia - Zvornik Hydroelectric Power Plant Serbia,96,,HROR,RS,44.3679,19.1067,,,,,,44124,
H538,Nentilla Nentilla Hydroelectric Power Station France - Nentilla Hydroelectric Power Station France,54,,HDAM,FR,42.772,2.213,,,,137,3142,39719,
H54,Silz SILZ 1,500,,HDAM,AT,47.2666667,10.9333333,1465,3,8900,718,3771,,
H540,Boazzo,95,,HDAM,IT,45.947196,10.62107,,,,,3561,,
H543,Varazdin Varazdin - Varazdin Hydroelectric Power Plant Croatia Croatia,94,,HDAM,HR,46.3479,16.2684,21.9,8,,450,3216,44828,
H544,Portillon le Portillon (Le) Hydroelectric Power Station France - Portillon (Le) Hydroelectric Power Station France,93.78980892,,HDAM,FR,42.733,0.553,,,,,3163,39766,
H545,Mikšová Miskova Hydroelectric Power Plant Slovakia - Miskova Hydroelectric Power Plant Slovakia,93.6,,HROR,SK,49.19271,18.50829,,,,,1821,42643,
H546,Ackersand,93.6,,HROR,CH,46.24000507,7.874575928,,,,,1945,,
H549,Ossauskoski,93,,HDAM,FI,66.155998,25.125,24,49.5,,457,,,
H55,Anapo c.le UP_ANAPO_C.L_1 - Anapo Pumped Storage Power Plant Italy,500,500,HPHS,IT,37.115761,15.137157,300,5.6,4000,,13,45434,
H550,Montamara,92,100,HPHS,ES,42.673534,1.235138,630,,,,224,,
H551,Hospitalet l' Hospitalet (L') Hydroelectric Power Station France - Hospitalet (L') Hydroelectric Power Station France,104,,HDAM,FR,42.588,1.797,,,,255,3109,39806,
H552,Leitzach,92,,HROR,DE,47.873938,11.87099,,,,,1843,,
H554,Vernayaz cff,92,,HDAM,CH,46.13320779,7.03598337,,,,,2686,,
H556,Brens-Virigin Hydroelectric Power Station France - Brens-Virigin Hydroelectric Power Station France,90,,HDAM,FR,45.725,5.698,16,16,,,,39816,
H557,Pumpspeicherkraftwerk glems,90,68,HPHS,DE,48.50499,9.28692,283,0.9,566,,1837,,
H558,Venda Nova,90,,HDAM,PT,41.4,-7.59,97,92.1,125200,383.9,,,
H559,Annabrücke Annabruecke Hydroelectric Power Plant Austria - Annabruecke Hydroelectric Power Plant Austria,90,,HROR,AT,46.561407,14.479829,,,,390,141,45188,
H56,Limmern+Hintersand+Tierfehd,1214.4,1174,HPHS,CH,46.9218287,8.9996438,,25,34000,,1832,,WRI1004315
H560,Oberaudorf ebbs,60,,HROR,AT,47.641244,12.198715,,,,268,691,,
H561,Lavey,90,,HROR,CH,46.21444422,7.012962705,,,,,2326,,
H565,Safien platz,90,,HDAM,CH,46.67782429,9.315873833,15,0.24,,,2547,,
H566,Vinodol system Vinodol - Vinodol Hydroelectric Power System Croatia Croatia,90,,HDAM,HR,45.2286,14.6736,648,36.9,,153.3816667,3225,44841,
H567,Sarelli,90,,HDAM,CH,46.97709803,9.538658855,,,,,2560,,
H568,Am löntsch,89.1,,HDAM,CH,47.05663848,9.049114634,,,,,2346,,
H57,Fierze - FIERZAG1,500,,HDAM,AL,42.243999,20.014999,167,2300,,1330,,,WRI1002170
H570,Gemeinschaftskraftwerk inn,89,,HROR,AT,47.062954,10.662868,,,,414,642,,
H571,Imst,89,,HROR,AT,47.212246,10.721519,,,,550,2488,,
H572,Bressanone,89,,HROR,IT,46.71503251,11.65597916,,,,,3311,,
H574,Artouste Hydroelectric Power Station France - Artouste Hydroelectric Power Station France,88,,HDAM,FR,42.887,-0.411,56,6.7,,,,39802,
H575,Feistritz ludmannsdorf Feistritz-Ludmannsdorf-KW - Feistritz-Ludmannsdorf Hydroelectric Power Plant Austria,88,,HDAM,AT,46.534807,14.170814,,,,,155,45182,
H576,Stora Stensjon,99,,HDAM,SE,59.049013,17.465807,318,173,,204,,,
H577,Järkvissle,96.5,,HDAM,SE,62.80183,16.637707,,,,451,800,,
H578,Grundsjoarna,88,,HDAM,SE,62.532083,13.092083,44,240,,200,,,
H580,Orlu Orlu Hydroelectric Power Station France - Orlu Hydroelectric Power Station France,87.66878981,,HDAM,FR,42.689,1.912,,,,,3149,39717,
H581,Edling Edling-KW - Edling Hydroelectric Power Plant Austria,87,,HROR,AT,46.628959,14.701371,,,,401,1745,45190,
H582,Castelbello,87,,HROR,IT,46.628316,10.906664,,,,,3341,,
H584,Mittan,88,,HROR,SE,62.455954,13.197702,,,,,2863,,
H585,Ardnacrucha production unit Ardnacrusha Unit 1 - Ardnacrusha Hydroelectric Power Plant Ireland,86,,HROR,IE,52.7056,-8.6128,,,,,836,43939,
H586,Walgauwerk Walgau Hydroelectric Power Plant Austria,86,,HROR,AT,47.198858,9.669638,,,,,1799,45214,
H587,Albignawerk löbbia,86,,HDAM,CH,46.37495221,9.658900883,115,70,,,2342,,
H588,Töging,85.3,,HROR,DE,48.2518176,12.5873078,,,,,2644,,
H590,Randi,86,,HDAM,SE,66.706406,19.516481,20,98,,214,814,,
H591,Dychów Dychow - Dychow Pumped Storage Hydroelectric Power Plant Poland,92,20,HPHS,PL,51.9863325,15.0608199,,,250,,1539,42468,
H592,Nuojua,85,,HROR,FI,64.55,26.833333,22,,,,,,
H593,Spilje Hydroelectric Power Plant Macedonia,84,,HDAM,MK,41.4936,20.5054,100,223,,288,,42703,
H594,Hammarforsens,85,,HDAM,SE,63.112909,16.354573,25,1.8,,571,799,,
H595,Ibon de Ip,89,99,HPHS,ES,42.708,-0.496,935,5.3,,,223,,
H596,Castrocucco,83,,HDAM,IT,40.026604,15.774674,,,,,3346,,
H599,Soazza,83,,HROR,CH,46.3424239,9.212166351,,,,,2593,,
H60,Rodundwerk Rodund 1 2 - Rodund II Pumped Storage Power Plant Austria,493,327,HPHS,AT,47.084928,9.8778575,353,2.24,1800,,1561,45207,
H600,BARAZAR 1,83,,HDAM,ES,43.009998,-2.685,,,,,,,
H601,REMOLINA 1,83,,HDAM,ES,42.917,-5.05,,,,,,,
H602,Vanttauskoski,83,,HDAM,FI,66.36875,26.689583,36,45,,433,,,
H603,Niedzica Niedzica Pumped Storage Power Plant Poland - Niedzica Pumped Storage Power Plant Poland,92,,HDAM,PL,49.4099645,20.3267659,,,600,,2904,42476,
H604,HPP Tsankov kamak,86.4,,HDAM,BG,41.83225,24.42183,135.4,111,,187.3,,,
H605,Hopflauenen trift Hopflauenen Hydroelectric Power Plant Switzerland - Hopflauenen Hydroelectric Power Plant Switzerland,81.6,,HDAM,CH,46.71511341,8.277516982,,,,,1759,45445,
H606,Silvon SILVON 1 - Silvon Hydroelectric Power Plant Spain,81.54,,HDAM,ES,43.387117,-6.825233,,,,,181,45886,
H607,Gervans Gervans Hydroelectric Power Station France - Gervans Hydroelectric Power Station France,81.12883819,,HROR,FR,45.136,4.806,,,,,3079,39760,
H608,Kraftwerk Oschenik,81,,HPHS,AT,46.987999,13.106,,,,,,,
H609,LAS ONDINAS 1,81,,HDAM,ES,42.915001,-6.331,,,,,,,
H61,UP_SGIACOMO_3,559,248,HPHS,IT,42.553001,13.556,656.6,1.69,2600,,,,
H610,Studen kladenets Studen Kladenets Hydroelectric Power Plant Bulgaria - Studen Kladenets Hydroelectric Power Plant Bulgaria,85,,HDAM,BG,41.61227,25.64052,65.8,388,,165,3199,42193,
H611,Belver,80.7,,HROR,PT,39.28,-7.59,,,,220,,,
H612,Radag,80.62,,HROR,DE,47.58629,8.13207,,,,180,5906,,
H613,Kozjak Hydroelectric Power Plant Macedonia - Kozjak Hydroelectric Power Plant Macedonia,80,,HDAM,MK,41.8792,21.1921,126.1,260,,,,42705,
H614,SILVON 1 - Silvon Hydroelectric Power Plant Spain,80,,HDAM,ES,43.353001,-6.871,94.6,96.48,,,,,
H615,Devin Devin Hydroelectric Power Plant Bulgaria - Devin Hydroelectric Power Plant Bulgaria,88,,HDAM,BG,41.72052,24.42502,156,1.37,,145,3063,42189,
H616,"Rosegg st, jakob Rosegg-St, Jakob-KW - Rosegg-St, Jakob Hydroelectric Power Plant Austria",80,,HROR,AT,46.569737,14.026774,,,,,174,45186,
H617,Hällby,84,,HDAM,SE,63.879154,17.21992,,,,,2844,,
H618,Gaudalami - Piana degli Albanesi,80,60,HPHS,IT,37.9937488,13.2882915,170.5,23.8,9620,,3233,,
H619,Baschi,80,,HDAM,IT,42.672832,12.21796,,,,,3285,,
H62,Zakucac Zakucac - Zakucac Hydroelectric Power Plant Croatia,486,,HDAM,HR,43.4581,16.7027,250,3,,1701,3230,44832,
H620,Pirot Hydroelectric Power Plant Serbia - Pirot Hydroelectric Power Plant Serbia,80,,HDAM,RS,43.1579,22.6154,,180,75000,,,44123,
H621,ERISTE 1,80,,HDAM,ES,42.583,0.483,,,,,,,
H622,Bleiloch,79.8,80,HPHS,DE,50.52438482,11.71438694,46,5.6,572,,1833,,
H623,Wendefurth Wendefurth Pumped Storage Power Plant Germany - Wendefurth Pumped Storage Power Plant Germany,79.7,,HPHS,DE,51.74223,10.91879,126,1.97,551,,1564,44353,
H624,Schwabeck Schwabeck-KW - Schwabeck Hydroelectric Power Plant Austria,79,,HROR,AT,46.658193,14.873028,,,,,179,45191,
H625,Jenbach,79,,HROR,AT,47.393249,11.788647,,,,,1944,,
H626,Schwabeck-KW - Schwabeck Hydroelectric Power Plant Austria,79,,HDAM,AT,46.658001,14.873,,,,,,,
H627,Krichim + Vacha I + Vacha II Hydro Power Plant,101,,HDAM,BG,42.02719,24.47085,172,20.26,,285,3108,42187,
H628,Svarthalsforsens,80,,HDAM,SE,63.028896,16.569358,,,,340,2882,,
H629,Bjurfors nedre krv,78,,HDAM,SE,60.06504926,15.92366338,,,,348,793,,
H63,Cheylas CHEYLAS 1 - Cheylas (Le) Hydroelectric Power Station France,500,500,HPHS,FR,45.3846,6.00207,245,4.8,2900,,1537,45014,
H631,IZNAJAR 1,77,,HDAM,ES,37.276001,-4.387,104.4,981,279000,,,,
H632,CASTREJON 1,77,,HDAM,ES,39.852001,-4.474,,,,,,,
H633,PORTODEMOUROS 1,76,,HDAM,ES,42.855,-8.189,48.2,297,39000,,,,
H634,Cakovec cakovec - Cakovec Hydroelectric Power Plant Croatia Croatia,77.44,,HDAM,HR,46.3113,16.4945,17.5,51.6,,390.5,3042,44829,
H635,Dubrava Dubrava - Dubrava Hydroelectric Power Plant Croatia Croatia,79.78,,HDAM,HR,46.3205,16.7489,17.5,93.5,,350,3066,44830,
H636,Sautet le Sautet (Le) Hydroelectric Power Station France - Sautet (Le) Hydroelectric Power Station France,75.03184713,,HDAM,FR,44.817,5.908,,,,,3187,39786,
H637,Mostar Hydroelectric Power Plant Bosnia and Herzegovina - Mostar Hydroelectric Power Plant Bosnia and Herzegovina,75,,HDAM,BA,43.3776,17.8449,44,6.4,,,,44773,
H638,Contreras,75,,HDAM,ES,39.545417,-1.502917,236.4646595,852,549,33,,,
H64,EDAL_G1____ - Dalesice Pumped Storage Hydroelectric Power Plant Czech Republic,480,480,HPHS,CZ,49.124001,16.124001,100,127.3,2300,,3059,42363,
H640,Ferlach maria rain Ferlach-Maria Rain-KW - Ferlach-Maria Rain Hydroelectric Power Plant Austria,75,,HDAM,AT,46.546625,14.298528,,,,,156,45187,
H641,Gammelänge,78,,HDAM,SE,63.141944,16.161111,,,,,2838,,
H642,Albi Magisano,73,,HDAM,IT,39.01339,16.6279,,,,,3560,,
H643,Errochty ERRO-1,75,,HDAM,UK,56.707001,-4.02,42,32.48,,103,,,
H645,Fasnakyle FASN-1,74,,HROR,UK,57.382,-4.881,,,,254,,,
H646,Zermeiggern ZERMEIGGERN - Zermeiggern Hydroelectric Power Plant Switzerland,74,,HPHS,CH,46.08236906,7.956505432,,,,,1803,45464,
H647,Rheinkraftwerk säckingen,73.6,,HROR,CH,47.55786742,7.95679136,,,,,5967,,
H648,Ožbalt HE Ozbalt 1 - Ozbalt Hydroelectric Poqwer Plant Slovenia,73.2,,HDAM,SI,46.57729,15.40599,17.42,1.4,,305,1781,44861,
H649,Grandval Grandval Hydroelectric Power Plant France - Grandval Hydroelectric Power Plant France,73.05732484,,HDAM,FR,44.9219,3.0745,,,,,3085,3375,
H65,Kaprun-Oberstufe Limberg,592.8,610,HPHS,AT,47.275002,12.756,365,88.06,245100,150.4,5253,45051,
H650,Gambsheim,96,,HROR,FR,48.682,7.919,,,,685,3076,39810,
H651,Ajaure,75,,HDAM,SE,65.509167,15.625556,46,209,,328,789,,
H653,Piottino,72.9,,HROR,CH,46.43833096,8.83996336,,,,,2469,,
H654,Trangfors,73,,HDAM,SE,59.6333333,16.2,,,,,2884,,
H655,Vuhred HE Vuhred 1 - Vuhred Hydroelectric Poqwer Plant Slovenia,72.3,,HDAM,SI,46.58659,15.27548,33,2.2,,297,1797,44860,
H656,Großraming,72,,HROR,AT,47.892954,14.512341,,,,270,408,,
H657,Žilina,72,,HDAM,SK,49.21553,18.77683,14.7,3.9,,156,6519,,
H659,Banja / Banjë,72,,HDAM,AL,40.96,20.068,80,152,62267,255,,,
H66,CEDILLO 1,473,,HDAM,ES,39.663898,-7.54,50,260,26400,,,,
H661,Eguzon Eguzon Hydroelectric Power Station France - Eguzon Hydroelectric Power Station France,71.08280255,,HDAM,FR,46.455,1.613,,,,,3069,39782,
H662,Mottec,71,32,HPHS,CH,46.15303624,7.619988428,,77,220,,2399,,
H663,Schiffenen,71,,HDAM,CH,46.8827252,7.194219036,47,59,,,2568,,
H664,Ladonas LADONAS,70,,HDAM,EL,37.75,21.8833333,,,25000,,3526,,
H667,Doblar HE Doblar 4 - Doblar II Hydroelectric Poqwer Plant Slovenia,70,,HROR,SI,46.11382,13.68811,,,,,1742,44869,
H668,Salanfe,70,,HDAM,CH,46.14640585,7.028896763,52,40,,,6035,,
H67,Galleto Nera-Tevere,461,,HROR,IT,42.5641417,12.6405466,50,,,,241,,
H670,Tinizong,69.5,,HDAM,CH,46.58250649,9.610648358,,,,,2643,,
H672,Mallemort Mallemort Hydroelectric Power Station France - Mallemort Hydroelectric Power Station France,68.28343881,,HROR,FR,43.715,5.205,,,,,3127,39734,
H673,Salon Salon Hydroelectric Power Station France - Salon Hydroelectric Power Station France,68.28343881,,HROR,FR,43.633,5.114,,,,,3184,39737,
H674,Valparaiso,65,80,HPHS,ES,41.993,-6.271,358.3,169,,,,,
H675,Alto rabagão Rabagao - Alto Rabagao Hydroelectric Power Plant Portugal,68,63,HPHS,PT,41.737703,-7.853632,,,8160,,2898,43547,
H676,Storfinfors Storfinnforsen Hydroelectric Power Station Sweden - Storfinnforsen Hydroelectric Power Station Sweden,112,,HROR,SE,63.597923,16.1205895,49.5,,,536,2747,46244,
H677,Cadarese,68,,HROR,IT,46.262983,8.327813,,,,,3320,,
H678,Kreuzeck-Tagesspeicher-KW,45,,HDAM,AT,47.083,13.411,,,,163,,,
H679,Reißeck-Tagesspeicher-KW,68,,HDAM,AT,47.077999,13.417,,17.15,68600,54.8,,,
H68,Porjus Porjus G11 - Porjus Hydroelectric Power Station Sweden,455,,HDAM,SE,66.954281,19.796076,60,600,,1190,6,42910,
H680,Melo,68,,HDAM,FI,61.462083,23.437917,33,699,,200,,,
H681,Nosice Nosice Hydroelectric Power Plant Slovakia - Nosice Hydroelectric Power Plant Slovakia,67.5,,HROR,SK,49.12745,18.36424,,,,,1822,42642,
H682,Castillon Castillon Hydroelectric Power Station France - Castillon Hydroelectric Power Station France,68,,HDAM,FR,43.878,6.538,100,149,,,3050,39704,
H683,Fieschertal,67.1,,HROR,CH,46.41127389,8.137625667,,,,,2154,,
H684,Torrite,67,,HDAM,IT,44.12125,10.404598,,,,,3826,,
H685,Pinet Hydroelectric Power Station France - Pinet Hydroelectric Power Station France,66.5,,HDAM,FR,44.07,2.805,45,10.4,,,,39732,
H686,Wägital rempen,66,16,HPHS,CH,47.13837318,8.897577361,,0.5,140,,2513,,
H687,PRADA 1,66,,HDAM,ES,42.311001,-7.041,664.8,122,,,,,
H688,MEDIANO 1,66,,HDAM,ES,42.317001,0.2,92,436,267000,151,,,
H689,Aleko Aleko Hydroelectric Power Plant Bulgaria - Aleko Hydroelectric Power Plant Bulgaria,66,,HDAM,BG,42.1194,24.289,272,0.17,,147,3009,42191,
H69,Estany gento sallente,446,400,HPHS,ES,42.500623,0.989212,400,3,3270,,210,,
H690,Kraftwerk Wurten,66,,HDAM,AT,46.987999,13.106,502,2.58,,,,,
H691,Ulza - Uleza,25.2,,HDAM,AL,41.682917,19.89625,54.8,124,,120,,,WRI1002174
H694,Croix Croix Hydroelectric Power Plant Switzerland - Croix Hydroelectric Power Plant Switzerland,66,,HDAM,CH,46.30817449,7.434100899,15,0.09,,,1741,45465,
H695,Grimsel oberaarsee Grimsel I Hydroelectric Power Plant Switzerland - Grimsel I Hydroelectric Power Plant Switzerland,65.8,,HDAM,CH,46.57533808,8.333534074,,,,,1558,45438,
H696,Sainte tulle i&ii Sainte Tulle I&II Hydroelectric Power Station France - Sainte Tulle I&II Hydroelectric Power Station France,65.57914421,,HROR,FR,43.787,5.774,,,,,3181,39710,
H697,Hallby Gulsele,68,,HDAM,SE,63.821222,17.145008,30,1815,,306,2842,,
H698,Nove,65,,HROR,IT,45.9766667,12.3033333,,,,,3625,,
H699,Rudolf fettweis werk,65,,HROR,DE,48.67128595,8.354376729,,,,,6012,,
H7,Aldeadavila,1226.43,,HPHS,ES,41.209335,-6.686566,139.5,56.6,35000,,21,43823,WRI1006178
H702,MIRANDA 1 (HC),65,,HDAM,ES,43.291,-6.12,,,,,,,
H703,SAN AGUSTIN 1,65,,HDAM,ES,42.228001,-7.005,,,,,,,
H704,Filisur,65,,HROR,CH,46.66989197,9.689202636,,,,,2155,,
H705,Hieflau erzbach,64,,HDAM,AT,47.6057785,14.7429955,83.5,1.66,,388,414,,
H706,Boden Boden Hydroelectric Power Station Sweden - Boden Hydroelectric Power Station Sweden,65.36687241,,HDAM,SE,65.8173745,21.682987,,,,,776,42915,
H707,Näverede,64,,HDAM,SE,63.223555,15.320856,,,,,810,,
H708,Lasa,64,,HDAM,IT,46.616614,10.700159,,,,,3531,,
H71,Messaure Messaure G1 - Messaure Hydroelectric Power Station Sweden,450,,HDAM,SE,66.691226,20.345341,101,54,,1840,5,42918,
H710,Raasakka,64,,HROR,FI,65.323056,25.358333,,,,,,,
H711,SALIME 1 - Salime Hydroelectric Power Plant Spain,63,,HDAM,ES,43.237,-6.847,128,133,52000,,175,45884,
H712,SALIME 3 - Salime Hydroelectric Power Plant Spain,63,,HDAM,ES,43.237,-6.847,128,133,52000,,175,45884,
H714,Canicada Canicada - Canicada Hydroelectric Power Plant Portugal,62,,HDAM,PT,41.653,-8.231,76,144.4,32000,337.4,3045,43545,
H715,Rebnisjaure rebnis krv,64,,HDAM,SE,66.499046,17.107241,19,740,,140,2872,,
H716,Solleftea,62,,HDAM,SE,63.167911,17.277051,,,,,2879,,
H717,Ponte gardena,62,,HROR,IT,46.597121,11.530879,,,,,3700,,
H719,BIESCAS 21,62,,HDAM,ES,42.624001,-0.24,,,,,,,
H72,Innertkirchen 1/2/3,448.3,,HDAM,CH,46.70855348,8.226019489,94,27,,852,1762,45446,
H720,Tainionkoski Tainionkoski Hydroelectric Power Plant Finland - Tainionkoski Hydroelectric Power Plant Finland,62,,HDAM,FI,61.210576,28.782635,17,5600,,327,1789,45226,
H721,Doiras DOIRAS 1 - Doiras Hydroelectric Power Plant Spain,61.94,,HDAM,ES,43.38616,-6.825378,,,,,154,45887,
H722,Ružín Ruzin Pumped Storage Hydroelectric Power plant Slovakia - Ruzin Pumped Storage Hydroelectric Power plant Slovakia,61.8,,HPHS,SK,48.86048,21.09436,,,,,1565,42646,
H724,Lossen,62,,HROR,SE,65.795329,22.570443,,,,,2861,,
H725,Clunie Cascade CLUN-1,61,,HDAM,UK,56.771999,-3.353,21,36.359,,186,,,
H727,Chautagne Chautagne Hydroelectric Power Station France - Chautagne Hydroelectric Power Station France,60.84662865,,HROR,FR,45.879,5.811,,,,,3053,39696,
H73,Pouget POUGET 4 - Pouget (Le) Hydroelectric Power Station France,445,33,HPHS,FR,44.0597,2.77,461.2,8.66,700,,1548,39723,
H733,Selsfors,61,,HDAM,SE,64.221215,20.271177,,,,,816,,
H734,Mariborski otok HE Mariborski otok 1 - Mariborski Otok Hydroelectric Poqwer Plant Slovenia,60,,HDAM,SI,46.56804,15.60415,33,2.1,,270,1770,44863,
H735,Amlach,60,,HROR,AT,46.8142048,12.761757,,,,,2611,,
H736,Gardiken gardikfors,60,,HDAM,SE,65.476969,15.856519,32,871,,323,796,,
H737,Edsele,60,,HDAM,SE,63.356465,16.597823,,,,,2836,,
H738,Bussento,60,,HROR,IT,40.139505,15.554868,,,,,3317,,
H739,Chiavenna,66.9,,HROR,IT,46.307194,9.395236,,,,,3356,,
H74,Waldeck bringhausen Waldeck II M5 - Waldeck II Pumped Storage Power Plant Germany,480,,HPHS,DE,51.167139,9.046832,324,4.4,3400,,1552,44356,
H740,Vinadio,60,,HROR,IT,44.309025,7.176025,,,,,3875,,
H741,Hauterive,60,,HDAM,CH,46.76895067,7.127576354,,,,,2533,,
H742,Mostarsko Blato Hydroelectric Power Plant Bosnia and Herzegovina - Mostarsko Blato Hydroelectric Power Plant Bosnia and Herzegovina,60,,HDAM,BA,43.2989,17.794,,0.96,,,,44809,
H743,Teshel Teshel Hydroelectric Power Plant Bulgaria - Teshel Hydroelectric Power Plant Bulgaria,60,,HDAM,BG,41.6428,24.153,341,447.13,,100,3206,42188,
H748,Peruca Peruca - Peruca Hydroelectric Power Plant Croatia,60,,HDAM,HR,43.7951,16.5968,47,541,,,3154,44831,
H749,Lucendro,60,,HDAM,CH,46.52635159,8.597709009,73,25,,,5291,,
H75,Cruachan,440,440,HPHS,UK,56.394104,-5.114319,46,11.3,7000,,22,2824,
H750,Hohenwarte,59.8,,HPHS,DE,50.61433423,11.49212837,56,3.28,408,,4989,,
H751,Salignac Salignac Hydroelectric Power Station France - Salignac Hydroelectric Power Station France,59.49448134,,HROR,FR,44.138,5.979,,,,,3183,39713,
H752,Saint georges commiers Saint Georges de Commiers Hydroelectric Power Station France - Saint Georges de Commiers Hydroelectric Power Station France,59.23566879,,HDAM,FR,45.006,5.687,,,,,3078,39794,
H753,Soelk-KW,59,,HDAM,AT,47.433998,13.949,,,,206,,,
H754,Reckingen,58.5,,HROR,CH,47.57118358,8.33817031,,,,,2510,,
H755,Villerest Hydroelectric Power Station France - Villerest Hydroelectric Power Station France,58,,HDAM,FR,45.9869,4.04938,70,128,,,3224,45154,
H756,Vilar tabuaco Vilar-Tabuaco Hydroelectric Power Plant Portugal - Vilar-Tabuaco Hydroelectric Power Plant Portugal,58,,HDAM,PT,40.9871,-7.5353,55,95.3,115600,137.6,3222,43574,
H757,Edensforsen,60,,HROR,SE,63.690491,16.872475,,,,,2835,,
H758,Satriano,64.9,,HROR,IT,38.666883,16.481205,,,,,3759,,
H759,Hieflau-KW,58,,HDAM,AT,47.602001,14.764,,,,,,,
H76,Picote I / Picote II,440,,HDAM,PT,41.379,-6.3525,74,13.43,,,2960,43538,
H762,Wassen,58,,HROR,CH,46.7156914,8.610146972,,,,,2713,,
H763,Utanen,58,,HROR,FI,64.75,26.416667,15.7,,,248.16,,,
H764,Fala HE Fala 1 - Fala Hydroelectric Poqwer Plant Slovenia,57.9,,HDAM,SI,46.55874,15.44511,14.6,0.9,,260,1746,44862,
H765,Cusset jonage Cusset-Jonage Hydroelectric Power Station France - Cusset-Jonage Hydroelectric Power Station France,57.46626039,,HROR,FR,45.79,5.025,,,,,3057,39812,
H766,Stenkullafors,58,,HDAM,SE,64.29432,17.246873,,,,,820,,
H767,Pierre benite Pierre Benite Hydroelectric Power Station France - Pierre Benite Hydroelectric Power Station France,56.79018674,,HROR,FR,45.702,4.842,,,,,3156,39813,
H768,Soulom Soulom Hydroelectric Power Station France - Soulom Hydroelectric Power Station France,56.27388535,,HDAM,FR,42.953,-0.069,,,,,3197,39803,
H769,Arbon ARBON 1 - ArbonHydroelectric Power Plant Spain,56.04,,HDAM,ES,43.477229,-6.730199,,38,,,142,45888,
H77,Kremasta,437.2,,HDAM,EL,38.890417,21.499583,160,4495,694000,848,2949,42794,
H770,Mazet Hydroelectric Power Station France - Mazet Hydroelectric Power Station France,56,,HDAM,FR,45.801,1.803,38,106,,,,39777,
H771,García de Sola,56,,HDAM,ES,39.145417,-5.18625,25.17139734,554,38,,,,
H772,Blasjön,57,,HROR,SE,59.593787,14.354892,,,,,2830,,
H773,Kymmen,56,,HPHS,SE,59.974327,12.757321,,,,,2855,,
H774,Ardenno,56,,HROR,IT,46.164292,9.644944,,,,,3262,,
H775,Monastero,56,,HROR,IT,46.171791,9.430139,,,,,3595,,
H78,Letsi Letsi G1 - Letsi Hydroelectric Power Plant Sweden,435,,HDAM,SE,66.503203,20.380167,85,68,,1720,3,44343,
H780,PUERTO PENA 1,56,,HDAM,ES,39.144001,-5.185,,,,,,,
H782,Pamilo Heinajoki,56,,HDAM,FI,62.807917,30.529583,19,,,,,,
H783,Vuzenica HE Vuzenica 1 - Vuzenica Hydroelectric Poqwer Plant Slovenia,55.59,,HDAM,SI,46.59257,15.15301,34,14.2,,247,1798,44859,
H785,Bukovnik Gojak - Gojak Hydroelectric Power Plant Croatia Croatia,55.5,,HROR,HR,45.2989,15.2633,,,,230.4,3080,44844,
H786,Považská bystrica Povazska Bystrica Hydroelectric Power Plant Slovakia - Povazska Bystrica Hydroelectric Power Plant Slovakia,55.2,,HROR,SK,49.13312,18.45366,,,,,1825,42644,
H787,Handeck isogyre Handeck 3 Hydroelectric Power Plant Switzerland - Handeck 3 Hydroelectric Power Plant Switzerland,55.1,48,HPHS,CH,46.61569573,8.303130056,,,510,,1559,45444,
H788,BUENDIA 1,55,,HDAM,ES,40.398998,-2.784,339.2,1639,1515,,,,
H789,"Andonno c,",55,,HROR,IT,44.314628,7.482432,,,,,3259,,
H79,Bemposta,431,,HPHS,PT,41.3009,-6.4699,87,20,2300,,2918,43539,
H790,Val noana,55,,HDAM,IT,46.149311,11.789193,,,,,3851,,
H794,_loschen,55,,HDAM,CH,46.307999,7.757,,,,,,,
H795,Jylhama,55,,HDAM,FI,64.57875,26.76625,15,2343,,210,,,
H796,Mörel,54.9,,HROR,CH,46.35218065,8.041830887,,,,,2396,,
H797,Castirla Hydroelectric Power Station France - Castirla Hydroelectric Power Station France,54.5,,HDAM,FR,42.38,9.134,74,25.5,,,,39763,
H798,"Chancy pougny dot, passe pois",49,,HROR,CH,46.15987119,5.9753486,,,,230,1739,45460,
H799,EUME 1,54,,HDAM,ES,43.403999,-8.043,161.1,123,,,,,
H8,ChePortileDeFier_PFIERI1_CA - Iron Gate I Hydroelectric Power Station Romania,1165.8,,HDAM,RO,44.673,22.532,60,2100,,5254,3705,40975,WRI1019095
H80,Reisseck Reisseck-Jahresspeicher-KW - Kolbnitz (Reisseck/Kreuzeck) Hydroelectric Power Plant Austria,430,,HPHS,AT,47.0791667,13.3391667,46.5,7.8,31200,,2906,45199,
H800,Paradela Paradela - Paradela Hydroelectric Power Plant Portugal,54,,HDAM,PT,41.7686,-7.9504,110,158.2,222500,256.7,3221,43546,
H802,Sambuco peccia,54,24,HPHS,CH,46.41564187,8.61147407,130,64,110,,2452,,
H803,Unteraa lungerersee,54,,HDAM,CH,46.82143519,8.174462349,,,,,2356,,
H804,Gogosu,54,,HDAM,RO,44.622793,22.641357,30,800,,69,,,
H805,Kattstrupeforsen,56,,HDAM,SE,63.326439,14.579856,,,,,803,,
H806,Kachlet,53.7,,HROR,DE,48.5797112,13.4082738,,,,,2259,,
H807,SALAS,53,,HDAM,ES,41.924,-7.943,333.2,87,,,,,
H808,LA BARCA 1,53,,HDAM,ES,43.352001,-6.201,,,,,,,
H809,GUIJO DE GRANADILLA,53,,HDAM,ES,40.18,-6.142,,,,,,,
H81,CAPLJINA - Capljina Pumped Storage Power Plant Bosnia and Herzegovina,430,420,HPHS,BA,43.014,17.802999,221,6.5,3.4,620,,44764,
H810,Draganesti,53,,HDAM,RO,44.177917,24.48375,34,76,,106,,,
H811,Frunzaru,53,,HDAM,RO,44.045417,24.57125,30,96,,104,,,
H812,Ipotesti,53,,HDAM,RO,44.26625,24.400417,31,110,,98,,,
H813,Izbiceni,53,,HDAM,RO,43.81625,24.69625,29,74,,101,,,
H814,Rusanesti,53,,HDAM,RO,43.920417,24.625417,29,78,,103,,,
H815,Jouques Jouques Hydroelectric Power Station France - Jouques Hydroelectric Power Station France,52.73374483,,HROR,FR,43.681,5.656,,,,,3096,39733,
H817,Guijo granadilla,52.21,,HPHS,ES,40.180133,-6.142519,,,,,222,,
H818,Navazo,52.09,,HDAM,CH,46.28131729,7.546331033,,,,,5587,,
H82,Kraftwerke mauvoisin ag Stufe FMM Produktion Total,421,,HDAM,CH,46.15726,7.20922,250,211.5,,,3003,45288,
H822,"St, pantaleon",52,,HROR,AT,48.224936,14.53116,,,,239,486,,
H823,Ardon,52,,HROR,CH,46.21672094,7.256573476,,,,,1978,,
H824,Tiefencastel ost,52,,HDAM,CH,46.66440166,9.562703474,,,,,2638,,
H825,LANUZA 1,52,,HDAM,ES,42.709,-0.304,,,,,,,
H826,Wildegg brugg,51.9,,HROR,CH,47.46884602,8.169881131,,,,,2721,,
H827,Campocologno,51.62,,HDAM,CH,46.231495,10.14443839,,,,,2064,46291,
H828,Wägital siebnen,51.52,,HDAM,CH,47.17162805,8.900067399,,,,,2588,,
H83,Genissiat GENISSIAT - Genissiat Hydroelectric Power Station France,405,,HDAM,FR,46.05271,5.81285,71.15,56,,1700,1621,39698,
H830,Gösgen,51.3,,HROR,CH,47.36942514,7.979454655,,,,,2186,,
H831,Krangfors,53.89849104,,HDAM,SE,64.75,20.4666667,,,,,2852,,
H832,Potpec Hydroelectric Power Plant Serbia - Potpec Hydroelectric Power Plant Serbia,51,,HDAM,RS,43.5228,19.5768,,27.5,,,,44125,
H833,Santiago Jares,51,,HDAM,ES,42.335999,-7.112,,,,,,,
H834,Pälli,51,,HROR,FI,64.8,26,14,,,,,,
H836,"Vissoie ""groupe auxiliaire""",50.68,,HDAM,CH,46.20993765,7.585969834,,,,,2704,,
H839,Pengfors krv,51,,HDAM,SE,63.921437,19.667553,,,,,813,,
H84,Veytaux - Hongrin léman Usine de Fionnay,420,437.4,HPHS,CH,46.4198999,6.9287696,878,53.2,107740,1000,1831,,
H840,Braunau simbach,50,,HROR,DE,48.063827,10.128443,,,,,2043,,
H841,Koralpe Koralpe Pumped Storage Power Plant Austria - Koralpe Pumped Storage Power Plant Austria,50,38,HPHS,AT,46.6407766,14.9488018,,16.2,,,2903,45429,
H842,Agras AGRAS - Agras Hydroelectric Power Plant Greece,50,,HROR,EL,40.8068,22.0215,,,,,2912,42788,
H843,Montjovet,50,,HROR,IT,45.707963,7.67411,,,,,3607,,
H844,Pieve vergonte,50,,HROR,IT,46.012976,8.260816,,,,,3686,,
H845,Verampio,50,,HROR,IT,46.210781,8.320614,,,,,3864,,
H849,Montta,50,,HROR,FI,64.8,26,,,,,,,
H850,Cerna Principal,50,,HDAM,RO,45.162083,22.732917,110,124,,130,,,
H851,Strejesti,50,,HDAM,RO,44.537083,24.325417,33,225,,173,,,
H852,Ilanz stufe panix pigniu,49.5,,HDAM,CH,46.77476376,9.195225579,53,7.3,,,2234,,
H853,Bancairon Bancairon Hydroelectric Power Station France - Bancairon Hydroelectric Power Station France,49.36305732,,HDAM,FR,44.003,7.137,,,,,3017,39702,
H854,Saint dalmas Saint Dalmas Hydroelectric Power Station France - Saint Dalmas Hydroelectric Power Station France,49.36305732,,HDAM,FR,44.047,7.586,,,,,3060,39703,
H855,Roznow Roznow Hydroelectric Power Plant Poland - Roznow Hydroelectric Power Plant Poland,50,,HDAM,PL,49.7614,20.6631,,,,,3178,42465,
H856,Louron Hydroelectric Power Station France - Louron Hydroelectric Power Station France,49.3,,HDAM,FR,42.79,0.41,24,25.4,,,,39775,
H857,BURGUILLO 1,49,,HDAM,ES,40.424999,-4.534,398,201,,,,,
H858,Lovero,57.9,,HROR,IT,45.811688,10.06896,109,,,,3552,,
H859,LAS CONCHAS 1,49,,HDAM,ES,41.944,-8.035,,,,,,,
H86,Sil,412,,HPHS,ES,43.49489,-7.242148,663.5,,,,3757,,
H860,Vaugris Vaugris Hydroelectric Power Station France - Vaugris Hydroelectric Power Station France,48.67730292,,HROR,FR,45.495,4.826,,,,,3218,39793,
H861,Topojan 1/2,8.7,,HROR,AL,41.98756111,20.52793889,,,,217,,,
H862,Krupa Hydroelectric Power Plant Bosnia and Herzegovina - Krupa Hydroelectric Power Plant Bosnia and Herzegovina,48.5,,HDAM,BA,44.5624,17.135,29,5.75,,,,44818,
H863,ASHTA 2,48.2,,HROR,AL,42.01168611,19.55194167,,,,230,,,
H864,Nussdorf Vienna,6.5,,HROR,AT,48.29849,16.348,,,,24.7,690,,
H865,Acquoria,48,,HROR,IT,41.960922,12.798884,,,,,3244,,
H866,Bordogna,48,,HROR,IT,45.951788,9.700749,,,,,3307,,
H867,Carona,48,,HDAM,IT,46.02139,9.78285,,,,,3335,,
H868,Cassino,48,,HROR,IT,41.48762,13.831513,,,,,3337,,
H869,Varzo,48,,HROR,IT,46.20668,8.252412,,,,,3860,,
H870,Rannoch RANN-1,48,,HROR,UK,56.699001,-4.408,6,64,,187,,,
H871,Jajce I Hidroelektrana Bosnia and Herzegovina - Jajce I Hidroelektrana Bosnia and Herzegovina,48,,HDAM,BA,44.3774,17.2816,,4.2,,,,44811,
H873,PROAZA 1,48,,HDAM,ES,43.259998,-6.007,,,,,,,
H874,Chippis rhône,47.84,,HROR,CH,46.28194587,7.547499966,,,,,2087,,
H875,Argentat Hydroelectric Generating Station - Argentat Hydroelectric Generating Station,47.5,,HROR,FR,45.104,1.954,,,,,,2154,
H876,Brežice,47.4,,HROR,SI,45.89888,15.5882,,,,161,4239,,
H877,Bregnier cordon Bregnier-Cordon Hydroelectric Power Station France - Bregnier-Cordon Hydroelectric Power Station France,47.32515561,,HROR,FR,45.654,5.605,,,,,3036,39789,
H878,Schwerin süd,47.1,,HROR,DE,50.22056887,10.08000576,,,,,6108,,
H88,Pradella,300,,HDAM,CH,46.80481973,10.33134418,130,164,,1390,2483,,
H880,Bussolengo,47,,HROR,IT,45.469186,10.850584,,,,,3318,,
H882,Stensele,50,,HDAM,SE,65.054381,17.231956,,,,,821,,
H883,Eglisau Eglisau Hydroelectric Power Plant Switzerland - Eglisau Hydroelectric Power Plant Switzerland,46.9,,HROR,CH,47.57491614,8.473322087,,,,,1805,45462,
H884,Rheinfelden,46.7,,HROR,DE,47.56990573,7.810113464,,,,,2518,,
H885,Kraljevac Kraljevac - Kraljevac Hydroelectric Power Plant Croatia,46.4,,HROR,HR,43.4307,16.8849,,,,,3107,44836,
H886,Batak Batak Hydroelectric Power Plant Bulgaria - Batak Hydroelectric Power Plant Bulgaria,46.8,,HDAM,BG,41.91922,24.19305,421,87.7,,112,3020,42185,
H887,GRADO I 1,46,,HDAM,ES,42.164001,0.241,63.5,300,69000,,,,
H888,Frykfors Fryken,47,,HDAM,SE,59.54375,13.299583,20,182,,23,,,
H889,Palazzo,46,,HROR,IT,39.799101,15.90748,,,,,3662,,
H89,Brommat BROMMAT 6/7,406,,HDAM,FR,44.76793,2.68415,72,8,,,1589,39720,
H890,Caffaro,46,,HROR,IT,45.82078451,10.52706957,,,,132.7,3696,,
H891,Quart,38.5,,HROR,IT,45.740261,7.466604,,,,,3712,,
H893,Gondo Gondo Hydroelectric Power Plant Switzerland - Gondo Hydroelectric Power Plant Switzerland,46,,HROR,CH,46.19600922,8.150604223,,,,,1753,45468,
H894,Ramnicu Valcea,46,,HDAM,RO,45.120417,24.375417,34,19,,134,,,
H895,Skallböle,46,,HDAM,SE,62.364099,16.962161,,,,,818,,
H896,Küblis,45.6,,HROR,CH,46.91397419,9.782029249,,,,,2309,,
H897,Roßhaupten,45.5,,HDAM,DE,47.651451,10.735525,35.4,168,,152.6,6009,,
H898,Kráľová Kralova Hydroelectric Power Plant Slovakia - Kralova Hydroelectric Power Plant Slovakia,45.06,,HROR,SK,48.19048,17.8285,,,,,1813,42651,
H899,Seyssel Hydroelectric Power Station France - Seyssel Hydroelectric Power Station France,45,,HDAM,FR,45.971,5.834,31,6,,,,39697,
H9,Coo trois ponts,1164,1164,HPHS,BE,50.3717154,5.8703455,275,8.5,5000,1031,830,41951,WRI1002221
H90,Riga HPP,402,,HROR,LV,56.94600412,24.10589218,17.2,,,1016,3727,42158,
H901,Kvarnsveden,45.63985128,,HDAM,SE,60.4858035,15.43714285,,,,,2853,,
H902,Alzwerke,45,,HROR,DE,48.1769,12.84045,,,,,1968,,
H903,Pont st. martin,45,,HROR,IT,45.595361,7.794514,,,,,3576,,
H904,Lochay,45,,HROR,UK,56.509998,-4.228,,,,175,,,
H906,Kolsi,45,,HROR,FI,61.283333,22.333333,,,,,,,
H907,Dragasani,45,,HDAM,RO,44.682917,24.292083,32,40,,140,,,
H908,Govora,45,,HDAM,RO,45.012083,24.29625,26,18.5,,165,,,
H909,Racaciuni,45,,HDAM,RO,46.337083,27.04625,29,103.7,,115,,,
H91,Säckingen,360,300,HPHS,DE,47.5619736,7.95484645,400,2.1,1866,,1850,,
H910,Tarnita,45,,HDAM,RO,46.727083,23.29625,97,74,,80,,,
H911,Mühleberg Muehleberg Hydroelectric Power Plant Switzerland - Muehleberg Hydroelectric Power Plant Switzerland,44.59,,HROR,CH,46.9691475,7.284493974,,,,,1776,45221,
H912,Böckstein,44.5,,HDAM,AT,47.79940564,13.04399014,,,,,2035,,
H913,Golinhac Golinhac Hydroelectric Power Station France - Golinhac Hydroelectric Power Station France,44.42675159,,HDAM,FR,44.606,2.605,,,,,3081,39722,
H914,Lardy Lardy Hydroelectric Power Station France - Lardy Hydroelectric Power Station France,44.42675159,,HDAM,FR,44.662,2.583,,,,,3111,39730,
H915,Lindoso,44.1,,HROR,PT,41.51,-8.16,,,,7.5,,,
H916,Bouca Bouca - Bouca Hydroelectric Power Plant Portugal,44,,HDAM,PT,39.854,-8.2197,63,7.9,,153.2,3034,43575,
H917,Schwarzenbach,44,,HPHS,DE,48.6559308,8.3262275,65,14.288,,,3239,,
H918,Sistema Alto Flumendosa Bau Muggeris Sa Teula,46,,HDAM,IT,39.9622222,9.5055556,547.8,58.48,75947,99.897,3415,,
H919,AET Leventina,44,,HDAM,CH,46.530998,8.685,,,,,,,
H92,Orichella Timpagrande Calusia UP_ORTICA_1,414.7,,HDAM,IT,39.17553,16.780345,1168,135,,,265,,
H920,Kublis Hydroelectric Powerplant Switzerland - Kublis Hydroelectric Powerplant Switzerland,44,,HROR,CH,46.913689,9.782,,,,,,46287,
H922,Ritom,44,,HDAM,CH,46.51725677,8.675317564,,,,,2526,,
H923,Beresti,44,,HDAM,RO,46.187083,27.18375,29,12,,110,,,
H924,Madunice Madunice Hydroelectric Power Plant Slovakia - Madunice Hydroelectric Power Plant Slovakia,43.2,,HROR,SK,48.48843,17.79408,,,,,1817,42650,
H925,DOIRAS 1 - Doiras Hydroelectric Power Plant Spain,43,,HDAM,ES,43.386002,-6.825,94.6,96.48,,,,,
H927,Staning,43,,HROR,AT,48.098607,14.468763,,,,,547,,
H928,"S, angelo",43,,HDAM,IT,42.55,12.6833333,,,,,3261,,
H929,Dossi,43,,HDAM,IT,46.034193,10.005855,,,,,3390,,
H93,Kaunertal,392,,HDAM,AT,47.067783,10.665211,153,140,278800,661,1875,,
H930,Rovesca,43,,HDAM,IT,46.060376,8.114612,,,,,3738,,
H931,Klingnau,42.6,,HROR,CH,47.5945791,8.225727733,,,,,2293,,
H932,Stechovice ps republic Stechovice-II PS Hydroelectric Power Plant Czech Republic - Stechovice-II PS Hydroelectric Power Plant Czech Republic,42.50955167,,HPHS,CZ,49.8455,14.42067,,,,,3198,42361,
H933,Lesce Hydroelectric Power Plant Croatia Croatia - Lesce Hydroelectric Power Plant Croatia Croatia,42.3,,HROR,HR,45.3485,15.3452,,,,82.92,,44846,
H935,Globocica (Crn Drim) Hydroelectric Power Plant Macedonia,42,,HDAM,MK,41.3371,20.6347,94.5,13.2,,180,,42704,
H936,Salamonde,42,,HDAM,PT,41.41,-8.5,75,55,26900,231.2,,,
H938,Rusfors,45,,HDAM,SE,64.717559,18.242239,22,75,,205,815,,
H939,Bjurfors övre krv,42,,HDAM,SE,60.06504926,15.92366338,,,,,794,,
H94,Vallorcine-La Batiaz Martigny (Emosson),390,,HDAM,CH,46.05082217,6.948997011,180,227,,612,1830,45435,
H940,Untra,42,,HDAM,SE,60.56421,17.439184,,,,,2886,,
H941,Signayes,42,,HROR,IT,45.73736,7.316601,,,,,3768,,
H947,Tierfehd hintersand,42,,HROR,CH,46.87611534,8.987029349,,,,,2641,,
H948,"LAFORTUNADA-CINCA GR,1",42,,HDAM,ES,42.570999,0.202,,,,,,,
H949,Siriu,42,,HDAM,RO,45.495417,26.250417,122,155,,122,,,
H950,Ocana Ocana Hydroelectric Power Station France - Ocana Hydroelectric Power Station France,41.95859873,,HDAM,FR,41.946,8.935,,,,,3145,39754,
H951,Rupperswil auenstein,41.74,,HROR,CH,47.41179666,8.11477179,,,,,2540,,
H952,Castelnau lassouts Castelnau-Lassouts Hydroelectric Power Station France - Castelnau-Lassouts Hydroelectric Power Station France,41.46496815,,HDAM,FR,44.505,2.874,,,,,3049,39729,
H953,Pintado,41.232,,HPHS,ES,37.93753,-5.780025,132.7,213,77000,,225,,
H954,Tet (La) Hydroelectric Power Station France - Tet (La) Hydroelectric Power Station France,41.1,,HDAM,FR,42.553,2.267,25,17.5,,,,39805,
H955,Pracana Pracana - Pracana Hydroelectric Power Plant Portugal,41,,HDAM,PT,39.5649,-7.8123,60,95.6,9800,63.8,3165,43576,
H956,Malta unterstufe Malta-Unterstufe-KW - Malta Unterstufe (Moellbruecke) Hydroelectric Power Plant Austria,41,,HDAM,AT,46.8332,13.360071,,0.5,,120,1769,44819,
H957,Creva,41,,HROR,IT,46.15,8.3,,,,,3378,,
H959,Pallanzeno,41,,HROR,IT,46.04202073,8.259487152,,,,,3663,,
H96,Grimsel KWO ProduktionPS - Grimsel 2 Pumped Storage Power Plant Switzerland,388,392,HPHS,CH,46.56807207,8.319326517,,700,53420,2350,1755,45439,
H960,Heiligkreuz,41,,HROR,CH,46.34761436,8.175193586,,,,,2211,,
H961,Merikoski,41,,HROR,FI,65.022701,25.473223,,,,,,,
H962,Djale Dale - Djale Hydroelectric Power Plant Croatia,40.8,,HROR,HR,43.5745,16.7115,,,,,3064,44835,
H963,Coiselet Coiselet Hydroelectric Power Station France - Coiselet Hydroelectric Power Station France,40.47770701,,HDAM,FR,46.294,5.592,,,,,3056,39700,
H964,Quinson Quinson Hydroelectric Power Station France - Quinson Hydroelectric Power Station France,40.47770701,,HDAM,FR,43.699,6.051,,,,,3167,39711,
H966,Gour Noir (Le) Hydroelectric Power Station France - Gour Noir (Le) Hydroelectric Power Station France,40,,HDAM,FR,45.071,2.067,43,5.2,,,,39747,
H967,TRANCO DE BEAS 1,40,,HDAM,ES,38.174999,-2.796,94,498,175000,,,,
H968,Caldeirao Caldeirao - Caldeirao Hydroelectric Power Plant Portugal,40,,HDAM,PT,40.5316,-7.3297,39,3.5,1500,48.7,3043,43577,
H97,Serre poncon SERRE PONCON - Serre Poncon Hydroelectric Power Station France,370,,HDAM,FR,44.47095,6.26967,124,1272,383600,700,1690,39770,
H971,Ternberg,40,,HROR,AT,47.941095,14.35266,,,,,556,,
H972,Batfors,42,,HDAM,SE,64.832573,20.223732,,,,,792,,
H973,Tasan,40,,HDAM,SE,59.386351,13.569723,269,9,,100,2883,,
H974,Skagern – gullspang,40,,HDAM,SE,58.986325,14.106716,20,300,,88,2841,,
H975,Langströmmen,40,,HDAM,SE,62.106128,14.995905,,,,,2858,,
H976,Norrange,40,,HDAM,SE,61.489482,16.381977,17,43,,250,2867,,
H977,Dönje,40,,HROR,SE,61.389765,16.388557,,,,,2834,,
H978,Brunico,42,,HDAM,IT,46.79343,11.983386,200.75,6.1,2903,,3314,,
H979,Champagne,40,,HROR,IT,45.701758,7.2079,197,,,151,3352,,
H98,Thisavros φράγμα θησαυρού,384,384,HPHS,EL,41.267032,24.5008777,135,,3820,,2894,42801,
H980,Sospirolo,40,,HDAM,IT,46.1394444,12.0677778,,,,,3788,,
H981,Villa,40,,HDAM,IT,41.961334,14.342717,,,,,3873,,
H982,Clachan CLAC-1,40,,HROR,UK,56.282002,-4.93,,,,82,,,
H986,Niederwartha,39.8,,HPHS,DE,51.09153428,13.60982895,143,1.981,629,,1846,,
H987,Arto blanca HE Blanca 1 - Arto-Blanca Hydroelectric Power Plant Slovenia,39.12,,HROR,SI,45.99027,15.38183,,,,148,1734,44880,
H988,Krško HE Krsko 1 - Krsko Hydroelectric Power Plant Slovenia,39.12,,HROR,SI,45.97461,15.48091,,,,146,1764,44882,
H990,Losenstein,39,,HROR,AT,47.923315,14.433857,,,,,455,,
H991,Agri,39,,HDAM,IT,40.289012,16.139079,,,,,3248,,
H992,Caoria,39,,HDAM,IT,46.2,11.6833333,,,,,3331,,
H993,Crego,39,,HROR,IT,46.210781,8.320614,,,,,3377,,
H995,Maalismaa,39,,HROR,FI,65.372222,25.840278,,,,,,,
H996,Pahkakoski,43,,HROR,FI,65.372222,25.840278,,,,,,,
H997,Seitenoikea,39,,HROR,FI,64.505,28.216667,,,,,,,
H998,Wyhlen,38.92,,HROR,CH,47.61827579,8.057542122,,,,,6487,,
H3677,Alto Tâmega,160,,HDAM,PT,41.5739,-7.7311,106.5,132,,,,,
H3678,Gouvães,440,,HPHS,PT,41.4938,-7.727,30,13.7,,,,,
H3679,Daivões,114,,HDAM,PT,41.5239,-7.8651,77.5,56.2,,,,,
H3680,Centrale Maso Corona- Speccheri,9,0,HDAM,IT,45.76537285,11.13517231,640.91,10.17,15452.67818,,,,
H3681,Taloro 2° Salto (Cucchinadorza),26.4,0,HDAM,IT,40.127148,9.140644,196.5,18.8,8758.02465,,,,
H3682,Centrale Scandarella,2.5,0,HDAM,IT,42.64147273,13.2703184,38,10.97,988.270845,,,,
H3683,Centrale Villa Maria - lago Barrea,60,0,HDAM,IT,41.95446126,14.35576667,428.26,24.3,24671.7267,,,,
H3684,Comunanza,8.5,0,HDAM,IT,42.957348,13.412282,156.5,13.5,5008.802063,,,,
H3685,Centrale Ponte Maglio (Villa Pera),4,0,HDAM,IT,42.99365682,13.52118925,101.2,0.69,165.544731,,,,
H3686,Contributo Aggiuntivo Marche 2,0,0,HDAM,IT,42.99365682,13.52118925,101.2,14.3,3430.85457,,,,
H3687,Centrale Belforte 2^Salto,1.5,0,HDAM,IT,43.14541373,13.20334011,15.5,0.68,24.987705,,,,
H3688,Contributo asta Marche-1 (1),0,0,HDAM,IT,42.85482636,13.57489586,57.9,21.89,3004.762043,,,,
H3689,Contributo asta Marche-1 (2),0,0,HDAM,IT,42.85482636,13.57489586,15.5,26.94,989.9540775,,,,
H3690,Contributo asta Marche-3 (1),0,0,HDAM,IT,42.85482636,13.57489586,78.11,14.05,2601.768919,,,,
H3691,Contributo asta Marche-3 (2),0,0,HDAM,IT,42.85482636,13.57489586,485.26,10.97,12620.21869,,,,
H3692,Taloro 3° Salto (Benzone),6.3,0,HDAM,IT,40.127148,9.140644,44.5,1.39,146.6427413,,,,
H3693,Contributo asta Velino Lazio 1,0,0,HDAM,IT,42.55284186,12.69861198,203,431,207424.0298,,,,
H3694,CONTRIBUTO  asta Vomano Abruzzo 1 (Provvidenza),0,0,HDAM,IT,42.553001,13.556,911,217,468666.4553,,,,
H3695,Galleto parte reservoir,230,0,HDAM,IT,42.55324899,12.69840561,203,7.61,3662.405723,,,,
H3696,Contributo degli impianti Entracque chiotas e rovina nella centrale di Adonno,0,0,HDAM,IT,44.314628,7.482432,273.3,31.38,20331.9171,,,,
H3697,Contributo centrale Villa in centrale Rosone,0,0,HDAM,IT,45.435348,7.418466,813,16.7,32187.90983,,,,
H3698,Contributo centrale Valsoera-Telessio in centrale Rosone,0,0,HDAM,IT,45.435348,7.418466,1217,7.7,22216.06118,,,,
H3699,Centrale dietro la Torre - Lago della Rossa,4.3,4.3,HPHS,IT,45.26092628,7.16413196,350,8.57,7111.064625,,,,
H3700,Centrale Crot-Usseglio (Dietro Torre),0,0,HDAM,IT,45.23106635,7.203385502,1064,0.11,277.47258,,,,
H3701,Centrale Crot-Usseglio (Malciussa),0,0,HDAM,IT,45.23106635,7.203385502,505,1.18,1412.729925,,,,
H3702,Piedimonte Matese,34,0,HDAM,IT,41.35729759,14.36982962,829,14.4,28301.0652,,,,
H3703,CONTRIBUTO Lago della Rossa centrale Crot,0,0,HDAM,IT,45.26092628,7.16413196,1064,8.57,21617.63646,,,,
H3704,Contributo di bacino Casteldelfino in centrale sampeyre,0,0,HDAM,IT,44.579631,7.184521,337,11.42,9123.926205,,,,
H3705,Sampeyre 1,19,0,HDAM,IT,44.579631,7.184521,337,0,0,,,,
H3706,Contributo aggiuntivo Campliccioli(laghi Cingino e Camposecco) in centrale Rovesca,0,0,HDAM,IT,46.060376,8.114612,567,9.76,13119.54084,,,,
H3707,Contributo Valpellin in Signayes,0,0,HDAM,IT,45.73736,7.316601,347.08,93,76524.11163,,,,
H3708,Contributo asta AOSTA-1 Perreres in Maen perreres,0,0,HDAM,IT,45.8717692,7.6067958,483,11,12595.79475,,,,
H3709,Centrale Formazza-Ponte (ValToggia)- DER1 Toggia,55,0,HDAM,IT,46.38021721,8.423623983,888,14.7,30946.8222,,,,
H3710,Centrale Formazza-Ponte (ValToggia)- DER2 Morasco,18,0,HDAM,IT,46.38021721,8.423623983,514,17.75,21629.53763,,,,
H3711,Centrale Formazza-Ponte (ValToggia)- DER3 Vannino,18,0,HDAM,IT,46.38021721,8.423623983,870,13.95,28772.60738,,,,
H3712,Contributo PIEM-6-ValTOGGIA Morasco in Formazza,0,0,HDAM,IT,46.376886,8.425713,514,44.12,53763.10986,,,,
H3713,Cotilia,48,0,HDAM,IT,42.37304785,12.96862695,128,431,130789.536,,,,
H3714,Contributo lago Alpe Gera( cen Campo Moro) in asta LOMB-1_SONDRIO,0,0,HDAM,IT,46.2695803,9.8720987,1672,68,269544.792,,,,
H3715,Contributo lago Campo Moro( cen Lanzada) in asta LOMB-1_SONDRIO,0,0,HDAM,IT,46.268585,9.877013,686,11,17889.6795,,,,
H3716,Contributo Carona in Bordogna asta LOMB-2-BREMBO,0,0,HDAM,IT,46.02139,9.78285,549,22,28633.9185,,,,
H3717,Conributo Armisa in Venina asta LOMB-3-ALTOADDA,0,0,HDAM,IT,46.176359,9.982129,719,1.116,1902.299283,,,,
H3718,Conributo PUBLINO in Venina-Zapello-Vedello asta LOMB-3-ALTOADDA,0,0,HDAM,IT,46.150244,9.818459,1497.83,5,17754.90236,,,,
H3719,Conributo Lago Venina(cen Zappello) in Venina-Vedello asta LOMB-3-ALTOADDA,0,0,HDAM,IT,46.159346,9.930337,1165.83,11,30402.8062,,,,
H3720,Conributo Lago Scais(cen Vedello) in Venina asta LOMB-3-ALTOADDA,0,0,HDAM,IT,46.159346,9.930337,719,9.06,15443.39741,,,,
H3721,Centrale Albini - Valgoglio- Aviasco,0,0,HDAM,IT,45.96657447,9.927368961,1203,5.62,16028.30885,,,,
H3722,Centrale Salarno - Dosazzo,4.5,0,HDAM,IT,46.11100919,10.47170134,,20.74,5178.6663,,,,
H3723,Contributo Pantano d'Avio in Edolo asta LOMB-7-Val CAMONICA(EDOLO),0,0,HDAM,IT,46.178199,10.329159,1265,15.22,45644.76098,,,,
H3724,Capodiponte -Talvacchia,33,0,HDAM,IT,42.81041761,13.50305189,301.55,13.55,9686.890427,,,,
H3725,Centrale Valburga,47.2,0,HDAM,IT,46.5478079,11.0070771,729.83,1.27,2197.41048,,,,
H3726,Centrale Pancrazio,35,0,HDAM,IT,46.56491547,11.05588785,317.75,33,24859.09181,,,,
H3727,Centrale Fontana Bianca,10.2,0,HDAM,IT,46.48429886,10.82787835,641.1,7.2,10943.19234,,,,
H3728,Contributo lago Verde(cen Fontana Bianca) in Val d'Ultimo ,0,0,HDAM,IT,46.48429886,10.82787835,1525.73,7.2,26043.29566,,,,
H3729,Contributo lago Fontana Bianca (cen Valburga) in Val d'Ultimo ,0,0,HDAM,IT,46.5478079,11.0070771,795.9,1.27,2396.337505,,,,
H3730,Contributo lago Quaria(cen Pracomune) in Val d'Ultimo ,0,0,HDAM,IT,46.48429886,10.82787835,1525.73,12.8,46299.19229,,,,
H3731,Contributo lago Zoccolo (cen Pancrazio) in Val d'Ultimo ,0,0,HDAM,IT,46.5478079,11.0070771,478.15,33,37407.94571,,,,
H3732,Centrale malga Mare (Careser),12,0,HDAM,IT,46.41469094,10.6816169,635,15.58,23454.54098,,,,
H3733,Contributo lago Caraser(malga Mare) in Cogolo asta TRENT-3-VALSOLE,0,0,HDAM,IT,46.41469094,10.6816169,761,15.58,28108.51289,,,,
H3734,Pozzolago,8,0,HDAM,IT,46.15123744,11.27924087,581,3.75,5165.271563,,,,
H3735,Capodiponte - Colombara,0,0,HDAM,IT,42.81041761,13.50305189,97.5,0.5,115.5740625,,,,
H3736,Masseria Nicodemo - Orsomarso - Palazzo 2,46,0,HDAM,IT,39.79979208,15.90775482,580,1.14,1567.5399,,,,
H3737,Stramentizzo -San FLORIANo,71.3,0,HDAM,IT,46.290466,11.245401,572,11.5,15594.7935,,,,
H3738,Valina ( ca' Zul),8,0,HDAM,IT,46.29478112,12.71121414,100,11,2607.825,,,,
H3739,Barcis,25,0,HDAM,IT,46.18907179,12.59676727,47,13.59,1514.269148,,,,
H3740,Ponte Giulio-Ravedis,16.3,0,HDAM,IT,46.1356344,12.67895224,73,14,2422.9065,,,,
H3741,Contributo Barcis in Ravedis,0,0,HDAM,IT,46.18907179,12.59676727,73,13.59,2351.949953,,,,
H3742,Contributo Valina in Chievolis asta FRIU-2,0,0,HDAM,IT,46.29478112,12.71121414,153,11,3989.97225,,,,
H3743,Bilancino-PowerAcqua,2,0,HDAM,IT,43.97398208,11.28940729,30,69,4907.4525,,,,
H3744,La Penna,25,0,HDAM,IT,43.50135945,11.73915681,30,16,1137.96,,,,
H3745,Rocchetta,3,0,HDAM,IT,44.3261921,9.847949696,34,5,403.0275,,,,
H3746,Centrale -Valcimarra (Fiastra- Caccamo),20,0,HDAM,IT,43.05853206,13.18150881,340.8,18.5,14947.1046,,,,
H3747,Teglia II Salto,6.5,0,HDAM,IT,44.375151,9.878882,35,0,0,,,,
H3748,Contributo Tosc -1 Teglia,0,0,HDAM,IT,44.375151,9.878882,185.5,5,2198.870625,,,,
H3749,Rigoso,2.458,0,HDAM,IT,44.36844164,10.13488702,176.5,3.42,1431.055823,,,,
H3750,Rimagna,3.6,0,HDAM,IT,44.38412947,10.13151014,167.95,3.37,1341.824349,,,,
H3751,Contributo Rigoso in asta Emil 1 - ENZA (in Rimagna-Isola palanzano e Selvanizza),0,0,HDAM,IT,44.38412947,10.13151014,622.57,3.42,5047.77577,,,,
H3752,Contributo  Rimagna in asta Emil 1- ENZA (in Isola palanzano e Selavnizza),0,0,HDAM,IT,44.44138185,10.22742879,454.62,3.37,3632.15353,,,,
H3753,Centrale Tidone - diga di molato,2,0,HDAM,IT,44.90733248,9.288013392,52,7.6,936.9204,,,,
H3754,Casuzze - Piana degli Albanesi,10.4,0,HDAM,IT,37.9937488,13.2882915,475,23.8,26801.32875,,,,
H3755,Canate - lago Brugneto,9,0,HDAM,IT,44.53653931,9.205016135,532.83,25.13,31744.38494,,,,
H3756,Centrale -Valcimarra (Polverina- Caccamo),18,0,HDAM,IT,43.08923342,13.11003238,100.8,3.39,810.113724,,,,
H3757,Centrale Lavezze - lago Badana,8,0,HDAM,IT,44.55270108,8.812860448,70,4.66,773.33865,,,,
H3758,Centrale Lavezze - Lago Lungo,0,0,HDAM,IT,44.54662742,8.826463055,37,4.67,409.6418925,,,,
H3759,Centrale Lavagnina,0,0,HDAM,IT,44.60596375,8.754260051,84,2.5,497.8575,,,,
H3760,Centrale Isoverde,0,0,HDAM,IT,44.55319916,8.819267217,270,2.99,1913.906475,,,,
H3761,Contributo Lavezze in Isoverde,0,0,HDAM,IT,44.54662742,8.826463055,270,9.33,5972.156325,,,,
H3762,Centrale Belforte 1^Salto,9,0,HDAM,IT,43.14541373,13.20334011,57.9,5.05,693.1954463,,,,
N528,Åna-Sira,150,,HDAM,NO,58.293734,6.453253,47,155,17205,666.6658,,,
N450,Trælandsfos,10,,HDAM,NO,58.348279,6.964348,25.7,,,31.11,,,
N239,Laudal,32,,HDAM,NO,58.244885,7.515696,36,2.3,186.3,184.6935,,,
N448,Tonstad,960,,HDAM,NO,58.658155,6.728166,442,70.19,73839.88,4357.37,,,
N83,Finså,23,,HDAM,NO,58.65991,6.698752,298,22,14762,152.3353,,,
N23,Bjelland,55,,HDAM,NO,58.405782,7.523531,84.3,2.2,426.8,346.9117,,,
N181,Håverstad,48,,HDAM,NO,58.505942,7.417104,85,11.2,1993.6,293.7408,,,
N391,Smeland,24,,HDAM,NO,58.669051,7.450992,97,1.4,322,144.5292,,,
N265,Maudal,25.5,,HDAM,NO,58.764683,6.36841,295.7,63,44604,101.0913,,,
N769,Flørli,80,,HDAM,NO,59.010982,6.445127,755,87.5,162050,317.7538,,,
N396,Solhom,200,,HDAM,NO,58.775692,7.012965,215,336.8,169747.2,809.6342,,,
N223,Kvinen,80,,HDAM,NO,58.935618,7.088094,120,104,30056,258.675,,,
N343,Roskrepp,50,,HDAM,NO,59.026674,7.089143,88,695,143865,135.5806,,,
N250,Logna,20.2,,HDAM,NO,58.763639,7.51007,146.39,143.2,50406.4,119.2443,,,
N162,Hovatn,45,,HDAM,NO,58.983853,7.67232,487.7,66,74976,68.6171,,,
N501,Vigelandsfoss,26,,HDAM,NO,58.253518,7.958415,19.5,0.05,2.4,186.3583,,,
N166,Hunsfoss,25.1,,HDAM,NO,58.265174,7.966342,13.67,,,141.5,,,
N399,Steinsfoss,110,,HDAM,NO,58.300155,7.967539,58,0,0,542.2186,,,
N307,Nomeland,28.7,,HDAM,NO,58.356703,7.904827,20.39,0.25,10.75,172.5795,,,
N186,Iveland,87,,HDAM,NO,58.390377,7.894692,50.5,222.3,24897.6,501.2,,,
N78,Evenstad,23.5,,HDAM,NO,58.543204,8.673748,17.3,,,123.4488,,,
N53,Bøylefoss,65,,HDAM,NO,58.596229,8.716276,62,0,0,419.0624,,,
N54,Båtsvatn,30,,HDAM,NO,68.090128,17.716649,204.8,187,91630,104.9062,,,
N191,Jørundland,55.2,,HDAM,NO,58.906297,8.22607,278.6,256.7,163774.6,212.1743,,,
N65,Dynjanfoss,33,,HDAM,NO,58.951934,8.394045,80.19,220.3,42077.3,173.1927,,,
N169,Høgefoss,25,,HDAM,NO,58.951596,8.517097,64,7,1036,139.2271,,,
N129,Hardeland H,24,,HDAM,NO,59.657666,6.096468,418.6,71.7,63741.3,89.4214,,,
N130,Hardeland K,12,,HDAM,NO,59.657561,6.096339,325,21.25,15725,46.2489,,,
N31,Blåfalli III H,100,,HDAM,NO,59.874602,6.073856,320,155.08,113363.48,416.4952,,,
N99,Frøland,24.9,,HDAM,NO,60.384643,5.806852,147.6,0.3,94.2,146.9,,,
N406,Stølsdal,17,,HDAM,NO,59.314015,6.621668,95,2.4,525.6,62.6539,,,
N158,Holen I-II,230,,HDAM,NO,59.353128,7.247817,250,1268.4,743282.4,584.6973,,,
N373,Holen III,160,,HDAM,NO,59.353127,7.247782,610,275.9,415505.4,246.6902,,,
N45,Brokke,330,,HDAM,NO,59.12481,7.5063,300,296,199504,1555.607,,,
N361,Storlivatn,48,,HDAM,NO,59.687516,6.521502,215,114.6,56612.4,239.8988,,,
N222,Kvilldal,1240,,HDAM,NO,59.526995,6.658841,536.5,293.02,382977.14,3611.467,,,
N167,Hylen,160,,HDAM,NO,59.557855,6.602344,68,44,7260,946.5079,,,
N408,Suldal I,180,,HDAM,NO,59.651863,6.824512,306,115,82110,1077.896,,,
N409,Suldal II,150,,HDAM,NO,59.651863,6.824512,559,1.6,2115.2,771.5302,,,
N359,Dalvatn,35.4,,HDAM,NO,59.690494,6.570213,185,27.9,12415.5,173.3778,,,
N33,Blåfalli IV,13,,HDAM,NO,59.930933,6.197613,150,46,16606,66.941,,,
N312,Novle,40,,HDAM,NO,59.831861,6.881373,275,135.7,94175.8,239.6537,,,
N346,Røldal,166,,HDAM,NO,59.818538,6.818576,365,301,247723,903.5,,,
N413,Svandalsflona,20,,HDAM,NO,59.850284,6.962739,200,28,14112,42.2495,,,
N397,Songa,120,,HDAM,NO,59.779587,7.728818,286.7,750,480000,588.6658,,,
N266,Mauranger,250,,HDAM,NO,60.127577,6.337427,830,88.7,171102.3,1145.972,,,
N317,Oksla,206,,HDAM,NO,60.125942,6.568911,450,426,454542,972.9718,,,
N470,Tysso II,224,,HDAM,NO,60.129931,6.641965,725,353.2,594082.4,1068.956,,,
N286,Mågeli,29,,HDAM,NO,60.132949,6.628084,610,3,4167,132.1838,,,
N370,Åmdal,21,,HDAM,NO,59.363499,8.052367,252,0.7,415.1,101.8965,,,
N86,Fjone,50,,HDAM,NO,59.21679,8.451892,258,223.5,137676,135.126,,,
N371,Osen,16.5,,HDAM,NO,59.356167,8.177044,92.3,19.8,4257,67.5103,,,
N507,Vrangfoss,36,,HDAM,NO,59.30235,9.203938,23,,,218.8306,,,
N72,Eidsfoss,15,,HDAM,NO,59.297123,9.219933,10,,,97.0593,,,
N410,Sundsbarm,111,,HDAM,NO,59.498545,8.633632,480,228,260148,478.2516,,,
N147,Hjartdøla,120,,HDAM,NO,59.608253,8.713219,575,91.2,123576,425.2527,,,
N419,Svelgfoss,92,,HDAM,NO,59.582112,9.256108,69,0,0,424.0959,,,
N439,Tinfos I,41,,HDAM,NO,59.568963,9.26405,29.2,,,190.9641,,,
N121,Grønvollfoss,33,,HDAM,NO,59.658549,9.207749,22.6,,,175.4352,,,
N529,Årlifoss,22.2,,HDAM,NO,59.686023,9.142329,17.6,204.1,7959.9,103.3687,,,
N100,Frøystul,45.6,,HDAM,NO,59.824603,8.345011,61.5,1064,150024,186.5,,,
N493,Vemork,204,,HDAM,NO,59.86944,8.493679,300,1.4,1047.2,953.033,,,
N284,Mæl,37.5,,HDAM,NO,59.919954,8.777258,44.79,,,185.6011,,,
N59,Djupdal,14.3,,HDAM,NO,59.939501,9.339152,16,,,62.7783,,,
N282,Mykstufoss,48,,HDAM,NO,60.050395,9.19932,61.7,0,0,215.5707,,,
N482,Uvdal I,90,,HDAM,NO,60.243794,8.701658,595,220,289300,239.0206,,,
N483,Uvdal II,40,,HDAM,NO,60.257442,8.92642,193,0.6,266.4,152.2665,,,
N310,Nore I,206,,HDAM,NO,60.267223,8.959338,361,352,279840,758.809,,,
N387,Skotfoss,24,,HDAM,NO,59.207785,9.528109,10,9,207,183.3928,,,
N205,Klosterfoss,10.5,,HDAM,NO,59.198381,9.609542,5,,,92.117,,,
N385,Skollenborg,97,,HDAM,NO,59.621986,9.667983,60.09,,,392.7904,,,
N103,Gamlebrofoss,15,,HDAM,NO,59.657714,9.651615,14.3,,,65.5124,,,
N328,Pikerfoss,15.8,,HDAM,NO,59.721147,9.594435,13.5,,,59.6236,,,
N505,Vittingfoss,33.5,,HDAM,NO,59.474488,10.004542,20.1,,,135.3,,,
N508,Vrenga,10.5,,HDAM,NO,59.862852,9.384991,378,19.2,15993.6,58.6772,,,
N159,Hellefoss,11,,HDAM,NO,59.787085,9.900813,5.3,,,81.22,,,
N76,Embretsfoss,71,,HDAM,NO,59.902164,9.925332,16.3,,,335,,,
N108,Geithusfoss,13.5,,HDAM,NO,59.928859,9.963443,9.19,134,3350,75.2919,,,
N329,Ramfoss,30,,HDAM,NO,60.084174,9.816174,22.39,100,5200,189.8074,,,
N171,Hønefoss,29.4,,HDAM,NO,60.169989,10.25448,21.5,,,119.8912,,,
N151,Hofsfoss,27,,HDAM,NO,60.185024,10.241127,26.79,,,141.4353,,,
N506,Viulfoss,12.5,,HDAM,NO,60.194522,10.322398,17.29,,,46.6894,,,
N144,Herlandsfoss,13.8,,HDAM,NO,60.582109,5.543516,136,78.9,25169.1,64.1947,,,
N56,Dale II,150,,HDAM,NO,60.581955,5.823857,369.1,1.2,1190.4,664.406,,,
N96,Fosse,25,,HDAM,NO,60.581956,5.884433,96.5,0,0,165.053,,,
N194,Kaldestad,24,,HDAM,NO,60.554265,6.029858,80,175.89,30956.64,93.831,,,
N264,Matre M,150,,HDAM,NO,60.872581,5.594089,463,143.7,160512.9,817.8172,,,
N400,Steinsland,170,,HDAM,NO,60.923999,5.98594,451.3,42.6,49075.2,755.6,,,
N402,Stordal,26,,HDAM,NO,60.960972,5.703188,115,83.6,21067.2,57.2289,,,
N183,Svelgen III,22,,HDAM,NO,61.716662,5.236697,480,81.25,95225,113.0012,,,
N47,Brulandsfoss,12.5,,HDAM,NO,61.435682,5.915368,20.39,0,0,59.3099,,,
N353,Sagefossen,10.1,,HDAM,NO,61.614778,5.678216,61,22.6,3322.2,42.7655,,,
N150,Hodnaberg,32.5,,HDAM,NO,60.55784,6.211286,300,177,122838,110.3411,,,
N77,Evanger,330,,HDAM,NO,60.662252,6.118739,770,332,565728,1350.982,,,
N554,Oksebotn,11,,HDAM,NO,60.738549,6.261966,125,69.3,20166.3,45.99,,,
N423,Sy-Sima,620,,HDAM,NO,60.506968,7.140933,905,475.02,1022718.06,2158.191,,,
N231,Lang-Sima,500,,HDAM,NO,60.507421,7.140704,1065,190,510340,1366.141,,,
N477,Ulvik II,20,,HDAM,NO,60.575845,6.921271,380.6,52.6,50390.8,92.908,,,
N332,Refsdal,90,,HDAM,NO,61.021375,6.567661,513.59,90.2,107338,455.1265,,,
N163,Hove,60,,HDAM,NO,61.066514,6.589224,318.2,0,0,390.926,,,
N489,Aurland IV (Vangen),38,,HDAM,NO,60.901828,7.178971,55,2.8,327.6,112.2034,,,
N12,Aurland II L,60,,HDAM,NO,60.804331,7.378572,109,45.8,12274.4,227.4592,,,
N10,Aurland I,840,,HDAM,NO,60.8525,7.300704,850,194,402356,2508.253,,,
N557,Stuvane,38,,HDAM,NO,61.05021,7.643941,156.19,,,197.7,,,
N176,Høyanger K5B,16.4,,HDAM,NO,61.218822,6.063635,729,25.6,43187.2,107.0703,,,
N175,Høyanger K5A,93,,HDAM,NO,61.21888,6.063321,574,165.9,213845.1,636.1908,,,
N549,Mel,52,,HDAM,NO,61.350357,6.573761,810,60.3,116137.8,193.2259,,,
N530,Årøy,90,,HDAM,NO,61.27795,7.150454,147,53,18868,349.6171,,,
N290,Naddvik,112,,HDAM,NO,61.176752,7.626967,969,30.6,73225.8,528.7958,,,
N398,Stakaldefoss,10,,HDAM,NO,61.445797,6.009602,43.79,50,4450,65.4491,,,
N547,Jostedal,288,,HDAM,NO,61.520817,7.308742,1163,498,1373982,1005.786,,,
N481,Ustekveikja,36.5,,HDAM,NO,60.529049,7.746783,113,10.93,2874.59,72.9785,,,
N514,Ørteren,10,,HDAM,NO,60.502923,7.862656,157.69,72.4,26788,32.283,,,
N480,Usta,196,,HDAM,NO,60.567368,8.410259,540,385,493185,890.0443,,,
N156,Hol II,26,,HDAM,NO,60.611234,8.26258,47.7,0.6,61.2,110.0988,,,
N154,Hol I (Urunda),106,,HDAM,NO,60.62675,8.181679,370.6,554,503586,371.7256,,,
N155,Hol I (Votna),114,,HDAM,NO,60.626677,8.182144,404.3,317.5,322262.5,379.7952,,,
N157,Hol III,60,,HDAM,NO,60.58293,8.404554,98,0,0,233.4473,,,
N303,Nes,250,,HDAM,NO,60.603391,9.064691,285,0,0,1492.906,,,
N142,Hemsil II,98,,HDAM,NO,60.705018,8.969284,370,0,0,522.8218,,,
N35,Borgund,212,,HDAM,NO,61.061044,7.822617,874,74.7,157094.1,1083.8,,,
N110,Gjuva,10,,HDAM,NO,60.929668,8.422985,410,34,31450,32.8087,,,
N141,Hemsil I,70,,HDAM,NO,60.802417,8.638246,540,205,249075,241.0185,,,
N509,Ylja,65,,HDAM,NO,61.198141,8.382167,685.5,213.99,351157.59,145.9572,,,
N251,Lomen,54.5,,HDAM,NO,61.140411,8.881986,308,44,32428,166.3574,,,
N196,Kalvedalen,19,,HDAM,NO,61.258271,8.757071,243.3,118.9,66584,73.6094,,,
N94,Skagen,270,,HDAM,NO,61.504615,7.706137,967,28.8,66470.4,1407.001,,,
N523,Øvre Vinstra,140,,HDAM,NO,61.481479,9.314391,329.29,536.96,434937.6,629.782,,,
N15,Bagn,75.5,,HDAM,NO,60.827132,9.548789,87,9.4,1974,293.702,,,
N537,Dokka,44.6,,HDAM,NO,60.810641,10.135008,130,,,140.0683,,,
N558,Torpa,150,,HDAM,NO,61.006569,10.031814,470,250,266750,338.1831,,,
N268,Mesna,37.5,,HDAM,NO,61.115301,10.454126,356,81.4,70655.2,135.6518,,,
N164,Hunderfossen,112,,HDAM,NO,61.219683,10.439034,46.4,,,608.2249,,,
N274,Moksa,15,,HDAM,NO,61.319056,10.300177,501,0,0,52.1576,,,
N302,Nedre Vinstra,308,,HDAM,NO,61.564563,9.792926,443.2,31.1,33245.9,1263.56,,,
N131,Harpefossen,108,,HDAM,NO,61.581624,9.842172,34.62,0,0,448.8,,,
N417,Svelgen II,29,,HDAM,NO,61.768853,5.304793,480,86.7,93115.8,191.1448,,,
N418,Svelgen IV,50,,HDAM,NO,61.768853,5.304793,360,141,122247,278.237,,,
N499,Åskåra 2,42,,HDAM,NO,61.801738,5.669953,534.2,81,105867,227.8754,,,
N14,Åskåra 1,85,,HDAM,NO,61.801738,5.669953,665.29,102.2,159636.4,383.6423,,,
N527,Åmela,34,,HDAM,NO,62.020561,5.839346,535.6,40.8,51367.2,131.258,,,
N461,Tussa,64,,HDAM,NO,62.107524,6.57182,646,120.6,194889.6,272.3,,,
N430,Tafjord 1,25,,HDAM,NO,62.226405,7.421345,157,10,3420,68.2776,,,
N431,Tafjord 2,29.5,,HDAM,NO,62.205012,7.445873,390,14,12754,150.5448,,,
N434,Tafjord 5,82.7,,HDAM,NO,62.195096,7.517685,822.29,89.2,160114,418.3032,,,
N381,Skjåk I,32,,HDAM,NO,61.899278,8.227095,684.59,60,95220,112.4123,,,
N301,Nedre Tessa 2,16,,HDAM,NO,61.846032,8.961143,310.7,0,0,94.9562,,,
N522,Øvre Tessa,16,,HDAM,NO,61.817179,8.951578,175,130,51610,72.5578,,,
N68,Eidefossen,13.2,,HDAM,NO,61.8037,9.303697,18.89,,,85.6,,,
N495,Nye Verma,22.5,,HDAM,NO,62.345564,8.046513,424.4,32.4,33760.8,65.5766,,,
N322,Osbu,20,,HDAM,NO,62.508165,8.473322,56,711,87453,112.1926,,,
N63,Driva,140,,HDAM,NO,62.627288,8.893746,565.59,280,362880,602.4465,,,
N9,Aura,290,,HDAM,NO,62.664258,8.514969,783,46.5,81421.5,1852.07,,,
N478,Ulvund,19.5,,HDAM,NO,62.834158,8.520459,85,10,1810,69.4526,,,
N421,Svorka,22,,HDAM,NO,63.038848,8.655876,259,12.5,7275,105.2788,,,
N122,Gråsjø,15,,HDAM,NO,62.933703,9.125257,55,205,32800,67.7764,,,
N454,Trollheim,126.6,,HDAM,NO,63.001093,9.020321,400,179,167902,893.0372,,,
N363,Savalen,62,,HDAM,NO,62.185692,10.611858,230.8,61.2,32864.4,124.9258,,,
N474,Ulset,35,,HDAM,NO,62.621834,10.257691,320,132,106920,151.5304,,,
N247,Litjfossen,75,,HDAM,NO,62.662417,10.139673,285,150,104100,167.0935,,,
N113,Grana,75,,HDAM,NO,62.915995,9.680167,455,144,157680,331.62,,,
N178,Håen,30,,HDAM,NO,63.113494,10.478311,215,25,11575,133.5001,,,
N36,Borregaard,51,,HDAM,NO,59.276365,11.129869,20.5,,,250.5768,,,
N357,Sarp,80,,HDAM,NO,59.27644,11.133689,20.5,,,544.0168,,,
N124,Hafslund,31.85,,HDAM,NO,59.274985,11.129381,20.5,,,169.3568,,,
N441,Tistedalsfoss,20,,HDAM,NO,59.128023,11.43825,66.09,28.7,4391.1,107.575,,,
N488,Vamma,344,,HDAM,NO,59.54261,11.169893,27.5,,,1276.778,,,
N228,Fellesanlegget Kykkelsrud-Fossumfoss,230,,HDAM,NO,59.579898,11.100725,27,,,1241.042,,,
N22,Bingsfoss,32.5,,HDAM,NO,59.989971,11.264708,5,,,199.7972,,,
N349,Rånåsfoss,128.4,,HDAM,NO,60.027536,11.323332,12.3,1312,38048,583,,,
N102,Funnefoss,40,,HDAM,NO,60.167127,11.529376,10.5,,,193.593,,,
N212,Kongsvinger,42.7,,HDAM,NO,60.202822,11.892736,10.25,,,191.5744,,,
N37,Braskereidfoss,35.95,,HDAM,NO,60.706254,11.791752,9.5,0.5,11,163.1,,,
N377,Skjefstadfoss II,19.8,,HDAM,NO,60.830494,11.611755,12.8,,,135.0209,,,
N260,Løpet,29,,HDAM,NO,61.163873,11.456755,18.89,175,8050,163.1,,,
N321,Osa,90,,HDAM,NO,61.237602,11.517878,200,265,120575,306.3208,,,
N336,Rendalen,100.5,,HDAM,NO,61.811303,11.114915,209.69,,,771.4,,,
N115,Gresslifoss,25,,HDAM,NO,63.053018,11.489542,33,1,68,105.4002,,,
N496,Vessingfoss,40,,HDAM,NO,62.996363,11.826643,50,625,74375,95.3572,,,
N292,Nedalsfoss,25,,HDAM,NO,62.957739,12.098549,96,0.2,46.2,73.0394,,,
N424,Søa,37,,HDAM,NO,63.300242,9.136845,273.2,67,41875,207.4527,,,
N422,Svorkmo,55,,HDAM,NO,63.178053,9.772572,96,,,344.9091,,,
N393,Sokna,30,,HDAM,NO,63.150398,10.317983,181.7,1,362,158.6582,,,
N87,Fjæremsfoss,18.8,,HDAM,NO,63.321965,10.436126,27,,,70.3656,,,
N415,Svean,27,,HDAM,NO,63.279212,10.472662,56,,,109.9968,,,
N38,Bratsberg,124,,HDAM,NO,63.357887,10.447937,145,366.7,120277.6,621.1584,,,
N389,Slind,20,,HDAM,NO,63.192406,10.956678,178,43.1,18360.6,70.6049,,,
N414,Svartelva,15.5,,HDAM,NO,63.637554,10.132666,107.9,74,19240,63.8,,,
N279,Mosvik,37,,HDAM,NO,63.726499,10.865013,205,125,59625,96.0375,,,
N285,Mørre,13.6,,HDAM,NO,63.927744,10.233434,81.3,12.4,2331.2,54.0695,,,
N555,Ormsetfoss,40,,HDAM,NO,63.84787,10.682239,383.7,44.7,41347.5,76.93,,,
N137,Hegsetfoss,32,,HDAM,NO,63.164753,11.231371,72,,,25.3609,,,
N551,Nedre Nea,66.7,,HDAM,NO,63.155303,11.235879,96,4,924,405.3697,,,
N101,Funna,20.6,,HDAM,NO,63.440244,11.742539,336.2,64,56320,67.796,,,
N34,Bogna,57,,HDAM,NO,64.228736,12.025878,290,150,99750,136.5533,,,
N11,Aurland II H,70,,HDAM,NO,60.805201,7.377305,500,169.4,204465.8,259.1953,,,
N80,Faslefoss,17.8,,HDAM,NO,60.958423,9.300065,37.5,86.2,7068.4,77.3951,,,
N494,Vemundsbotn,45,,HDAM,NO,60.857432,5.696332,234,197.2,106290.8,168.1781,,,
N263,Matre H,180,,HDAM,NO,60.870058,5.596857,528.5,22,29172,679.9,,,
N619,Meråker,86.8,,HDAM,NO,63.407563,11.776733,263.7,4.5,2956.5,463.7812,,,
N610,Haukrei,16,,HDAM,NO,59.204847,7.835123,102.5,105.6,25977.6,43.9553,,,
N152,Hogga,17,,HDAM,NO,59.310502,9.045155,12,125,3500,101.7914,,,
N524,Åbjøra,95,,HDAM,NO,60.911585,9.368901,442,8.1,8910,473.605,,,
N273,Moflåt,30,,HDAM,NO,59.883233,8.684686,47.5,,,140.489,,,
N429,Såheim,189,,HDAM,NO,59.87665,8.593622,273,,,881.7369,,,
N761,Skjerka,206.6,,HDAM,NO,58.557967,7.367182,357.22,250.69,231888.25,708.3,,,
N116,Grytten,143.5,,HDAM,NO,62.500671,7.776139,953.4,158.3,356491.6,680.5938,,,
N778,Mo,10,,HDAM,NO,61.416521,5.949262,550,0,0,39.5399,,,
N767,Grøa,34.7,,HDAM,NO,62.639218,8.730667,353,,,97.8411,,,
N765,Berild,15.9,,HDAM,NO,62.447595,7.487445,275,2.53,1692.57,51.6063,,,
N40,Brattset,80,,HDAM,NO,62.802952,10.017076,268.9,1.7,1047.2,402.3264,,,
N291,Nea,175,,HDAM,NO,63.032064,11.703242,375,38,33592,676.8334,,,
N465,Tya,32,,HDAM,NO,63.032098,11.703237,200,48.2,21400.8,159.4697,,,
N219,Kvanndal,40,,HDAM,NO,59.658147,6.985079,314,194,143560,186.6222,,,
N143,Hensfoss,16.7,,HDAM,NO,60.208303,10.239006,24,109.1,5673.2,106.5234,,,
N120,Grønsdal,36,,HDAM,NO,60.44001,5.860706,165,34.6,15743,154.5392,,,
N751,Hekni,56,,HDAM,NO,58.996124,7.54686,38.5,0,0,249.55,,,
N82,Finndøla,108,,HDAM,NO,59.187073,8.039687,298,126.6,88366.8,266.3612,,,
N248,Litledalen,17,,HDAM,NO,59.663476,6.065529,126,0.62,174.22,51.3763,,,
N283,Myster,107,,HDAM,NO,60.738619,5.806827,248.8,0,0,367.4281,,,
N345,Rygene,55,,HDAM,NO,58.406049,8.636195,36.2,0,0,315.9293,,,
N225,Kvittingen,48,,HDAM,NO,60.464284,5.915178,251,92.1,57654.6,164.8,,,
N584,Hellandsfoss,31.5,,HDAM,NO,60.83077,5.881864,72.19,,,169.2036,,,
N74,Eikelandsosen,30,,HDAM,NO,60.255341,5.74083,500,41,47150,96.3947,,,
N776,Solbergfoss,199,,HDAM,NO,59.636706,11.154443,20.5,157,7222,946.4488,,,
N510,Øgreyfoss,15.2,,HDAM,NO,58.478973,6.030994,65.69,27,3915,72.3008,,,
N255,Lutufallet,14.1,,HDAM,NO,61.065634,12.581802,13.69,,,66.8794,,,
N293,Nedre Fiskumfoss,41.5,,HDAM,NO,64.543207,12.454644,34.5,,,301.918,,,
N8,Aunfoss,29.54,,HDAM,NO,64.610022,12.578041,28.5,,,214.1837,,,
N531,Åsmulfoss,12,,HDAM,NO,64.677473,12.677895,10,,,85.0332,,,
N458,Tunnsjødal,176,,HDAM,NO,64.703361,12.836591,237.5,13,7072,813.1179,,,
N457,Tunnsjø,30.4,,HDAM,NO,64.695063,13.64173,60,,,145.7569,,,
N245,Linvasselv,25,,HDAM,NO,64.652493,13.786226,106.69,490.4,123580.8,110.5432,,,
N348,Røyrvikfoss,16.6,,HDAM,NO,64.886275,13.562079,28.5,496,33232,88.7347,,,
N209,Kolsvik,128,,HDAM,NO,65.209196,12.796868,519,188.1,218572.2,549.0638,,,
N117,Grytåga,48,,HDAM,NO,65.803544,12.72901,198,149.5,65630.5,256.4047,,,
N520,Øvre Røssåga,175,,HDAM,NO,65.887092,13.800661,135.5,2559,800967,901,,,
N195,Kaldåga,15,,HDAM,NO,66.053038,13.336591,565,13.8,17429.4,71.9561,,,
N298,Nedre Røssåga,350,,HDAM,NO,66.052027,13.774634,244.4,19,11191,2001,,,
N367,Sjona,52,,HDAM,NO,66.310342,13.563553,267.7,72,46008,231.9844,,,
N24,Bjerka,20,,HDAM,NO,66.062707,13.997822,357,153,128826,136.9323,,,
N236,Langvatn,90,,HDAM,NO,66.336842,14.166999,43,54,4752,306.3885,,,
N538,Fagervollan,21,,HDAM,NO,66.375658,13.657311,227,74,51060,57.0834,,,
N337,Reppa,10,,HDAM,NO,66.645942,13.560479,575,30.9,40880.7,62.7,,,
N542,Svartisen,600,,HDAM,NO,66.724509,13.931344,543,3506,4869834,2466.146,,,
N411,Sundsfjord,96,,HDAM,NO,66.971196,14.157405,328.39,266,205086,561.6896,,,
N93,Forså,12,,HDAM,NO,66.951346,14.2253,295,63.3,45892.5,48.2444,,,
N318,Oldereid,15,,HDAM,NO,67.129685,14.955136,319,43,33497,76.6596,,,
N369,Sjønstå,66,,HDAM,NO,67.19867,15.724273,125,2.7,785.7,293.4287,,,
N366,Siso,180,,HDAM,NO,67.323103,15.722386,650,547.1,811896.4,916.3383,,,
N55,Daja,30,,HDAM,NO,67.082708,16.055171,155,316.3,109756.1,155.7169,,,
N79,Fagerli,48,,HDAM,NO,67.116045,16.067266,231.69,0,0,247.7921,,,
N252,Lomi,118,,HDAM,NO,67.120911,16.120824,560,473,620103,362.6552,,,
N136,Heggmoen,10,,HDAM,NO,67.355703,14.8518,116.69,116,32132,52.2477,,,
N206,Kobbelv,300,,HDAM,NO,67.621621,16.007076,590,1476,2121012,749.7406,,,
N354,Sagfossen,11.3,,HDAM,NO,67.904601,15.860028,45,4,436,52.4531,,,
N390,Slunkajavrre,21,,HDAM,NO,67.807909,16.115713,246.5,85,49555,80.5786,,,
N335,Rekvatn,23.3,,HDAM,NO,67.824218,15.993795,207.5,77,33110,86.4294,,,
N427,Sørfjord I,75,,HDAM,NO,68.060656,16.668725,486,107,122622,304.2485,,,
N380,Skjomen,300,,HDAM,NO,68.201085,17.36584,606.29,380.8,565488,1191.127,,,
N305,Niingen,17,,HDAM,NO,68.53702,17.028627,501.7,34,39338,69.564,,,
N179,Håkvik,12,,HDAM,NO,68.403304,17.42153,216.6,48,25008,41.367,,,
N365,Sildvik,65,,HDAM,NO,68.397625,17.799681,660,94.9,148993,246.4577,,,
N315,Nygård,25,,HDAM,NO,68.475637,17.626088,253.89,96.5,55391,101.2108,,,
N768,Lakshola,30,,HDAM,NO,67.451702,15.742424,314,24.5,18914,110.9623,,,
N184,Innset,90,,HDAM,NO,68.659576,18.824753,185,1027,428259,500.3513,,,
N404,Straumsmo,130,,HDAM,NO,68.73871,18.656695,229,3.7,1909.2,704.3871,,,
N16,Bardufoss,41.5,,HDAM,NO,69.043788,18.589681,52.79,,,221.3252,,,
N58,Dividalen,26,,HDAM,NO,68.875556,19.560557,278.5,135.7,84541.1,124.5671,,,
N375,Skibotn,70,,HDAM,NO,69.312883,20.34206,440,145.6,153025.6,340.4763,,,
N123,Guolásjohka,80,,HDAM,NO,69.456759,20.909812,719.09,134.6,224916.6,339.9556,,,
N392,Småvatna,18.8,,HDAM,NO,69.684261,22.154025,221,61.8,29664,74.1132,,,
N297,Nedre Porsa,12.8,,HDAM,NO,70.401409,23.627292,215,52,24024,58.4095,,,
N226,Kvænangsbotn,55,,HDAM,NO,69.720002,22.057216,308,23.3,17801.2,197.9466,,,
N383,Skogfoss,48,,HDAM,NO,69.372953,29.694029,19.7,2684,134200,288.593,,,
N267,Melkefoss,22,,HDAM,NO,69.399382,29.7873,10.19,0,0,141.1115,,,
N2,Adamselv,50,,HDAM,NO,70.409578,26.701878,200,364,167440,215,,,
N218,Kuråsfoss,10.6,,HDAM,NO,62.673965,11.454045,48,215,23005,55.9969,,,
N756,Gravfoss II,30.2,,HDAM,NO,59.929421,9.946417,20,,,179.4176,,,
N114,Gravfoss I,18.6,,HDAM,NO,59.931023,9.945466,19.7,,,35.0032,,,
N511,Øksenelvane,28,,HDAM,NO,61.841527,5.802617,375,12,11112,162.01,,,
N26,Bjølvo,99.2,,HDAM,NO,60.440065,6.406111,870,92.5,195175,428.218,,,
N815,Tyin,374,,HDAM,NO,61.297126,7.849949,1040,342.8,890251.6,1449.726,,,
N242,Leirdøla,125,,HDAM,NO,61.4371,7.23479,454,178,189926,451.0685,,,
N330,Rana,500,,HDAM,NO,66.294966,14.270422,505.29,2039.5,2447400,2183.8,,,
N67,Døvikfoss,15,,HDAM,NO,59.885624,9.909036,6.09,,,103.1584,,,
N432,Tafjord 3,22,,HDAM,NO,62.149826,7.43549,329,10.5,8022,90.9324,,,
N442,Tjodan,110,,HDAM,NO,59.047854,6.647579,885.5,96,195456,347.07,,,
N112,Glomfjord,20,,HDAM,NO,66.796875,14.000939,463.5,17,15742,94.8466,,,
N503,Vinje,300,,HDAM,NO,59.625305,7.853282,221.8,307.2,154828.8,1051.459,,,
N287,Målset,20,,HDAM,NO,60.978203,6.516092,175,95.9,38072.3,63.0559,,,
N311,Nore II,52,,HDAM,NO,60.238241,9.00084,100,0,0,203.688,,,
N203,Kjela,62,,HDAM,NO,59.736731,7.434555,174,517.1,216664.9,282.345,,,
N403,Strandfossen,25,,HDAM,NO,60.909193,11.525804,12.5,,,148.4809,,,
N446,Tokke,430,,HDAM,NO,59.445572,8.040303,393.5,11.2,10449.6,2327.743,,,
N50,Byrte,20,,HDAM,NO,59.496878,7.829058,285,58.2,40390.8,135.3363,,,
N246,Lio,43,,HDAM,NO,59.465161,7.932223,346,75.5,64477,305.7,,,
N7,Askerudfoss,13.2,,HDAM,NO,60.20311,10.342111,20.6,,,58.0463,,,
N111,Åmli-Gjøv,18.4,,HDAM,NO,58.767746,8.481447,54.5,,,67.9952,,,
N288,Mår,180,,HDAM,NO,59.885318,8.674014,823,260.4,473407.2,736.8313,,,
N445,Tjørhom,120,,HDAM,NO,58.881373,6.817814,158,931.58,344684.6,582.7993,,,
N829,Framruste,75,,HDAM,NO,61.937434,7.886853,325.6,166,128152,303.92,,,
N828,Øyberget,99.5,,HDAM,NO,61.92177,8.090528,149.6,0.55,202.95,377.28,,,
N92,Follafoss,48.1,,HDAM,NO,63.986371,11.094741,175.3,32,14464,193.0192,,,
N847,Grunnåi,25.32,,HDAM,NO,59.517958,8.671041,389,0.21,196.98,54,,,
N1232,Breiava,14.8,,HDAM,NO,59.159053,6.612866,60,40,5680,54,,,
N1334,Blåfalli Vik,230,,HDAM,NO,59.844023,5.994117,374.8,22.4,21011.2,712.3,,,
N1335,Innvik,15.5,,HDAM,NO,61.840738,6.63878,512,0,,55,,,
N1354,Byrkjelo,13.27,,HDAM,NO,61.733639,6.508575,137,0,0,61.5,,,
N1421,Sønnå L,62.5,,HDAM,NO,59.639933,6.379561,253,9.7,6101.3,381.017,,,
N1422,Sønnå H,212.4,,HDAM,NO,59.639933,6.379561,550,35.3,49596.5,1029.568,,,
N1408,Leirfossene,45,,HDAM,NO,63.372365,10.404037,61,,,138.4,,,
N1485,Kjøsnesfjorden,84,,HDAM,NO,61.511812,6.60963,775.4,31.86,61935.84,247,,,
N1501,Jøssang,34,,HDAM,NO,59.002831,6.081567,281,24.35,17678.1,92,,,
N1563,Holsbru,48.9,,HDAM,NO,61.310276,7.832645,687.8,0,0,84,,,
N1787,Skarg,24,,HDAM,NO,59.350378,7.295355,81,0,0,69,,,
N1739,Eiriksdal,80,,HDAM,NO,61.238651,6.159359,570.4,37.6,52226.4,342,,,
N1742,Kjensvatn,14,,HDAM,NO,66.057335,14.243865,70,314,55578,65,,,
N1747,Smådøla,13.7,,HDAM,NO,61.736211,8.936282,123,0,0,47.4,,,
N1797,Holmen,25,,HDAM,NO,60.849199,6.722972,278.5,,,81,,,
N1781,Govddesåga,26.8,,HDAM,NO,66.923648,14.393596,220.5,,,58,,,
N1857,Tosdalen,19.3,,HDAM,NO,65.28981,13.041161,531.37,0,0,40.5,,,
N1868,Ringedalen,23,,HDAM,NO,60.115822,6.625288,513,,,57,,,
N1804,Rosten,80,,HDAM,NO,61.860793,9.408787,103.5,,,192,,,
N1934,Storåselva,25.5,,HDAM,NO,64.279771,12.617346,124,,,75,,,
N1899,Lysebotn 2,370,,HDAM,NO,59.065338,6.632272,670.5,556,952428,1500,,,
N1926,Leikanger,77,,HDAM,NO,61.204764,6.708265,595,,,,,,
N1889,Nedre Otta,78,,HDAM,NO,61.792927,9.383549,55.5,,,,,,
N753,Åsebotn,15,,HDAM,NO,60.97561,6.063749,383,39.1,37887.9,77.161,,,
N3,Alta,150,,HDAM,NO,69.717916,23.795677,185,135,58455,762.3478,,,
N1955,Stardalen,17.37,,HDAM,NO,61.612472,6.548202,62.5,,,,,,
N192,Kaggefoss,85.5,,HDAM,NO,59.947544,9.934564,70,,,586.8782,,,
N128,Hanefoss,22,,HDAM,NO,58.530183,8.334636,70,16.4,2509.2,126.351,,,
N1956,Herand,23.7,,HDAM,NO,60.346716,6.404039,430,,,,,,
N1949,Tolga,43.1,,HDAM,NO,62.427683,11.086361,87.8,,,,,,
N1894,Østerbø,48,,HDAM,NO,61.079957,5.925388,583.7,30.09,44563.29,,,,
N433,Tafjord 4,110,,HDAM,NO,62.232343,7.429693,430,70,71330,519.1812,,,
N64,Duge,200,,HPHS,NO,59.128899,6.892177,220,1400,777000,302.6558,,,
N362,Saurdal,640,,HPHS,NO,59.479142,6.692334,437,3112,3192912,1335.075,,,
N187,Jukla,35,,HPHS,NO,60.191554,6.389272,200,341,122760,67.6761,,,
N512,Øljusjøen,50,,HPHS,NO,61.003581,8.068592,211.8,161,74382,44.7426,,,
N145,Herva,33,,HPHS,NO,61.565819,7.86585,257,251.7,141203.7,107.4864,,,
N39,Brattingfoss,10.7,,HPHS,NO,64.046234,11.082015,118.3,107,26536,31.112,,,
N13,Aurland III,270,,HPHS,NO,60.798131,7.571407,400,448,420224,170.1262,,,
N620,Tevla,49.6,,HPHS,NO,63.39412,11.913236,164.5,252.2,101888.8,106.7417,,,
N827,Nygard,56,,HPHS,NO,60.892783,6.065015,450,102.8,96015.2,81.5556,,,
N146,Hetland,1.48,,HDAM,NO,58.524009,5.836069,55.3,7.7,1054.9,9.0683,,,
N118,Grødemfoss,3.08,,HDAM,NO,58.406025,6.101414,62,,,16.3847,,,
N161,Honnefoss,2.88,,HDAM,NO,58.418929,6.109621,39.59,61.1,4582.5,8.7591,,,
N420,Sviland,2,,HDAM,NO,58.828635,5.832796,76,9.2,1407.6,11.2323,,,
N319,Oltedal,9.3,,HDAM,NO,58.828059,6.055008,72,30.8,4928,34.1092,,,
N320,Oltesvik,5,,HDAM,NO,58.851993,6.123135,37.5,2.9,229.1,20.0945,,,
N190,Dalen 1,4.9,,HDAM,NO,59.022811,6.070447,181,,,17.459,,,
N352,Sagefoss,2.9,,HDAM,NO,58.254201,6.792552,106,5.7,1390.8,6.221,,,
N177,Høylandsfoss,7.5,,HDAM,NO,58.281282,6.815432,54.5,14.6,1795.8,35.2738,,,
N455,Tryland,5.4,,HDAM,NO,58.222591,7.335344,133,19.8,5128.2,30.073,,,
N135,Haukland,4.9,,HDAM,NO,58.465032,6.544322,252.5,8.5,5261.5,19.8,,,
N323,Osen,4,,HDAM,NO,58.662373,6.617867,57.29,60,7380,16.024,,,
N435,Taraldsvik,1.5,,HDAM,NO,68.44029,17.469798,425,9.3,9690.6,10.778,,,
N232,Longerak,1.3,,HDAM,NO,58.752982,7.857013,298,12.5,6437.5,6.6336,,,
N21,Berlifoss,9.5,,HDAM,NO,58.945844,8.482479,29,,,62.1474,,,
N444,Tjønnefoss,6,,HDAM,NO,58.982861,8.533434,17.7,0,0,39.8542,,,
N306,Nisserdam,1.8,,HDAM,NO,59.007843,8.551741,6.9,244.2,3174.6,11.3568,,,
N484,Vafos,4.89,,HDAM,NO,58.895751,9.337293,13.19,0,0,28.296,,,
N234,Langfoss,2.4,,HDAM,NO,58.901719,9.337977,7.69,0,0,13.1445,,,
N464,Tveitereidfoss,2.6,,HDAM,NO,58.924804,9.333019,9.3,0,0,13.6703,,,
N57,Dalsfos,6.2,,HDAM,NO,58.96678,9.313175,22,150,7200,32.283,,,
N197,Kammerfoss,1.9,,HDAM,NO,58.884596,9.347581,6.4,,,11.9877,,,
N98,Fritzøe,3.3,,HDAM,NO,59.052673,10.018279,23.29,66,3036,12.9342,,,
N436,Tou,1.1,,HDAM,NO,59.064155,5.913017,13.5,8.5,272,5.1524,,,
N52,Børtveit,2.4,,HDAM,NO,59.890019,5.517791,356.39,1.9,1582.7,9.947,,,
N486,Valen,3.8,,HDAM,NO,59.82739,5.795447,300,2.4,1521.6,20.1334,,,
N32,Blåfalli III L,5,,HDAM,NO,59.874725,6.074131,57,13.6,2080.8,19.3727,,,
N388,Skulafossen,4.5,,HDAM,NO,60.274631,6.039433,175,6.8,2577.2,22.3553,,,
N139,Sand,3.5,,HDAM,NO,59.465305,6.319367,326.8,0,0,16.432,,,
N269,Middyr,1.3,,HDAM,NO,59.871268,7.007766,66,10,1500,5.3323,,,
N69,Eidesfossen,3.8,,HDAM,NO,60.283619,6.297265,70,,,19.8,,,
N193,Kaldestad,6.3,,HDAM,NO,60.364247,6.150254,596,6.6,9616.2,29.5336,,,
N473,Ulefoss,6.4,,HDAM,NO,59.281295,9.252866,10,,,47.684,,,
N1,Aall-Ulefoss,5.7,,HDAM,NO,59.281502,9.253044,10.6,,,44.016,,,
N25,Bjordalen,2.9,,HDAM,NO,59.674243,8.558921,56.5,45.6,3967.2,7.6763,,,
N281,Mydalen,7,,HDAM,NO,59.715441,8.699349,126,97.2,29548.8,28.2869,,,
N170,Hølseter,2,,HDAM,NO,59.8461,9.294561,70,10,1530,9.0434,,,
N70,Eidet,2.3,,HDAM,NO,59.205644,9.609151,5,,,17,,,
N271,Mo,2.3,,HDAM,NO,59.294939,9.560249,65,0,0,13.3096,,,
N153,Hogstad,9.6,,HDAM,NO,59.321348,9.657249,135.5,2.1,657.3,45.064,,,
N447,Toklev,4.8,,HDAM,NO,59.362264,9.663048,80.59,58.5,7897.5,13.5579,,,
N199,Kiste,5.87,,HDAM,NO,59.242816,9.811942,43,16.7,1302.6,21.2744,,,
N314,Nybrufoss,3,,HDAM,NO,59.667538,9.652135,13.24,,,25,,,
N498,Vestfossen,2.8,,HDAM,NO,59.733039,9.872011,16.2,65.9,2438.3,11.0414,,,
N278,Mossefossen,3.1,,HDAM,NO,59.438716,10.668395,22.4,73,4088,21.5888,,,
N545,Horga,7.2,,HDAM,NO,60.053334,9.54561,204,19.7,9199.9,27.8664,,,
N133,Haugfoss,3.6,,HDAM,NO,59.913781,9.885792,37,14.3,1186.9,16.5095,,,
N126,Hammeren,4.7,,HDAM,NO,59.996669,10.749974,105,38.55,7401.6,23.4498,,,
N18,Begna,5.6,,HDAM,NO,60.202559,10.249582,8,,,37.1201,,,
N201,Kistefoss I,1.4,,HDAM,NO,60.221484,10.369892,9,,,3.4701,,,
N202,Kistefoss II,4.2,,HDAM,NO,60.222094,10.368595,10.5,,,23.7652,,,
N19,Bergerfoss,3.3,,HDAM,NO,60.227748,10.376135,5.4,408.6,5311.8,15.2476,,,
N449,Toverud,6,,HDAM,NO,60.42073,10.384411,230.1,20,10740,13.8805,,,
N451,Trengereid,3.5,,HDAM,NO,60.428801,5.623466,388,2.7,2624.4,18.9712,,,
N6,Arna,2.2,,HDAM,NO,60.460744,5.437516,61,1.6,238.4,7.5884,,,
N471,Tøsse,3.5,,HDAM,NO,60.617731,5.586937,52,5.6,924,14.254,,,
N327,Osvatn,2.3,,HDAM,NO,60.613507,5.604592,205,8,3784,12.264,,,
N603,Myra,3.7,,HDAM,NO,60.426946,5.830622,18.2,4.4,224.4,17.9458,,,
N485,Møllen,2,,HDAM,NO,60.476307,5.738424,80,,,13.9464,,,
N5,Ardalen,2.5,,HDAM,NO,60.476157,5.777838,120,7.06,2040.34,14.0489,,,
N97,Fossmark,9,,HDAM,NO,60.51216,5.725404,432,1.8,1875.6,43.9929,,,
N160,Hommelfoss,2.8,,HDAM,NO,60.900223,5.617947,186.5,1.2,522,14.0489,,,
N299,Nedre Svultingen,8.8,,HDAM,NO,61.154509,5.350066,68,10,1370,40.3723,,,
N521,Øvre Svultingen,6.45,,HDAM,NO,61.160205,5.478088,103,25.6,6963.2,26.7,,,
N66,Dyrnesli,6.5,,HDAM,NO,61.204094,5.811217,314,7.4,5157.8,49.0088,,,
N401,Stongfjord,2.9,,HDAM,NO,61.427966,5.169401,90,4.5,940.5,11.6538,,,
N325,Oslandsbotn,2.9,,HDAM,NO,61.42161,5.233451,188,5.9,2643.2,11.7579,,,
N518,Øvre Markevatn,5,,HDAM,NO,61.446093,5.335162,113.8,20.5,5699,20.2215,,,
N296,Nedre Markevatn,2.8,,HDAM,NO,61.462957,5.322115,42,0,0,9.3647,,,
N384,Skogheim,7.7,,HDAM,NO,61.675014,5.783221,341,19,15637,31.3197,,,
N605,Rognsfossen,6,,HDAM,NO,60.632487,6.431703,19.29,,,31.5798,,,
N476,Ulvik I,1.4,,HDAM,NO,60.569184,6.914784,60,0,0,6.6655,,,
N241,Leinafoss,4.8,,HDAM,NO,60.831726,7.118358,54,,,29.6549,,,
N338,Aurland V (Reppa),9,,HDAM,NO,60.804002,7.35285,395,16,15440,29.4468,,,
N456,Trysilfossen,4.5,,HDAM,NO,61.750061,6.276408,11.5,42.8,1112.8,21.6429,,,
N44,Brekkefoss,1.6,,HDAM,NO,60.887458,8.460594,38,0,0,11.3568,,,
N316,Nyset,5,,HDAM,NO,61.163283,7.750692,61,44.3,7309.5,19.9781,,,
N73,Eidsfoss,4.1,,HDAM,NO,61.176741,8.390973,49,11,1144,16.2992,,,
N85,Fivlemyr,2,,HDAM,NO,61.651692,7.750106,230,11.1,5594.4,7.6998,,,
N497,Vestbakken,1.2,,HDAM,NO,60.667445,10.601301,43,38.95,3622.35,7.0453,,,
N532,Åvella,4.1,,HDAM,NO,60.800769,10.112389,335,0,0,11.4619,,,
N526,Åmot,1.8,,HDAM,NO,60.782664,10.647478,56,0,0,12.8289,,,
N46,Brufoss,2.2,,HDAM,NO,60.790333,10.678292,32.5,,,10.9361,,,
N621,Høgfallet,1.1,,HDAM,NO,60.883318,10.645331,38.5,,,5.1525,,,
N342,Roppa,5,,HDAM,NO,61.240405,10.058534,473,13.7,14617.9,31.2314,,,
N331,Raua,1.1,,HDAM,NO,61.271742,10.132687,391.7,5,3815,5.1525,,,
N467,Tyria I,3.3,,HDAM,NO,61.114006,10.671124,176,,,15.8785,,,
N468,Tyria II,2.2,,HDAM,NO,61.124574,10.695165,114,18.7,4375.8,9.9898,,,
N504,Vinkelfallet,7.1,,HDAM,NO,61.532876,10.141178,109,0,0,26.8148,,,
N416,Svelgen I,9.1,,HDAM,NO,61.771111,5.297622,223,10.7,5414.2,52.6506,,,
N386,Skorge,1.8,,HDAM,NO,61.999016,5.45904,340,14.9,10623.7,6.7634,,,
N608,Dale,5.2,,HDAM,NO,62.063379,5.926892,619,6.3,9097.2,25.0363,,,
N425,Sørbrandal,9.5,,HDAM,NO,62.166187,5.568515,369,30.2,26636.4,41.76,,,
N109,Gjerdsvika,4,,HDAM,NO,62.256071,5.583926,196,22.5,10957.5,10.1611,,,
N475,Ulsteindal,1.3,,HDAM,NO,62.364845,5.846927,195,2.9,1307.9,5.4471,,,
N213,Kopa,2.6,,HDAM,NO,62.033469,6.39558,83.3,6.5,1228.5,16.1322,,,
N208,Kolfossen,2.7,,HDAM,NO,62.048644,6.393757,46,2.1,174.3,14.4072,,,
N492,Vatne,3,,HDAM,NO,62.140217,6.249948,90,0,0,17.1797,,,
N27,Bjørdal,4.3,,HDAM,NO,62.134077,6.298791,291,11.69,7353.01,27.76,,,
N300,Nedre Tessa 1,7,,HDAM,NO,61.846025,8.96078,146.5,0,0,17.9816,,,
N185,Istad,4.8,,HDAM,NO,62.805201,7.700295,158,,,24,,,
N119,Grønnedal,1.76,,HDAM,NO,62.840822,7.701925,60,16.95,2593.35,6.66,,,
N372,Skar,2.9,,HDAM,NO,62.833476,8.300592,148.8,16.1,5635,13.5133,,,
N334,Reinset,4.9,,HDAM,NO,62.804585,8.502891,263.6,10.5,5712,16.6559,,,
N626,Angvik,1.1,,HDAM,NO,62.891387,8.083062,56,,,4.9233,,,
N487,Valsøyfjord,4.28,,HDAM,NO,63.121025,8.568069,187,0,0,19.2096,,,
N75,Einunna,9,,HDAM,NO,62.231331,10.342027,123,85,22100,42.6934,,,
N356,Sama,7.9,,HDAM,NO,63.111583,10.601726,52.47,120,15960,26.071,,,
N43,Brekke,8,,HDAM,NO,59.148451,11.556397,26.6,25.31,1493.29,36.4892,,,
N42,Brekke,1.5,,HDAM,NO,59.438701,11.225482,15,,,5.5544,,,
N105,Gapestad,1.5,,HDAM,NO,59.435697,11.241683,15.5,,,5.5544,,,
N49,Buer,1.5,,HDAM,NO,59.433144,11.279994,16,,,5.3448,,,
N513,Ørje,1.75,,HDAM,NO,59.480771,11.652347,9.5,64.9,1557.6,9.7464,,,
N261,Mago D,1.6,,HDAM,NO,60.320995,11.26002,8,,,6.3093,,,
N51,Bøhnsdalen,3,,HDAM,NO,60.286995,11.194128,18.2,121.7,4502.9,11.5672,,,
N376,Skjefstadfoss I,4,,HDAM,NO,60.826503,11.610549,9.39,,,11.6723,,,
N221,Kvernfallet,1.1,,HDAM,NO,61.195979,11.54901,18,,,2.2082,,,
N324,Osfallet,5.6,,HDAM,NO,61.201663,11.506418,40.79,,,8.2021,,,
N168,Hylla,2.9,,HDAM,NO,61.665298,12.018904,320,1.05,767.55,8.5176,,,
N347,Røstefoss,3,,HDAM,NO,62.507535,11.263389,9.5,,,20.4002,,,
N614,Haukvik,2.6,,HDAM,NO,63.195269,8.930589,300,2.5,1805,10.3471,,,
N378,Skjenaldfossen,5.8,,HDAM,NO,63.293668,9.728589,63.6,39.8,5970,22.419,,,
N259,Løkaunet,9.3,,HDAM,NO,63.268184,10.458287,52,0,0,7.2792,,,
N516,Øvre Leirfoss,3.1,,HDAM,NO,63.372869,10.407425,34,,,23.253,,,
N295,Nedre Leirfoss,2.4,,HDAM,NO,63.381842,10.396675,27,,,18.4002,,,
N188,Julskaret,7,,HDAM,NO,63.140481,10.968042,106.8,65,15795,26.781,,,
N132,Hasselelva,1.1,,HDAM,NO,63.650952,9.904441,60,4.5,598.5,4.0577,,,
N437,Teksdal,2.5,,HDAM,NO,63.848701,9.890697,42,37.5,3075,13.6949,,,
N502,Vik,1.2,,HDAM,NO,64.241997,10.390436,87,4,780,7.4053,,,
N237,Langåsfoss,1.13,,HDAM,NO,63.715896,11.352543,80,4.6,782,5.5021,,,
N472,Ulefoss,2.1,,HDAM,NO,64.830095,11.933663,29,,,15.4059,,,
N613,Salsbruket,1.5,,HDAM,NO,64.801645,11.862156,15.3,0,0,11.0042,,,
N244,Liavatn,1.8,,HDAM,NO,64.843237,11.971394,56.09,82.6,9168.6,9.8038,,,
N243,Liafoss,2.9,,HDAM,NO,64.838852,11.95325,45.59,73.8,7453.8,24.7096,,,
N617,Hansfoss,1.3,,HDAM,NO,63.72116,11.450426,48,7.4,851,7.903,,,
N340,Riksheim,5.3,,HDAM,NO,62.35265,6.559334,258.74,0,0,17.4941,,,
N630,Lekum,1.5,,HDAM,NO,59.522939,11.245471,31.39,,,5.7835,,,
N622,Ål,3.2,,HDAM,NO,60.650263,8.612254,30.5,,,13.4144,,,
N565,Skjærlivatn,2.6,,HDAM,NO,64.227295,10.406153,121,8.2,2468.2,7.7096,,,
N736,Tafjord 6,1.8,,HDAM,NO,62.133172,7.559238,36,68,6324,5.22,,,
N735,Hjelmeland,6,,HDAM,NO,59.223845,6.219298,145,2,698,21.4342,,,
N746,Byafossen,6,,HDAM,NO,64.038142,11.552689,8,0,0,34.8,,,
N745,Scheldefoss,1.4,,HDAM,NO,64.46592,10.946658,22.5,10,490,7.1027,,,
N277,Morkenfoss,2.1,,HDAM,NO,64.429329,10.959254,50.5,14.2,1661.4,11.5044,,,
N750,Skree,6.9,,HDAM,NO,59.353813,8.079771,55.1,0,0,31.9675,,,
N754,Fossheim,8.32,,HDAM,NO,61.579621,6.502653,326,0,0,38.8115,,,
N728,Raubergfossen,2.7,,HDAM,NO,62.943292,11.107585,61.5,6,876,11.6265,,,
N738,Storfallet,2.7,,HDAM,NO,61.371819,11.104129,71.4,0,0,8.4125,,,
N752,Kinso,4.1,,HDAM,NO,60.351842,6.757931,111,,,21.1,,,
N757,Gausbu,7.2,,HDAM,NO,59.367561,7.892581,88,116.8,24528,33.4396,,,
N763,Sundfossen,2.2,,HDAM,NO,64.078223,11.63216,4.4,165,1650,13.4051,,,
N760,Skonningsfoss,2.4,,HDAM,NO,59.126285,11.41814,7.69,,,12.6187,,,
N89,Flittig,5.5,,HDAM,NO,59.323002,9.53647,146,23.71,8630.44,44.3,,,
N771,Tveitafoss,1.7,,HDAM,NO,60.417834,7.190307,62,,,7.1783,,,
N773,Ramstaddal,1.2,,HDAM,NO,62.398629,6.800512,380,0.81,749.25,3.2364,,,
N779,Staffi,3.8,,HDAM,NO,59.866907,6.087541,214,5.7,3009.6,16.4076,,,
N777,Eid,9.6,,HDAM,NO,60.720717,9.713376,12.5,0,0,55.4174,,,
N764,Vestrebotn,2.8,,HDAM,NO,60.995104,5.722891,78.7,47.6,9234.4,15.816,,,
N766,Meisal II,4.1,,HDAM,NO,62.788628,8.232293,605,2.5,3560,24.6174,,,
N81,Fausa II,7,,HDAM,NO,62.357548,6.894803,330,15.6,10576.8,44.1018,,,
N780,Fossan,2.5,,HDAM,NO,63.027127,11.70028,28,50,3450,13.1876,,,
N627,Ulvilla,1.1,,HDAM,NO,63.796846,11.816394,84.5,14.8,3004.4,5.8022,,,
N350,Sagbergfossen,1.2,,HDAM,NO,63.244057,10.16954,26.6,19.7,1103.2,3.9562,,,
N270,Midtre Tessa,7,,HDAM,NO,61.842305,8.960191,159.5,,,18.2971,,,
N744,Fossheimfoss,1.9,,HDAM,NO,61.029947,9.049017,6.69,92.3,1476.8,9.3588,,,
N770,Hellandsfossen,2.5,,HDAM,NO,60.832358,5.883056,31,,,8.2037,,,
N280,Hattebergsdalen,4.96,,HDAM,NO,59.97063,6.063545,155.5,6.3,2394,24.528,,,
N783,Stadheim,4.53,,HDAM,NO,62.073573,6.91285,64.25,,,25.578,,,
N784,Åsedøla,1.49,,HDAM,NO,61.520443,5.795499,,,,5.7035,,,
N785,Svartkulp,3.9,,HDAM,NO,59.729116,6.627519,,103.1,10619.3,21.567,,,
N781,Blåfalli V,8.1,,HDAM,NO,59.919097,6.187562,56,102,13260,26.572,,,
N786,Moelv,1.2,,HDAM,NO,60.943698,10.745986,57,15.5,2061.5,6.288,,,
N782,Juvfossen,7,,HDAM,NO,62.246257,6.890173,172,,,25.056,,,
N789,Tysseland,4.8,,HDAM,NO,59.507622,6.218006,225,,,24.5,,,
N790,Lindland,8.1,,HDAM,NO,58.358826,6.300171,106,18.8,4662.4,37.999,,,
N351,Sage,8.9,,HDAM,NO,61.482112,7.440386,340,7.05,5809.2,44.0725,,,
N787,Ågjølet,1.34,,HDAM,NO,61.557977,6.336555,49,,,6.5,,,
N793,Austdøla,1.3,,HDAM,NO,59.94946,6.616404,147,,,6,,,
N788,Veiteberg,2.07,,HDAM,NO,61.618866,6.642294,169,,,6.9479,,,
N792,Befring,4.5,,HDAM,NO,61.609102,6.635326,281,,,23.4362,,,
N48,Brødbølfoss,2.4,,HDAM,NO,60.033452,12.371142,40,19,1558,13.8805,,,
N355,Sagnfossen,6.2,,HDAM,NO,61.161438,12.44547,9.5,,,36.4704,,,
N515,Øvre Fiskumfoss,7.6,,HDAM,NO,64.556298,12.4777,6.69,,,55.7217,,,
N459,Tunnsjøfoss,8.5,,HDAM,NO,64.690137,13.215878,8.1,440,7920,30.1116,,,
N233,Langfjord,9,,HDAM,NO,65.375988,12.699796,255,3.2,2000,38.874,,,
N182,Ildgrubfossen,6.5,,HDAM,NO,66.300896,14.350961,220,7,3451,31.713,,,
N333,Reinfossen,3.4,,HDAM,NO,66.349608,14.342784,30,,,6.364,,,
N304,Neverdalsåga,2.1,,HDAM,NO,66.822241,13.980626,213,22.8,9484.8,12.3177,,,
N258,Lysvatn,4.1,,HDAM,NO,66.875106,13.84261,284,28,19936,27.3042,,,
N235,Langvatn,5.4,,HDAM,NO,66.887296,14.153085,60.59,55.2,7617.6,29.7678,,,
N368,Sjøfossen,6.5,,HDAM,NO,66.970862,14.146661,55,0,0,20.6321,,,
N62,Dragefossen,3.3,,HDAM,NO,67.023919,15.321611,100,5.6,1344,9.5462,,,
N438,Tennesvatn,1.5,,HDAM,NO,67.939616,12.981575,238,7,3647,4.4138,,,
N395,Solbjørn,4.2,,HDAM,NO,68.004201,13.161108,84,45.5,6461,6.4667,,,
N220,Kvarv,2.2,,HDAM,NO,67.466473,15.58268,238.8,2.1,1068.9,9.61,,,
N452,Trollfjord I,3.2,,HDAM,NO,68.362655,14.930794,178,17,7191,13.4,,,
N453,Trollfjord II,1.4,,HDAM,NO,68.365216,14.936124,450,3.6,3499.2,4.1059,,,
N84,Fiskefjord,1.5,,HDAM,NO,68.561862,15.362692,60,6.5,929.5,5.4403,,,
N61,Djupfjord II,2.6,,HDAM,NO,68.586646,15.514319,109,15.6,3400.8,8.1091,,,
N60,Djupfjord I,5.1,,HDAM,NO,68.602589,15.47339,146,9.6,3398.4,23.529,,,
N405,Strielv,1.7,,HDAM,NO,68.610897,15.46858,320.5,1.6,1259.2,7.4932,,,
N490,Vangpollen,3.5,,HDAM,NO,68.611578,15.58176,313,13.4,9299.6,15.1918,,,
N428,Sørfjord II,4,,HDAM,NO,68.037607,16.690698,60.5,5.2,707.2,12.9335,,,
N148,Hjertvatn,2.5,,HDAM,NO,68.237491,16.747107,194.9,23,7429,6.2614,,,
N28,Bjørkåsen,3.68,,HDAM,NO,68.327861,16.786002,82.5,50,8750,21.6586,,,
N140,Helleren,2.4,,HDAM,NO,68.656459,17.210097,20,0,0,9.6862,,,
N382,Skoddeberg,6.78,,HDAM,NO,68.625246,17.260847,70,56,9968,26.988,,,
N253,Lovik,1.2,,HDAM,NO,68.927248,15.776617,92,13.5,2497.5,4.5164,,,
N594,Sør-Forså,1.1,,HDAM,NO,68.737853,16.962374,155,6.5,2476.5,6.4573,,,
N106,Gausvik I,3,,HDAM,NO,68.608998,16.493108,64,,,12.6024,,,
N308,Nord-Forså,1.1,,HDAM,NO,68.743004,17.004117,236,5.4,3299.4,7.6031,,,
N326,Osteren,2.5,,HDAM,NO,69.311689,17.166028,136.89,5.4,1787.4,14.8938,,,
N20,Bergsbotn,7.9,,HDAM,NO,69.433207,17.483038,354.1,25.8,21749.4,34.7871,,,
N256,Lysbotn,5.35,,HDAM,NO,69.387032,17.797773,106,38.4,8256,29.8944,,,
N759,Svabo,3.2,,HDAM,NO,66.303985,14.187881,105,20,5080,22.1718,,,
N211,Kongsmarka,2.5,,HDAM,NO,68.241911,14.479522,196,13,6006,8.5197,,,
N216,Krokvatn,2,,HDAM,NO,67.939458,12.981879,344,16.5,11451,10.0594,,,
N224,Kvitfossen,1.8,,HDAM,NO,68.326808,14.652225,240,5.4,2700,6.364,,,
N791,Forsland,7,,HDAM,NO,66.074163,13.047689,80,2,380,28.644,,,
N240,Lavkajohka,8.7,,HDAM,NO,69.235588,20.523863,133,61.1,19918.6,28.1212,,,
N344,Rottenvik,5.49,,HDAM,NO,69.600545,20.27112,448.84,4.6,4678.2,19.722,,,
N198,Kildalen,8.2,,HDAM,NO,69.665984,21.10666,193.69,9.8,4106.2,27.9129,,,
N364,Sikkajokk,1.9,,HDAM,NO,69.809345,20.753318,327,6.4,4224,8.3322,,,
N374,Skarsfjord,4,,HDAM,NO,69.963365,18.907725,152.1,34.6,12802,20.6102,,,
N238,Lassajavrri,7.2,,HDAM,NO,69.658857,22.217542,146,71.7,23230.8,31.3499,,,
N615,Corrojavrrit,1.7,,HDAM,NO,69.691613,22.160841,42,61.2,6120,11.7692,,,
N229,Kåven,4.5,,HDAM,NO,70.117984,22.796744,115,35,8260,17.8143,,,
N519,Øvre Porsa,1.7,,HDAM,NO,70.382999,23.702772,55,40,4160,11.0124,,,
N127,Hammerfest,1.1,,HDAM,NO,70.657936,23.714418,88,10.6,1802,6.046,,,
N737,Mattisfoss,2.3,,HDAM,NO,69.916531,23.013535,56,2.7,359.1,16.1948,,,
N254,Luostejok,2.58,,HDAM,NO,69.829488,25.167116,28.3,31.6,2275.2,11.2283,,,
N104,Gandvik,4.8,,HDAM,NO,70.014732,29.115253,184,50.7,19823.7,21.5931,,,
N210,Kongsfjord I,4.4,,HDAM,NO,70.598729,29.057905,70.5,88.1,14712.7,19.2604,,,
N207,Kobbholm,3.2,,HDAM,NO,69.762373,30.706416,112.5,22.5,6255,16,,,
N339,Repvåg,4.4,,HDAM,NO,70.773547,25.616486,172,28.3,12367.1,24.6161,,,
N797,Stølskraft,1.34,,HDAM,NO,58.722816,6.06496,106,,,9,,,
N810,Nedre Bersåvatn,4.1,,HDAM,NO,60.168571,6.671918,65,96.9,14728.8,20.0312,,,
N809,Øvre Bersåvatn,5.5,,HDAM,NO,60.181651,6.693228,159,45,17190,21.5642,,,
N820,Furebø,1.08,,HDAM,NO,61.484726,5.956325,205,,,5.2,,,
N796,Horpedal,2.5,,HDAM,NO,61.423472,6.769832,174,,,14.2,,,
N823,Sagevikelv,4.45,,HDAM,NO,61.361474,5.561724,306.5,,,17.7,,,
N819,Brekkestøl,1.44,,HDAM,NO,58.801176,6.263441,309,0.83,585.98,9.15,,,
N825,Rivedal,3.2,,HDAM,NO,61.374426,5.261655,235,,,15,,,
N817,Arneselv,2.4,,HDAM,NO,68.346207,16.928123,412.8,0.52,495.04,8,,,
N808,Andåsfossen,2,,HDAM,NO,65.822425,13.259879,,0,0,6.6495,,,
N821,Ryssdal,1.25,,HDAM,NO,61.744363,6.278485,197,,,5.9,,,
N818,Gilja,1.44,,HDAM,NO,58.802102,6.274542,228,,,7.6,,,
N800,Riksheimdal,4.5,,HDAM,NO,62.340278,6.531834,395,8,7688,18.4788,,,
N805,Årøy I,4,,HDAM,NO,61.276639,7.157259,130,,,0,,,
N798,Vikeså,4.4,,HDAM,NO,58.640929,6.08579,106.8,,,16.4,,,
N803,Neselva,4.9,,HDAM,NO,61.694729,6.373533,132,,,17.629,,,
N795,Vedeld,3.9,,HDAM,NO,62.182051,5.793378,133,,,13.572,,,
N813,Helganes,3.47,,HDAM,NO,59.499145,6.57497,208,,,9.243,,,
N812,Kongsfoss,2.9,,HDAM,NO,59.89513,9.911384,14.65,,,12.6808,,,
N814,Bjørgum,5.5,,HDAM,NO,59.100929,7.538773,295,,,17.561,,,
N807,Sandal og Fossheim,2.7,,HDAM,NO,61.746998,6.58131,63,,,13.3,,,
N816,Kjetland,1.5,,HDAM,NO,60.830719,5.530036,127,,,5,,,
N309,Norddalen,7.5,,HDAM,NO,68.174304,17.919127,91,155,31465,39.93,,,
N180,Hålandsfoss,4.85,,HDAM,NO,61.330877,5.413983,60,7,945,22.5794,,,
N88,Flatenfoss 3,7.1,,HDAM,NO,58.629862,8.687982,10.38,25.4,609.6,46.2784,,,
N775,Flatenfoss 2,5.5,,HDAM,NO,58.629922,8.688104,10.38,0,0,35.8451,,,
N289,Mårøyfjord,4.4,,HDAM,NO,70.751421,27.355047,225.3,13.8,6748.2,22.5648,,,
N830,Grytfossen,1.13,,HDAM,NO,60.998858,9.927763,52,,,3.3,,,
N134,Haukeli,4.9,,HDAM,NO,59.732555,7.544277,268,32.1,20415.6,38,,,
N525,Åmli-Nidelv,5.8,,HDAM,NO,58.767697,8.48176,5.5,,,27.6749,,,
N794,Stegaros,2.4,,HDAM,NO,60.083394,8.286923,37,321,17976,12.2616,,,
N125,Hakavik,6.5,,HDAM,NO,59.624806,9.953291,388.5,27.7,22741.7,26.2,,,
N836,Dale,2.95,,HDAM,NO,61.267563,6.51317,265,,,12,,,
N839,Nydal,1.44,,HDAM,NO,61.420546,6.109239,190,,,7.3,,,
N832,Tveiteåno,1.45,,HDAM,NO,59.508458,6.565476,331,0,0,4.5,,,
N835,Joka,1.5,,HDAM,NO,61.058568,6.921619,66,,,7.8,,,
N840,Skjåstad,2,,HDAM,NO,62.069652,6.467722,226,,,6.5,,,
N837,Urlandåga,1.6,,HDAM,NO,66.221786,13.852161,240,,,6.6,,,
N838,Straumane,1.45,,HDAM,NO,61.792347,5.354404,38,34.9,2931.6,8,,,
N841,Hestdal,1.1,,HDAM,NO,63.600235,10.457559,120,0,0,4.8,,,
N831,Storebekk,2,,HDAM,NO,58.652959,7.604964,280,,,6.5,,,
N834,Hugla,1.35,,HDAM,NO,61.03995,6.61939,142.5,,,5.5,,,
N1224,Eidsdal,6.08,,HDAM,NO,62.225603,7.143688,196,,,25,,,
N845,Ryssdal,1.95,,HDAM,NO,62.738529,8.313843,218,,,7.1,,,
N844,Jordal,4.95,,HDAM,NO,62.754863,8.315464,195,,,21.4,,,
N1226,Gaudøla,2,,HDAM,NO,62.685993,8.416823,159,,,5,,,
N1223,Svartdalen,7.5,,HDAM,NO,60.790566,5.418863,380.5,,,25,,,
N1227,Bøen I,1.8,,HDAM,NO,59.158366,6.211102,91,,,5,,,
N1228,Kvitefella,1.3,,HDAM,NO,61.78202,6.109528,203,,,5.9,,,
N1229,Ufysja,1.5,,HDAM,NO,60.467799,8.220766,163,,,6,,,
N1230,Sundal,4.2,,HDAM,NO,62.048707,6.332186,270,,,16,,,
N1218,Røyrvatn,2.7,,HDAM,NO,67.313709,15.676233,109,17,4726,13.5,,,
N1182,Kvinesdal,1.3,,HDAM,NO,58.329868,6.955235,278,2.37,1426.74,5.7,,,
N846,Kløvtveit,8.9,,HDAM,NO,60.976254,5.280915,384,18.3,17403.3,43.3466,,,
N1231,Vindedal,5.4,,HDAM,NO,61.121005,7.330941,300,,,15,,,
N1235,Oftedal I,3,,HDAM,NO,58.542325,6.734958,265,0.93,553.35,13.3,,,
N1233,Folkestad,1.85,,HDAM,NO,62.117936,6.027581,210,,,8,,,
N1236,Nordvik,4.63,,HDAM,NO,62.869929,8.622095,375,,,15.9,,,
N1237,Trollelva,1.25,,HDAM,NO,61.801628,6.50884,330,,,4.8,,,
N848,Uleberg,9.4,,HDAM,NO,58.600174,7.673136,179.5,12.6,5355,38,,,
N843,Ytre Matre,3.3,,HDAM,NO,59.823114,5.987583,270,,,11.5,,,
N1238,Trandal,8,,HDAM,NO,62.262534,6.5004,442,,,26.1,,,
N1239,Kviven,1.55,,HDAM,NO,62.040751,6.422209,223,,,6,,,
N1240,Virak,1.4,,HDAM,NO,58.581145,6.694996,80,,,4.6,,,
N1241,Flatlandsåi,1.3,,HDAM,NO,59.353511,8.304674,348,,,5.2,,,
N1242,Bjørndalselva,5.3,,HDAM,NO,61.5096,6.287082,327,,,17.4,,,
N1243,Rongkleiv,3,,HDAM,NO,61.664138,5.912952,190,,,11.28,,,
N1246,Håvardsvatn,5,,HDAM,NO,60.10165,6.913308,60,130,21190,20.44,,,
N1251,Nordåni,1.2,,HDAM,NO,58.863815,7.818622,180,,,4.5,,,
N842,Rødne,9,,HDAM,NO,59.562936,5.871519,245,,,36,,,
N1253,Dirdal,1.6,,HDAM,NO,58.836818,6.17161,413,0.4,368,6,,,
N1254,Tjøstheim,4.16,,HDAM,NO,59.473793,6.473523,405,,,12,,,
N1255,Hjelledøla,1.1,,HDAM,NO,61.920762,7.183094,67,,,6.8,,,
N1244,Nørståe,1.5,,HDAM,NO,60.037367,9.146297,130,,,4.3,,,
N1222,Tafjord 7 (Fagerbotnvatn),1.1,,HDAM,NO,62.139792,7.439704,225,6,3054,3.9,,,
N1221,Tafjord 7 (Fetvatn),2.15,,HDAM,NO,62.139844,7.439766,127.7,10.3,2801.6,8.2,,,
N1245,Nordlandselva,2,,HDAM,NO,67.073905,14.572181,172,,,9.5,,,
N976,Tyssefossen,2.8,,HDAM,NO,60.375235,5.758082,21,,,22.9,,,
N1249,Røylandsfoss,1.33,,HDAM,NO,58.538755,7.029647,40,,,4.2,,,
N1247,Brekkefossen,3.9,,HDAM,NO,61.72512,5.840273,68,,,18.01,,,
N1248,Gryto,3.5,,HDAM,NO,60.414314,6.25049,350,,,12,,,
N1256,Suvdal (Kleppsvatn),1.5,,HDAM,NO,59.161687,8.730756,101.8,21.2,4854.8,5,,,
N1257,Suvdal (Buvasselva),1.35,,HDAM,NO,59.161682,8.73069,97.2,3.8,839.8,5,,,
N1318,Engeset,5.1,,HDAM,NO,62.264103,6.860074,128,,,18,,,
N1325,Stråpa,4.4,,HDAM,NO,59.481818,6.510938,457,,,13.3,,,
N1353,Vågen,4.9,,HDAM,NO,62.114402,6.540055,267,,,20,,,
N1350,Furset,4.95,,HDAM,NO,62.282863,6.884733,289.5,,,15,,,
N1349,Gjerde,1.7,,HDAM,NO,60.129321,6.322653,412,0,0,5.65,,,
N1342,Gjetingsdalen,2.2,,HDAM,NO,60.138493,6.240125,248,,,9.7,,,
N1345,Øyrabekken,2,,HDAM,NO,60.126436,6.168048,300,,,8.8,,,
N1336,Pålsbu,6.2,,HDAM,NO,60.433067,8.734342,13,335,10720,22,,,
N1207,Bergsfjord,1.1,,HDAM,NO,70.249593,21.790286,83.7,4.8,897.6,4,,,
N1366,Dauremål,4.95,,HDAM,NO,61.829094,5.78213,172.35,53,22101,14.5,,,
N1367,Bjørndalen,4.95,,HDAM,NO,61.821713,5.799066,101.6,60,15000,27,,,
N1333,Boge 1,1.35,,HDAM,NO,60.463877,5.740612,209,,,6.1,,,
N1343,Hisvatn,3.6,,HDAM,NO,58.609254,6.895574,221,0.6,324,14,,,
N1346,Oftedal II,5,,HDAM,NO,58.542997,6.709784,130,,,21.9,,,
N1347,Nordsvorka,2.34,,HDAM,NO,63.032446,8.836884,39.3,26.2,2436.6,12.3,,,
N1377,Fossmark,2.04,,HDAM,NO,58.976905,6.24297,140,,,7,,,
N1374,Kittilsviken,1.9,,HDAM,NO,60.390558,9.612167,160,,,6.8,,,
N1373,Jora,1.35,,HDAM,NO,62.961013,9.794758,351,0,,5,,,
N1372,Gautvella,1.72,,HDAM,NO,62.832482,9.894929,285,0,0,5,,,
N1378,Egge,5,,HDAM,NO,61.683966,6.521126,322,,,19,,,
N1341,Skolten,1.3,,HDAM,NO,61.530776,5.459455,75,,,6.3,,,
N1361,Kråkenes,2.16,,HDAM,NO,61.488896,5.705878,294,,,9,,,
N1357,Hjelle,2.85,,HDAM,NO,61.696472,6.522456,19,,,11.4,,,
N1370,Stølslia,1.5,,HDAM,NO,61.41038,6.092171,140,,,5.1,,,
N1369,Helle,1.3,,HDAM,NO,58.296326,7.349839,107,,,3,,,
N1376,Steine,1.9,,HDAM,NO,59.48998,6.439484,190,,,6.5,,,
N849,Geisdøla,1.27,,HDAM,NO,61.61084,7.296882,79,,,4,,,
N1394,Skinvik,1.2,,HDAM,NO,62.063263,6.296395,96,,,5.4,,,
N1403,Mølnelva,1.2,,HDAM,NO,69.015515,17.921611,99,,,5,,,
N1384,Rafdal (Heimeelva),2,,HDAM,NO,59.788141,6.178043,497,,,7.6,,,
N1381,Sevre,4.8,,HDAM,NO,60.470494,9.22888,190,,,17,,,
N1382,Øyadalen,2,,HDAM,NO,62.2289,6.289395,408.8,0,0,9,,,
N1388,Gire,2.38,,HDAM,NO,60.501992,9.136954,203,,,7,,,
N1364,Bulko,2.35,,HDAM,NO,60.584634,6.612291,131,,,7.6,,,
N1418,Ekkjestølen,4,,HDAM,NO,59.791456,6.767096,,,,17.1,,,
N1411,Årvik,5.25,,HDAM,NO,60.17154,6.108996,206,,,17.4,,,
N1401,Ytre Alsåker,4.9,,HDAM,NO,60.384801,6.499802,216,,,19.7,,,
N1463,Boge 2,1.25,,HDAM,NO,60.462346,5.750458,261.66,0.72,416.88,5.5,,,
N1404,Reinskar,9.6,,HDAM,NO,66.944213,14.122051,126,10,2960,44,,,
N1352,Urke,8,,HDAM,NO,62.212377,6.567568,353.5,,,26.8,,,
N1387,Lya,5.49,,HDAM,NO,60.664311,8.680959,184,,,20.8,,,
N1379,Vassfossen,5.5,,HDAM,NO,58.661989,8.062375,134,44,14960,26,,,
N1435,Kvernstad,2.75,,HDAM,NO,63.446036,9.362723,280.5,0,,16.6,,,
N1406,Drivdal,2.3,,HDAM,NO,58.32219,6.538469,,0.2,,8.5,,,
N1407,Ormhaugfossen,1.2,,HDAM,NO,62.6389,11.39671,5.5,,,7.6,,,
N1409,Kistafossen,1.6,,HDAM,NO,66.624658,13.410058,,,,6,,,
N1410,Vanndøla,3.8,,HDAM,NO,61.599953,7.292476,510,,,12,,,
N1412,Reinli,3.1,,HDAM,NO,60.827475,9.518793,,,,10,,,
N1419,Steinsvik,8.2,,HDAM,NO,61.999557,5.854637,692,3.36,5533.92,35.7,,,
N1423,Gisnafallet,2.9,,HDAM,NO,62.694766,9.941145,85,,,8,,,
N1424,Skromma,2.3,,HDAM,NO,66.934494,13.775822,,0,,9.7,,,
N1425,Jardøla,5,,HDAM,NO,61.75292,6.220738,322,,,16.2,,,
N1398,Fosstveit,1.99,,HDAM,NO,58.641346,8.904489,,,,8,,,
N1434,Skjerdal,5.3,,HDAM,NO,61.834041,5.974903,,,,24.4,,,
N1417,Vikaelva,4.14,,HDAM,NO,59.793494,6.094221,401,,,15,,,
N1436,Sylsjø,3.3,,HDAM,NO,62.930266,12.151988,,187,8602,8,,,
N1437,Ljøsåa,2.6,,HDAM,NO,62.669795,8.374669,373,,,7.1,,,
N1438,Heina,2.8,,HDAM,NO,62.771261,8.001129,,,,8,,,
N1440,Glesåa,2.1,,HDAM,NO,61.406738,11.362926,204,,,6.7,,,
N1441,Årdal Øvre,3.5,,HDAM,NO,61.671474,6.424681,371.1,,,11,,,
N1400,Smådøla,1.4,,HDAM,NO,60.26508,8.931374,172,,,4.5,,,
N1448,Usma,5.49,,HDAM,NO,62.633769,8.299117,125,,,17.1,,,
N1515,Ridøla,1.9,,HDAM,NO,60.653285,8.776652,172,,,5.1,,,
N1420,Rødberg,2.9,,HDAM,NO,60.263113,8.976154,60.66,,,15.5,,,
N1433,Veka,3,,HDAM,NO,59.503556,6.535517,506,,,9,,,
N1446,Tveitaskar,4.2,,HDAM,NO,60.294347,5.923721,300,,,10,,,
N1447,Bergstø,2.9,,HDAM,NO,59.906073,6.497474,240,,,9,,,
N1456,Steindøla,2.6,,HDAM,NO,61.869634,6.531826,270.95,,,7.8,,,
N1457,Stølsdalselva,7.5,,HDAM,NO,60.280322,6.289923,192,,,21,,,
N1458,Grytåga Småkraftverk,1.3,,HDAM,NO,65.803165,12.729619,189.3,,,9,,,
N1462,Virakelva,5,,HDAM,NO,68.377169,17.123301,320,0,0,14.1,,,
N1464,Færåsen,1.43,,HDAM,NO,58.234686,7.29392,54.9,8.4,1108.8,5.7,,,
N1465,Kvåle,4.6,,HDAM,NO,61.446943,7.46087,112,,,17.6,,,
N1194,Gaula,3,,HDAM,NO,62.802846,11.370119,79.4,,,16,,,
N1391,Vesleåni,1.65,,HDAM,NO,60.441857,9.465977,353,,,4.9,,,
N1475,Litlelva,1.36,,HDAM,NO,64.86708,12.885046,140,,,4.4,,,
N1479,Gryta,1.49,,HDAM,NO,63.055594,9.177448,223,,,4.6,,,
N1480,Julfoss,2.4,,HDAM,NO,63.41285,10.944374,58,,,8,,,
N1402,Spilling,1.25,,HDAM,NO,58.159749,7.365916,116.8,,,4,,,
N1489,Havdal,2.3,,HDAM,NO,64.641974,13.693305,51.5,0,0,10,,,
N1493,Kaupanger 3,5.1,,HDAM,NO,61.198121,7.224067,392,,,10.3,,,
N1497,Årdal Nedre,2.8,,HDAM,NO,61.675811,6.403249,179,,,7.3,,,
N1500,Fall,5.5,,HDAM,NO,60.678333,10.352728,,12,,19,,,
N1514,Kleiva,3.9,,HDAM,NO,59.739328,6.518956,74,84.6,10152,11,,,
N1459,Reingardsåga,2.4,,HDAM,NO,66.441763,14.259013,196,,,7.3,,,
N1520,Gravbrøtfoss,2.1,,HDAM,NO,64.273359,12.547991,59,,,10.2,,,
N1383,Myklebust,2,,HDAM,NO,62.202921,6.253809,256,,,5.73,,,
N1521,Kandal,4.8,,HDAM,NO,61.671548,6.379287,206,,,18,,,
N1537,Hjorteland (Fjellbergsåno),1.75,,HDAM,NO,59.374836,6.44944,210,,,4.35,,,
N1539,Jøssingfjord,4.5,,HDAM,NO,58.326221,6.351906,,6.38,,16,,,
N1445,Gyl,1.38,,HDAM,NO,62.953051,8.133037,318.6,0,,5.8,,,
N1491,Frammarsvik,2.4,,HDAM,NO,61.483854,5.632228,308,,,8.4,,,
N1492,Kvannvatn,4.04,,HDAM,NO,66.417748,14.522988,301,,,17.05,,,
N1474,Krokevatn,3.3,,HDAM,NO,60.983711,5.698632,78,39.6,7246.8,13,,,
N1450,Rasdalen,5.2,,HDAM,NO,60.636289,5.963677,280,,,19,,,
N1569,Sanddal,2.5,,HDAM,NO,61.511391,6.267018,176.1,,,11.4,,,
N1427,Lauvsnes,1.4,,HDAM,NO,64.499178,10.912808,16.5,0,0,7.3,,,
N1431,Tinfos II,3.5,,HDAM,NO,59.565626,9.26308,29,,,10,,,
N1585,Harstveitbekken,1.8,,HDAM,NO,58.85675,8.340047,240,,,5.5,,,
N1329,Stedjeåna,1.2,,HDAM,NO,58.881998,8.246006,,,,3.9,,,
N930,Høydal,1.1,,HDAM,NO,62.060805,6.212234,,,,5.7,,,
N1319,Hyelva,1.33,,HDAM,NO,61.569374,5.778102,,,,4.4,,,
N1344,Stuttgongfossen,1.2,,HDAM,NO,61.618305,8.977755,24,,,7.5,,,
N1322,Sørdalselva,1.15,,HDAM,NO,60.778292,5.947597,,,,3.5,,,
N954,Dalane,1.44,,HDAM,NO,61.915478,6.584474,118.3,4.1,1172.6,4.2,,,
N1234,Buset,1.2,,HDAM,NO,62.274836,6.158416,,,,4.91,,,
N920,Vikdalskraft,1.1,,HDAM,NO,62.497592,7.597803,,,,4.5,,,
N1154,Åsa,1.44,,HDAM,NO,60.124305,10.364395,330,3,2400,3.5,,,
N1026,Vorma,1.59,,HDAM,NO,63.192274,9.757321,82,7.2,1324.8,8.2,,,
N897,Langli,1.2,,HDAM,NO,62.825492,7.705525,42,,,4.5,,,
N1168,Holsfossen,2.2,,HDAM,NO,61.219789,10.197746,24.23,0,0,9.8,,,
N1454,Blådalselva,2.66,,HDAM,NO,60.764629,5.385733,247,0.6,340.8,6.4,,,
N1473,Øynan,1.95,,HDAM,NO,60.507097,7.987644,88,,,5.8,,,
N1451,Tua,1.8,,HDAM,NO,63.948881,10.995817,132,,,4.9,,,
N1488,Imsland,5,,HDAM,NO,59.478233,5.990793,105,0,0,18.2,,,
N1494,Syrifossen,2.84,,HDAM,NO,60.641958,6.324919,113.3,,,9,,,
N1452,Stokkelandsåna,3.12,,HDAM,NO,58.359811,7.044606,137,,,8.35,,,
N1495,Kysinga,1.25,,HDAM,NO,63.01849,9.364756,135,,,4,,,
N1449,Bruvollelva,3.8,,HDAM,NO,64.266277,12.294282,109.4,0,0,12.4,,,
N1534,Råssåfoss,4.95,,HDAM,NO,62.827032,8.701812,,,,25.7,,,
N1543,Hopselva,4.62,,HDAM,NO,60.31221,5.669692,161,0.2,77.8,16,,,
N1544,Brandåa,4.05,,HDAM,NO,63.092293,9.222993,,0,,15.8,,,
N1545,Måren,5,,HDAM,NO,61.149409,6.074121,292.5,,,22.4,,,
N1547,Dalelva,3.1,,HDAM,NO,60.12831,6.233554,137,,,9.3,,,
N1550,Kylland,1.3,,HDAM,NO,58.541892,7.424548,93.4,,,3.8,,,
N1552,Rendalselva,2.8,,HDAM,NO,66.803557,13.763357,251.5,,,7.8,,,
N1461,Lappvikelva,2.7,,HDAM,NO,68.207772,17.366152,310,,,7,,,
N1564,Røstad,2.8,,HDAM,NO,63.673365,10.630911,83.2,,,9.5,,,
N1568,Sværen,3.2,,HDAM,NO,61.281879,6.497773,242,,,9.6,,,
N1574,Dvergsdalsdalen,2,,HDAM,NO,61.52312,6.424173,285,,,7.2,,,
N1576,Brunstad,3.34,,HDAM,NO,62.284418,6.67713,225.1,,,12.1,,,
N1578,Sya,1.2,,HDAM,NO,63.031194,9.697494,193.4,,,4.9,,,
N1588,Haugaelva,2,,HDAM,NO,60.191992,5.760381,206,,,7,,,
N1442,Landakraft,2,,HDAM,NO,59.913878,6.015132,182,,,8,,,
N1595,Lotsberg,1.45,,HDAM,NO,61.862941,6.098853,271,,,4,,,
N1596,Knutfoss,4.85,,HDAM,NO,64.522753,12.426384,60,,,16.5,,,
N1597,Skyggeelva,4.76,,HDAM,NO,61.359606,5.667534,,0,,14,,,
N1598,Mosbakka,4.05,,HDAM,NO,59.639354,6.298696,381.5,,,12.8,,,
N1599,Ølmedal,4.3,,HDAM,NO,59.499256,6.007593,158,,,14.3,,,
N1601,Veslefallet,4.9,,HDAM,NO,61.383113,11.142157,131.5,,,15.5,,,
N1487,Madland,1.88,,HDAM,NO,58.782886,6.09244,84,1,,8.5,,,
N1618,Ortnevik,1.2,,HDAM,NO,61.10668,6.128762,45,,,5.5,,,
N1691,Fossåno,1.85,,HDAM,NO,59.453528,6.357874,,,,6.6,,,
N1690,Ilaget,1.7,,HDAM,NO,59.939179,6.007823,450,,,7.88,,,
N1689,Alsaker,1.2,,HDAM,NO,59.762984,6.067266,157,,,5,,,
N1699,Haukali,1.65,,HDAM,NO,58.921596,6.1785,331,,,6,,,
N1518,Ringdal,5.85,,HDAM,NO,62.08921,6.853629,151.74,,,17.2,,,
N1647,Leiro,5,,HDAM,NO,60.406628,7.376671,80,,,8.4,,,
N1542,Seimsdal,6.5,,HDAM,NO,61.244244,7.656209,290,,,18,,,
N1570,Døla,2.1,,HDAM,NO,63.951327,11.65664,169,,,6.9,,,
N1572,Føssa,1.77,,HDAM,NO,62.984994,9.770796,313,0,0,5.3,,,
N1579,Storå,1.9,,HDAM,NO,68.074694,16.391316,136,0,0,4.5,,,
N1581,Kveaså,5.4,,HDAM,NO,59.146936,7.541037,369,,,12.8,,,
N1584,Gjesdal,3.7,,HDAM,NO,61.487222,6.120527,145,,,10.5,,,
N1586,Rodal,1.7,,HDAM,NO,63.161617,8.677545,155,,,6.1,,,
N1529,Oksarelva,1.2,,HDAM,NO,59.946481,5.961608,320,,,4.28,,,
N1476,Tjøtaelva,2.3,,HDAM,NO,61.751706,5.951292,380,,,8.11,,,
N1517,Nibbedalen,1.7,,HDAM,NO,62.072915,6.799724,62,,,4.9,,,
N1516,Langedalen,5,,HDAM,NO,62.072866,6.799832,80,,,21.1,,,
N1559,Berdalselva,4.35,,HDAM,NO,62.447204,7.490275,304.3,,,13.6,,,
N1606,Dversetelva,3.68,,HDAM,NO,67.161093,15.405711,108.75,,,9.5,,,
N1477,Søberg,5.2,,HDAM,NO,65.235725,12.657184,183.5,,,16,,,
N1453,Eidsetelva,1.8,,HDAM,NO,62.035618,5.886685,390,,,6,,,
N1502,Deveggåe,3,,HDAM,NO,60.251962,8.83648,,,,8.25,,,
N1507,Kvassteinåga,4.33,,HDAM,NO,66.127891,13.572895,156.6,,,15,,,
N1616,Dyrkorn,2.8,,HDAM,NO,62.420701,6.946711,220.8,0,0,10,,,
N1625,Ågskar,2.4,,HDAM,NO,66.228364,13.966382,202.7,,,6.1,,,
N1630,Åselva,3.5,,HDAM,NO,61.52042,6.340126,330,,,12,,,
N1651,Grøvla,2.43,,HDAM,NO,61.499777,5.975762,339,0,0,7,,,
N1652,Ravnåga,1.25,,HDAM,NO,66.42542,13.975207,38,,,5.75,,,
N1634,Oma,1.4,,HDAM,NO,60.221633,5.97853,163,,,5.08,,,
N1469,Finnesetbekken,1.43,,HDAM,NO,60.47897,9.249551,299.1,,,3.49,,,
N1653,Jølåna,1.68,,HDAM,NO,61.861655,6.223682,294,,,4.5,,,
N1633,Vik,1.52,,HDAM,NO,59.590444,5.601464,158,,,5,,,
N1644,Tuddal,1.6,,HDAM,NO,59.762315,8.776729,248,,,4.5,,,
N1658,Tveitelva,3.3,,HDAM,NO,60.164824,6.284669,233.3,,,11.4,,,
N1615,Lindåna,1.45,,HDAM,NO,58.470343,7.755458,135,,,4.3,,,
N1629,Vikaåne,1.25,,HDAM,NO,60.529699,7.806594,82.5,0,0,4.7,,,
N1713,Øvstedal,1.24,,HDAM,NO,62.482218,7.16262,301,,,4.3,,,
N1582,Dokkelva,5.49,,HDAM,NO,62.679671,8.137279,143,,,18.6,,,
N1583,Kanndalen,5.49,,HDAM,NO,62.675889,8.157595,261,,,20.5,,,
N1661,Nedrebø,1.42,,HDAM,NO,61.534608,6.235158,129.3,,,3.6,,,
N1580,Krogstadelva,4.7,,HDAM,NO,68.884472,18.420259,208.5,0,0,10.8,,,
N1587,Saksenvik,2.5,,HDAM,NO,67.110578,15.462681,38.7,,,6.7,,,
N1620,Dittielva,5.6,,HDAM,NO,68.656321,18.784474,283.5,0,0,9.85,,,
N1621,Mortensdalelva,2.1,,HDAM,NO,69.235952,19.835979,295,,,5.5,,,
N1622,Ellenelva,4.8,,HDAM,NO,69.380694,19.644744,176,,,13.2,,,
N1623,Saltdalelva,5,,HDAM,NO,69.515225,19.25669,214.53,,,16.1,,,
N1646,Vasstøl,4.85,,HDAM,NO,59.708008,6.857516,149,25.7,8660.9,24,,,
N1655,Embla,4.9,,HDAM,NO,62.217118,6.909777,411.65,,,16.5,,,
N1565,Viddal,5.49,,HDAM,NO,62.138258,6.611988,244,,,17,,,
N1727,Draura,2.5,,HDAM,NO,62.137521,6.650369,206.2,,,6,,,
N1455,Vågaåna,3.3,,HDAM,NO,59.49324,6.126577,422,,,9.8,,,
N1478,Sagelvi,2.3,,HDAM,NO,61.115428,6.466384,429,,,7.2,,,
N1608,Laksen,4.95,,HDAM,NO,65.786879,12.87525,78.7,45,8820,22.4,,,
N1669,Grytdalen,1.3,,HDAM,NO,63.109,8.558963,,9.8,,5.47,,,
N1519,Kangsliåga,3.1,,HDAM,NO,66.148018,13.850365,253.87,0,0,10,,,
N1566,Standal,5.49,,HDAM,NO,62.261338,6.416543,258,,,17.1,,,
N1567,Dalegjerdet,2.3,,HDAM,NO,62.254964,6.383926,191.6,,,6,,,
N1660,Nedre Neset,2.56,,HDAM,NO,58.512624,6.524099,117.8,,,7.8,,,
N1665,Bentsjord,2.66,,HDAM,NO,69.355405,20.093483,419,,,6.7,,,
N1666,Hovland,3,,HDAM,NO,61.593455,5.443195,429,,,9.5,,,
N1668,Strandos,1.93,,HDAM,NO,61.164459,5.53324,205,,,6.2,,,
N1715,Misfjord,1.4,,HDAM,NO,62.614782,7.044391,248,,,4,,,
N1714,Makkoren,4,,HDAM,NO,61.239979,6.247421,93,24.8,5629.6,17.8,,,
N1703,Jorda,2.55,,HDAM,NO,61.692166,9.694465,335,,,7.5,,,
N1693,Syversætre Foss,2.5,,HDAM,NO,60.62985,12.030383,7,,,10.5,,,
N1716,Hanestadnea,2.46,,HDAM,NO,61.78136,10.837233,90.6,,,8.4,,,
N1726,Åmot,2.2,,HDAM,NO,59.40732,9.503778,170,5.4,1938.6,8.8,,,
N1730,Lauvlielva,1.25,,HDAM,NO,61.069181,10.023725,153.5,,,3.3,,,
N1609,Svartvatn,1.79,,HDAM,NO,65.375521,12.753078,53,18.4,2281.6,5.5,,,
N1709,Lielva,1.15,,HDAM,NO,60.376473,9.635542,1.85,,,3.5,,,
N1705,Bordalsbekken,1.9,,HDAM,NO,59.363665,5.655345,205.4,,,5.9,,,
N1508,Urdsdalselva,2.8,,HDAM,NO,65.941912,13.064278,193,,,8.4,,,
N1571,Eldrevatn,4.9,,HDAM,NO,61.01993,8.127023,141.4,38.4,13401.6,24,,,
N1734,Usma,9.98,,HDAM,NO,63.11201,11.25758,286,0,0,30.5,,,
N1748,Litj-Hena,4.86,,HDAM,NO,63.04971,11.487127,260.7,,,12,,,
N1684,Skarelva,5,,HDAM,NO,68.183906,17.306387,437,,,12,,,
N1683,Torvikelva,1.24,,HDAM,NO,61.920706,5.797871,105.4,,,4.26,,,
N1670,Heiåi,2.4,,HDAM,NO,59.617762,8.430238,245,,,5,,,
N1679,Nordbøåna,1.6,,HDAM,NO,59.203152,8.509026,193,,,4.2,,,
N1673,Holdal,1.24,,HDAM,NO,59.73012,7.514655,216.6,,,3.5,,,
N1671,Ørtvatn,4.27,,HDAM,NO,66.40672,14.503245,54,1,132,11,,,
N1826,Herje,4.4,,HDAM,NO,62.668789,7.532345,363.4,0.95,817.95,13.8,,,
N1468,Svatsum 2,1.7,,HDAM,NO,61.333327,9.748778,288,0,0,8,,,
N1754,Lislevatn,4.2,,HDAM,NO,58.57946,7.967914,92.2,30.4,7083.2,19,,,
N1738,Fossan,4.95,,HDAM,NO,68.662854,17.697002,174.1,2.75,1127.5,18.3,,,
N1750,Tafjord 8,2.8,,HDAM,NO,62.112823,7.387787,84.1,59.7,11044.5,11.3,,,
N1778,Valken,9.2,,HDAM,NO,67.119331,15.495843,208.5,,,30,,,
N1796,Heggtveit,1.66,,HDAM,NO,59.340936,8.085801,335,,,4.5,,,
N1823,Ullestad,5.42,,HDAM,NO,59.1262,6.270215,214,,,21.5,,,
N1842,Nybuelvi,3.6,,HDAM,NO,60.553377,9.183276,539.9,,,7.1,,,
N1858,Tronstad,1.26,,HDAM,NO,59.882941,10.241988,106,0,0,6.5,,,
N1728,Folkedal,4.99,,HDAM,NO,60.504022,6.633338,369.3,6.03,4775.76,24.8,,,
N1815,Øvre Forsland,8.58,,HDAM,NO,66.050199,13.11736,154.8,,,33,,,
N1807,Hesjeberg,6.14,,HDAM,NO,68.730314,17.470616,254.6,,,14,,,
N1812,Tverrgjuvlo,5.7,,HDAM,NO,60.717129,6.120648,386.7,,,18.2,,,
N1808,Hommsåne,1.8,,HDAM,NO,59.24168,7.539549,271,,,5.1,,,
N1867,Grytneselva,5.9,,HDAM,NO,62.723486,8.114792,570.5,,,14.1,,,
N1843,Tverråni,3,,HDAM,NO,60.588828,9.172901,307,,,7.9,,,
N1677,Akslandselva,1.7,,HDAM,NO,59.709899,5.859765,332.5,,,6.06,,,
N1708,Forsanvatn,8.8,,HDAM,NO,67.950665,15.654038,253.6,0,0,35,,,
N1426,Meierifossen,1.36,,HDAM,NO,61.551138,6.350396,36,,,5.3,,,
N1624,Torsnes,9.1,,HDAM,NO,60.239467,6.201726,283.8,,,23,,,
N1648,Steinåga,5.4,,HDAM,NO,66.968249,14.431184,448,5.4,5783.4,23.5,,,
N1783,Østre Neset,1.64,,HDAM,NO,58.515352,6.536838,207.3,0.01,5.06,4.9,,,
N1784,Vestre Neset,1.46,,HDAM,NO,58.515389,6.53685,150.61,,,4.25,,,
N1792,Tisleifjord,1.65,,HDAM,NO,60.840607,9.018203,10.31,212.8,5745.6,6.5,,,
N1685,Langdalselva,4.3,,HDAM,NO,70.026561,22.099499,235,,,9.7,,,
N1729,Litleåna,3.2,,HDAM,NO,58.506117,7.034393,67,,,8.8,,,
N1798,Nivla,4.72,,HDAM,NO,61.023502,7.669865,184.9,,,11,,,
N1810,Sølia,1.96,,HDAM,NO,61.32197,5.495185,63,,,6.3,,,
N1809,Mjeldeelva,1.64,,HDAM,NO,69.543744,18.426351,140.3,,,5.7,,,
N1838,Selselva,5.36,,HDAM,NO,61.387342,5.61457,569.3,,,18.6,,,
N1872,Gosland,4.04,,HDAM,NO,60.608276,6.344046,325.9,,,10.9,,,
N1873,Kjørstad,2.5,,HDAM,NO,61.947485,5.891382,208.6,,,7.65,,,
N1824,Tverråna,3.26,,HDAM,NO,59.126243,6.270145,335,,,9.8,,,
N1874,Åkvisla,3.6,,HDAM,NO,61.340634,10.341534,121.65,8.8,2252.8,10,,,
N1678,Bele,2.9,,HDAM,NO,63.017618,8.527644,379,,,8.64,,,
N1877,Kvamselva,2.67,,HDAM,NO,61.382556,5.653961,247,,,8.8,,,
N1686,Muoidejohka,5.49,,HDAM,NO,66.811343,14.644825,481.5,,,18.5,,,
N1718,Tyttebærelva,1.46,,HDAM,NO,69.59951,19.958421,107,,,4.34,,,
N1719,Furegardane,5.49,,HDAM,NO,60.636372,6.17251,276,,,16.1,,,
N1722,Skravlåga,5,,HDAM,NO,66.112053,13.53764,259,,,19.3,,,
N1725,Tverråga,2.9,,HDAM,NO,66.044477,14.063695,424,,,9.1,,,
N1724,Leirelva,4.59,,HDAM,NO,66.044449,14.063713,254,,,14.4,,,
N1733,Kløvkraft,1.39,,HDAM,NO,59.909811,6.02943,222,,,4.89,,,
N1741,Nape,1.93,,HDAM,NO,59.194213,8.226579,145,,,7.6,,,
N1743,Vikaelva,5.4,,HDAM,NO,61.909997,6.698565,341,,,14.2,,,
N1745,Kverninga,2.83,,HDAM,NO,61.862136,11.122096,310,,,6.6,,,
N1746,Voldsetelva,4.94,,HDAM,NO,63.871533,10.796528,140,,,16,,,
N1749,Liarelva,1.9,,HDAM,NO,59.807051,5.982084,430.5,,,6.2,,,
N1751,Ryddøla,3.49,,HDAM,NO,61.924169,9.340514,247.3,,,8.9,,,
N1752,Eitro,4.1,,HDAM,NO,60.29424,5.923937,510.4,,,12.9,,,
N1757,Venna,2.8,,HDAM,NO,63.34793,9.281183,182.5,0.08,34.56,9.8,,,
N1758,Gråklubben,1.09,,HDAM,NO,60.199471,5.782251,319,,,3.5,,,
N1759,Rime,1.5,,HDAM,NO,60.441639,9.373697,165,,,4,,,
N1761,Skår,1.4,,HDAM,NO,62.128575,5.697751,319,,,4.7,,,
N1763,Forneselva,5.2,,HDAM,NO,69.596644,19.903016,114,,,12.3,,,
N1764,Fjelna,4.83,,HDAM,NO,63.199304,9.006507,82.5,,,17.3,,,
N1765,Kaldsåni,2.8,,HDAM,NO,59.540832,7.33328,204,,,6.29,,,
N1766,Reinåga,3.91,,HDAM,NO,66.037574,13.854985,567,0.01,13.58,12.8,,,
N1767,Vassvikelva,2.77,,HDAM,NO,59.913941,6.528615,268.6,,,7.7,,,
N1768,Stublielva,3,,HDAM,NO,68.353816,17.623417,230,,,8.3,,,
N1769,Valåe,1.93,,HDAM,NO,62.18582,8.495056,248,,,5.5,,,
N1770,Håra,4.9,,HDAM,NO,59.806021,6.771716,210.5,,,16.8,,,
N1773,Vaka,1.1,,HDAM,NO,59.634406,5.78242,258.66,,,4.65,,,
N1774,Seterkraft,4.74,,HDAM,NO,62.674848,8.430747,253.2,,,14.5,,,
N1732,Bergselva,5.4,,HDAM,NO,69.299368,19.985893,394,,,11.6,,,
N1386,Skålheim,1.44,,HDAM,NO,60.382486,6.170474,154,,,5,,,
N1399,Tinnkraft,2.9,,HDAM,NO,59.989813,8.700788,,,,8,,,
N1785,Storelvvatnet,5,,HDAM,NO,67.123345,16.193651,78.38,0,0,20.5,,,
N1879,Bøen II,2.99,,HDAM,NO,59.160988,6.223733,263,,,10.5,,,
N1776,Kvemma,5,,HDAM,NO,61.042128,7.767102,540,,,13.8,,,
N1723,Kinnforsen,2.95,,HDAM,NO,66.127928,13.61361,158,,,8.7,,,
N1756,Fykanvannet,2.35,,HDAM,NO,66.796795,14.000749,90,2.8,610.4,12,,,
N1880,Sesselva,5,,HDAM,NO,62.556419,7.161748,270.8,,,16.7,,,
N1806,Byro,3.2,,HDAM,NO,60.206675,6.562383,487.91,,,9.44,,,
N1881,Hestenes,1.88,,HDAM,NO,61.839773,6.007808,292,,,6.3,,,
N1676,Åkraelva,5.31,,HDAM,NO,59.794126,6.093596,288.9,,,16.4,,,
N1834,Leknesvatn,3.8,,HDAM,NO,61.434683,5.35534,253.7,9,5274,12.9,,,
N1835,Grunnevatn,1.13,,HDAM,NO,61.434635,5.355105,85.7,,,3.5,,,
N1772,Kulu,2.88,,HDAM,NO,60.616102,8.534165,233.5,,,6.8,,,
N1775,Tossevikelva,2.6,,HDAM,NO,60.418858,10.049833,307,,,7.1,,,
N1779,Snefjellå,2.7,,HDAM,NO,66.384845,13.991172,232.9,,,7.6,,,
N1782,Kvitvella,1.55,,HDAM,NO,60.986869,9.22719,15.56,,,4.95,,,
N1789,Fossbråten,2.9,,HDAM,NO,60.976724,9.295138,240,,,7,,,
N1883,Sølna,5.35,,HDAM,NO,62.116303,10.559259,63.5,,,15.7,,,
N1866,Dravlaus,4.18,,HDAM,NO,62.122897,5.937554,236,,,14.5,,,
N1864,Røneid,4.3,,HDAM,NO,61.417,7.257286,487.35,,,13.1,,,
N1805,Offervann,2.2,,HDAM,NO,70.360458,26.891966,10,32.2,933.8,7,,,
N1813,Kaldåna,2.99,,HDAM,NO,59.520335,6.191969,327.34,,,8.7,,,
N1791,Skripelandsfossen,2.6,,HDAM,NO,58.565786,8.225532,11.78,,,12.4,,,
N1844,Liaelva,1.5,,HDAM,NO,60.871615,9.454541,263.06,,,4.25,,,
N1786,Kvitno,9,,HDAM,NO,60.174717,6.546339,390.5,,,32.5,,,
N1794,Middøla,4.36,,HDAM,NO,59.929771,8.748934,276.7,,,12.5,,,
N1795,Follsjå,2.9,,HDAM,NO,59.659779,9.213667,99.7,0,0,13,,,
N1800,Nyvikelva,2.1,,HDAM,NO,64.818413,13.628673,83.5,,,6,,,
N1886,Hopland,5.89,,HDAM,NO,61.863325,6.321515,340,,,22.9,,,
N1829,Borgåna,1.95,,HDAM,NO,59.393861,5.929941,346.5,,,5.5,,,
N1850,Midtlæger,3.47,,HDAM,NO,59.833807,6.9935,153.5,36.5,13541.5,13.8,,,
N1836,Simavik,1.25,,HDAM,NO,69.835018,19.007529,211.1,4.5,2232,6,,,
N1814,Sundli,1.35,,HDAM,NO,63.256112,9.836418,207.5,4.01,1776.43,5.3,,,
N1851,Mannsberg,3.52,,HDAM,NO,61.277096,8.01826,160.34,24.5,9212,15.1,,,
N1853,Leiråa,5.5,,HDAM,NO,65.327052,12.918319,332.11,4.25,3417,27,,,
N1817,Rødset,2.15,,HDAM,NO,62.24194,6.904543,38,,,6.7,,,
N1818,Storvatnet,2,,HDAM,NO,67.962922,15.976403,103,,,8.6,,,
N1801,Fjellet,4.3,,HDAM,NO,59.400865,9.550383,183,23.5,10387,15.5,,,
N1890,Kvernåi,2.83,,HDAM,NO,62.07933,9.028445,366.3,,,7.1,,,
N1893,Holsen,8.6,,HDAM,NO,61.419767,6.158174,451.34,0,0,27,,,
N1860,Sørdalselva,2.7,,HDAM,NO,62.04192,5.701138,181.67,,,7.64,,,
N1822,Vossedalselvi,7.1,,HDAM,NO,60.646363,6.10383,540,,,20.3,,,
N1875,Tverrelva,4.98,,HDAM,NO,59.921765,5.904339,492.2,0.59,691.48,18.5,,,
N1895,Strupen,1.92,,HDAM,NO,61.704576,6.626982,78.95,,,7.2,,,
N1896,Daleelva,2.5,,HDAM,NO,61.699835,6.618192,93,,,9,,,
N1865,Jordalen 2,7.5,,HDAM,NO,60.869995,6.724412,87,,,19,,,
N1854,Bjørnstokk,8.2,,HDAM,NO,65.333721,12.946032,264.2,,,24.8,,,
N1876,Storelvi,4.04,,HDAM,NO,60.262074,6.624444,645.27,,,10.8,,,
N1830,Mølnbekken,1.55,,HDAM,NO,65.965345,13.766672,148.26,0.2,59.4,5.5,,,
N1825,Grønlielva,2.4,,HDAM,NO,68.970847,17.776604,169.02,,,7.1,,,
N1902,Kupe,3.2,,HDAM,NO,61.639534,5.098009,323.9,,,11,,,
N1811,Mela,3.74,,HDAM,NO,64.254483,12.545905,259,0.81,486.81,12.7,,,
N1900,Straume,5,,HDAM,NO,59.065744,7.581129,396.64,0.06,53.1,15,,,
N1861,Tysseelva,5.55,,HDAM,NO,59.394732,6.216533,347.85,,,17.25,,,
N1820,Sleveåne,5.5,,HDAM,NO,60.10166,6.552241,742,,,17,,,
N1892,Brekkefossen,3.8,,HDAM,NO,61.311227,5.517247,86,,,9.6,,,
N1910,Hatlestad,4.49,,HDAM,NO,61.384128,6.737623,626.35,,,12.1,,,
N1911,Romøyri,8.63,,HDAM,NO,61.285947,6.684627,528,,,23.94,,,
N1912,Lidal,7.82,,HDAM,NO,61.331688,6.713779,636.9,,,22,,,
N1916,Søkkunda,9,,HDAM,NO,61.370997,11.098058,239,6.4,3136,25,,,
N1913,Jordal,6.06,,HDAM,NO,61.334108,6.687803,256,,,20.8,,,
N1924,Geitåni,4.62,,HDAM,NO,60.649557,6.007385,264,,,15.6,,,
N1914,Berge,7.96,,HDAM,NO,61.3765,6.750578,425,,,22.3,,,
N1915,Bjåstad,5.19,,HDAM,NO,61.376385,6.750451,385.83,,,14.4,,,
N1696,Hynna,4.53,,HDAM,NO,63.057755,11.43934,135.7,0,0,13.5,,,
N1928,Mølleelva,4.5,,HDAM,NO,69.950044,23.06281,395.64,,,11.9,,,
N1855,Tverråa,4.7,,HDAM,NO,65.329941,12.971645,105,,,16,,,
N1935,Grøslandselva,5.02,,HDAM,NO,60.417901,9.375481,203.2,,,9.9,,,
N1930,Espeelvi,4.56,,HDAM,NO,60.205642,6.603579,615,,,12,,,
N1921,Helgheim,2.7,,HDAM,NO,61.561844,6.403492,241.7,,,7.4,,,
N1846,Gjønaelva,3.2,,HDAM,NO,60.260097,5.865826,238.5,,,10.1,,,
N1906,Bråberg,1.95,,HDAM,NO,60.246177,6.563194,153,,,6.4,,,
N1901,Sigdestad,8.99,,HDAM,NO,61.834199,5.664874,139.7,,,28,,,
N1888,Myklebost,5.32,,HDAM,NO,61.524872,6.35634,190,,,20,,,
N1922,Timbra,2.9,,HDAM,NO,61.752008,6.585757,355,,,9.5,,,
N1937,Sandneselva,2.29,,HDAM,NO,60.798952,5.319236,212.73,,,6.8,,,
N1944,Haugafossen,5.43,,HDAM,NO,60.28032,6.264236,42,,,15,,,
N1936,Fiskløysa,5.1,,HDAM,NO,64.465473,14.03276,187.1,,,18.2,,,
N1931,Langedal,3,,HDAM,NO,61.563993,5.572292,138,,,12.6,,,
N1821,Vangjolo,9.5,,HDAM,NO,60.603565,6.362556,481.55,,,26.7,,,
N1891,Vengåa,4.55,,HDAM,NO,62.558565,7.842979,291,,,11,,,
N1628,Vika,1.1,,HDAM,NO,66.317068,14.140187,39.25,,,6.5,,,
N1907,Eldao,9.8,,HDAM,NO,61.46122,7.03845,201,,,29,,,
N1945,Grytendal,6.35,,HDAM,NO,65.184825,12.798047,165.2,0.18,70.56,21.3,,,
N1952,Tenneelva,3.4,,HDAM,NO,62.070161,5.830044,403.9,,,10.3,,,
N1953,Skorga,2.9,,HDAM,NO,62.720174,7.770032,319,,,10,,,
N1856,Storelva,8,,HDAM,NO,65.323082,12.995377,87.1,,,23,,,
N1958,Vaksvik,7.74,,HDAM,NO,62.450298,6.895947,189,,,21,,,
N1908,Svardøla,9.2,,HDAM,NO,61.490419,6.983725,397,,,,,,
N1849,Storåvatn 1,8,,HDAM,NO,66.474322,13.396543,442.5,17.8,19775.8,,,,
N1904,Sagelva,2.8,,HDAM,NO,63.462784,11.512801,162.5,,,,,,
N1959,Trontveitåna,1.24,,HDAM,NO,59.091539,8.490987,194,,,,,,
N1933,Setredalen,4.7,,HDAM,NO,61.834837,5.6077,376.5,5.2,4680,,,,
N1960,Kvitåi,2.58,,HDAM,NO,59.887912,8.706707,267.5,,,,,,
N1932,Rusdalsåni,5.49,,HDAM,NO,58.588596,6.506877,206,,,,,,
N1961,Røfsdalselva,3.21,,HDAM,NO,62.077005,5.72963,212.3,,,,,,
N1978,Nye Suvdøla,9,,HDAM,NO,59.1495,8.815056,347,,,,,,
N1977,Todøla,3.2,,HDAM,NO,60.527584,9.177261,70,,,,,,
N1929,Anga,7.8,,HDAM,NO,61.463958,5.910921,56,,,,,,
N1942,Steindal (Støylselva),3.1,,HDAM,NO,61.530864,5.459099,178.9,,,,,,
N1941,Steindal (Steindal),4.2,,HDAM,NO,61.530856,5.459221,183.4,,,,,,
N1938,Søråni,7.7,,HDAM,NO,58.849841,7.819366,235,,,,,,
N1950,Vassenden,8.56,,HDAM,NO,66.123043,13.257638,416.7,,,,,,
N1962,Helgåa,2.08,,HDAM,NO,62.061383,5.752021,376.51,,,,,,
N1993,Bakkeelva,2.5,,HDAM,NO,61.370522,5.188117,222,,,,,,
N1979,Holen,8.2,,HDAM,NO,61.355592,7.086449,234.35,,,,,,
N1996,Kaldåga,2.1,,HDAM,NO,68.33866,16.865815,294,,,,,,
N1970,Ljotå,1.65,,HDAM,NO,60.184534,5.729115,153.1,,,,,,
N1968,Slemmå,1.8,,HDAM,NO,62.682731,7.608338,312.2,,,,,,
N1988,Tverrdalselvi,6.03,,HDAM,NO,61.448104,6.73452,225.3,,,,,,
N2005,Mølnåa,1.5,,HDAM,NO,63.198733,11.140815,131.65,,,,,,
N2006,Løkkebø,2.16,,HDAM,NO,61.618144,5.567973,151.85,,,,,,
N2010,Hemså,1.7,,HDAM,NO,58.721392,6.729143,189.8,,,,,,
N2009,Sandvand,1.48,,HDAM,NO,58.485306,6.791249,121.5,0.08,22.08,,,,
N2008,Liemyr,1.42,,HDAM,NO,58.533891,6.744298,31,,,,,,
N2012,Malmelva,2.1,,HDAM,NO,62.796685,7.225633,64.5,,,,,,
N2015,Stølselva,2.2,,HDAM,NO,61.426922,6.011957,302.68,,,,,,
N1972,Gudåa,4.6,,HDAM,NO,63.438872,11.616029,248,,,,,,
N1965,Kjeldalselva,5,,HDAM,NO,69.290812,19.910354,233.7,,,,,,
N1973,Sædalen,4.4,,HDAM,NO,60.491297,5.771373,160,,,,,,
N2013,Valdra,3.5,,HDAM,NO,59.727955,5.942801,280.3,,,,,,
N1998,Skeidsflåten,4.8,,HDAM,NO,61.448974,6.742747,82.2,,,,,,
N1982,Øvre Leiråga,8.51,,HDAM,NO,66.442256,13.842201,183.3,,,,,,
N1987,Botna,1.9,,HDAM,NO,61.432931,6.755906,332.5,,,,,,
N1983,Nedre Leiråga,3.15,,HDAM,NO,66.441674,13.86279,34.65,,,,,,
N1869,Storlia,8.5,,HDAM,NO,60.390513,7.391766,84.5,,,,,,
N71,Eidsfossen,9.94,,HDAM,NO,61.756715,6.245702,33.8,,,50.2573,,,
N1963,Nørlandselva,4.9,,HDAM,NO,60.822291,5.381364,129.1,,,,,,
N2023,Bordalselva,2.2,,HDAM,NO,62.777906,7.673224,296,,,,,,
N2032,Svandalen,3.09,,HDAM,NO,59.624956,6.242852,204.2,,,,,,
N1990,Osdalen,4.3,,HDAM,NO,61.992549,6.358703,176.5,11,4378,,,,
N2002,Bjørgelva,2.42,,HDAM,NO,69.144622,17.945353,232.3,,,,,,
N2003,Nessane,8.6,,HDAM,NO,61.13531,6.272163,263.2,,,,,,
N2037,Røyrvik,1.45,,HDAM,NO,61.684418,5.838201,69.6,,,,,,
N2029,Duvedalen,3.3,,HDAM,NO,60.960885,5.48906,270.5,,,,,,
N2021,Fivelandselva,3.06,,HDAM,NO,59.674717,6.418735,244.74,,,,,,
N1957,Veiski,6.6,,HDAM,NO,67.331657,15.976916,118.3,,,,,,
N1991,Vesle Kjela,8.5,,HDAM,NO,59.787693,7.251534,60.6,,,,,,
N1966,Salvasskardelva,9.3,,HDAM,NO,68.652366,18.897696,139,,,,,,
N2030,Storelva,3.64,,HDAM,NO,60.977974,5.48821,65.5,,,,,,
N2019,Trollvikelva,7.7,,HDAM,NO,69.525221,20.765212,410,,,,,,
N1999,Dyrdalselva,3.3,,HDAM,NO,61.116097,6.01307,219,,,,,,
N1697,Boen Foss,3.6,,HDAM,NO,58.245048,8.1401,12.8,,,6,,,
N2033,Hinøgla,3.2,,HDAM,NO,61.495152,9.278089,94,,,,,,
N1980,Hellifossen,8.6,,HDAM,NO,65.066945,12.3519,127,1.68,488.88,,,,
N204,Kjosfoss,4.2,,HDAM,NO,60.747019,7.134844,95,10.5,2278.5,25.0766,,,
N1986,Salhuselva,3.3,,HDAM,NO,67.805099,15.773792,195,,,,,,
N1642,Nydalselva,5.25,,HDAM,NO,61.620704,6.442709,605,,,17.6,,,
N2049,Nedre Russvik,2.8,,HDAM,NO,68.127445,16.521809,100.2,0.64,147.84,,,,
N2050,Øvre Russvik,5,,HDAM,NO,68.135978,16.546919,421.7,,,,,,
N2031,Raukforsen,5.6,,HDAM,NO,67.671732,16.060866,75.75,,,,,,
N1981,Breivikelva,8.59,,HDAM,NO,67.054756,14.478863,305.5,,,,,,
N217,Kuli,6,,HDAM,NO,58.716285,6.632243,163.5,40,13880,20.4983,,,
